ADM_CD,ADM_NM,risk_youth,risk_middle,risk_elderly,youth_pop_n,youth_move_n,infra_youth_middle,middle_pop_n,middle_move_n,elderly_pop_n,elderly_move_n,infra_elderly,cluster,cluster_name,의료밀도,복지밀도,교통밀도,medical_deficit_flag,welfare_deficit_flag,transport_deficit_flag,medical_severe_flag,welfare_severe_flag,transport_severe_flag,deficit_count,deficit_level,deficit_detail,policy_package,policy_basis_text,policy_youth,policy_middle,policy_elderly,policy_status,implementation_timing,current_policy,scheduled_policy
11010530,사직동,13.375807523663063,10.6327135042139,40.568695512504114,44.18400215732238,11.347517730496463,0.0,36.12214740272631,8.520710059171591,35.010017981613515,20.591715976331383,58.57686960992317,1,도심상업형,6.467977171845275,0.5449591280653951,4.565630944831959,0,1,0,0,1,0,1,1형: 단일 결핍형,복지,"동 중심 원스톱 통합돌봄, 돌봄SOS, 1인가구 건강·이사·마음 동행서비스, 고립가구 위기정보 기반 발굴",복지밀도 하위30%,서울청년기지개센터·기지개LAB 집중 발굴 / 외로움 없는 서울 관계형성 프로그램,행정정보 기반 위기가구 선제 발굴 / 우리동네돌봄단 안부확인 / 중장년 취업사관학교·50+캠퍼스 연계,동 중심 원스톱 통합돌봄 우선 적용 / 돌봄SOS / 9988 서울 프로젝트 리액트 라운지 연계 / 시니어 취업사관학교 5개소 연계,현행·지속 + 2026년 신규 시행 중,2026.3 신규 시행·현재 시행 중 / 2026년 확대 추진 중,"동 중심 원스톱 통합돌봄(2026.3 신규 시행), 돌봄SOS(현행), 우리동네돌봄단(현행), 고립가구 위기정보 기반 발굴 시스템(2026년 도입), 1인가구 건강·이사·마음 동행서비스(2026년 통합지원)",9988 서울 프로젝트 리액트 센터(~2035년 중장기 조성)
11010540,삼청동,49.33991408697426,52.8630328186614,55.08666052603039,33.73373539568386,84.86997635933805,21.612941160255662,33.39697408048792,93.84615384615384,34.36822549011092,98.81656804733728,30.282703580978136,2,활동적 도심형,3.5070140280561124,3.3444816053511706,8.517034068136272,0,0,0,0,0,0,0,0형: 인프라 양호형,없음,"외로움 없는 서울, 1인가구 맞춤형 지원, 마음건강서비스 안내 및 정기 모니터링",인프라 상대 양호,서울마음편의점·외로움 없는 서울 관계형성 프로그램 안내 / 정기 모니터링 / 365 서울챌린지·참여형 안부확인 적립금 연계,1인가구 건강·이사·마음 동행서비스 안내 / 정기 모니터링 / 365 서울챌린지·참여형 안부확인 적립금 연계,노인맞춤돌봄서비스 안내 / 9988 서울 프로젝트 정보 제공 / 정기 모니터링 / 365 서울챌린지·참여형 안부확인 적립금 연계 / 시니어 취업사관학교 5개소 연계,현행·지속 운영 + 정기 모니터링,2026년 지속,"외로움 없는 서울(현행·확대), 우리동네돌봄단(현행), 1인가구 건강·이사·마음 동행서비스(2026년 통합지원)",1인가구 지원 5개년 종합계획(2027~2031 수립 추진)
11010550,부암동,57.16096786370086,59.09896682272172,59.97608252159108,26.44472827235276,80.61465721040189,49.06539831267387,25.52971796163364,85.9171597633136,26.566810962841554,87.81065088757397,53.1755389297153,2,활동적 도심형,0.2531645569620253,2.688172043010753,4.30379746835443,1,0,0,1,0,0,1,1형: 단일 결핍형,의료,"서울건강장수센터·방문건강관리, 자치구 마음상담소·심리상담바우처, 공공의료 접근성 안내",의료밀도 하위30%,자치구 마음상담소·심리상담바우처 / 고립·은둔청년 온라인 진입 서비스 안내,행정정보 기반 위기가구 선제 발굴 / 자치구 마음상담소·심리상담바우처 / 손목닥터9988 우울·불안 자가검진 안내,서울건강장수센터·방문건강관리 연계 / 돌봄SOS 안내 / 손목닥터9988 우울·불안 자가검진 연계,현행·지속 + 2026년 확대 추진 중,2026년 확대 추진 중,"서울건강장수센터(2026년 33개소 확대), 방문건강관리(현행), 자치구 마음상담소(현행·확대), 심리상담바우처(현행·확대), 손목닥터9988(2026년 확대)","서울동행맵 AI 음성 안내(2026년 3분기 예정), 서울동행맵 보행경로 내비게이션(2026년 4분기 예정)"
11010560,평창동,55.86008417423352,50.49293841331697,40.28502740626863,11.885234469472758,88.17966903073287,45.52792417011455,17.50351828256877,71.95266272189349,24.36783543989535,66.8639053254438,26.68687434307607,2,활동적 도심형,0.6724497343823549,4.458066313736417,3.631228565664717,1,0,0,1,0,0,1,1형: 단일 결핍형,의료,"서울건강장수센터·방문건강관리, 자치구 마음상담소·심리상담바우처, 공공의료 접근성 안내",의료밀도 하위30%,자치구 마음상담소·심리상담바우처 / 고립·은둔청년 온라인 진입 서비스 안내,행정정보 기반 위기가구 선제 발굴 / 자치구 마음상담소·심리상담바우처 / 손목닥터9988 우울·불안 자가검진 안내,서울건강장수센터·방문건강관리 연계 / 돌봄SOS 안내 / 손목닥터9988 우울·불안 자가검진 연계,현행·지속 + 2026년 확대 추진 중,2026년 확대 추진 중,"서울건강장수센터(2026년 33개소 확대), 방문건강관리(현행), 자치구 마음상담소(현행·확대), 심리상담바우처(현행·확대), 손목닥터9988(2026년 확대)","서울동행맵 AI 음성 안내(2026년 3분기 예정), 서울동행맵 보행경로 내비게이션(2026년 4분기 예정)"
11010570,무악동,75.15041929837301,76.13866193504157,63.30582628220053,4.476149736532965,99.29078014184395,86.34719323582205,9.65572793729152,99.17159763313607,23.19113261388957,97.8698224852071,54.25147086577807,2,활동적 도심형,0.9220839096357768,3.331112591605596,0.9220839096357768,1,0,1,1,0,1,2,2형: 복합 결핍형,의료·교통,"서울건강장수센터·방문건강관리, 서울동행맵, 저상버스·교통약자 이동지원, 마을버스 서비스 개선","의료밀도 하위30%, 교통밀도 하위30%",고립·은둔청년 온라인 진입 서비스 및 지역거점 15개소 우선 안내 / 자치구 마음상담소·심리상담바우처 / 서울동행맵 기반 이동지원 안내,행정정보 기반 위기가구 선제 발굴 우선지역 지정 / 중장년 취업사관학교·50+캠퍼스 상담·훈련·취업·사후관리 / 서울동행맵·저상버스 이동지원 안내 / 자치구 마음상담소 연계 / 손목닥터9988 우울·불안 자가검진 안내,서울건강장수센터·방문건강관리 연계 / 서울동행맵(AI 음성안내·보행경로) 우선 안내 / 저상버스·장애인콜택시·바우처택시 이동지원 / 9988 서울 프로젝트 우리동네 리액트 라운지 연계 / 손목닥터9988 우울·불안 자가검진 연계,현행·지속 + 2026년 확대 추진 중 + 2026년 시행 예정 연계,2026년 확대 추진 중 / 2026.3Q~4Q 예정,"서울건강장수센터(2026년 33개소 확대), 방문건강관리(현행), 서울동행맵(현행·고도화 추진), 저상버스 확대(2026년 추진), 장애인콜택시 증차(2026년 추진), 바우처택시(현행), 마을버스 서비스 개선(2026년 추진), 손목닥터9988(2026년 확대), 자치구 마음상담소(현행·확대)","서울동행맵 AI 음성 안내(2026년 3분기 예정), 서울동행맵 보행경로 내비게이션(2026년 4분기 예정)"
11010580,교남동,54.22396308240165,52.60466026972536,51.93029422264093,23.76938524172764,90.18912529550828,33.48608978963202,23.033370290072792,86.50887573964498,32.619004455978185,89.46745562130178,31.317519697754832,2,활동적 도심형,3.1788727228267515,3.5650623885918,3.0566083873334144,0,0,0,0,0,0,0,0형: 인프라 양호형,없음,"외로움 없는 서울, 1인가구 맞춤형 지원, 마음건강서비스 안내 및 정기 모니터링",인프라 상대 양호,서울마음편의점·외로움 없는 서울 관계형성 프로그램 안내 / 정기 모니터링 / 365 서울챌린지·참여형 안부확인 적립금 연계,1인가구 건강·이사·마음 동행서비스 안내 / 정기 모니터링 / 365 서울챌린지·참여형 안부확인 적립금 연계,노인맞춤돌봄서비스 안내 / 9988 서울 프로젝트 정보 제공 / 정기 모니터링 / 365 서울챌린지·참여형 안부확인 적립금 연계 / 시니어 취업사관학교 5개소 연계,현행·지속 운영 + 정기 모니터링,2026년 지속,"외로움 없는 서울(현행·확대), 우리동네돌봄단(현행), 1인가구 건강·이사·마음 동행서비스(2026년 통합지원)",1인가구 지원 5개년 종합계획(2027~2031 수립 추진)
11010600,가회동,51.39270745281903,60.69095684892925,48.35543768287706,30.66885823448769,66.903073286052,46.24426622875173,35.58163640252735,87.6923076923077,36.77966537854987,87.2189349112426,23.27306086273817,2,활동적 도심형,0.5875440658049353,4.728132387706856,6.462984723854289,1,0,0,1,0,0,1,1형: 단일 결핍형,의료,"서울건강장수센터·방문건강관리, 자치구 마음상담소·심리상담바우처, 공공의료 접근성 안내",의료밀도 하위30%,자치구 마음상담소·심리상담바우처 / 고립·은둔청년 온라인 진입 서비스 안내,행정정보 기반 위기가구 선제 발굴 / 자치구 마음상담소·심리상담바우처 / 손목닥터9988 우울·불안 자가검진 안내,서울건강장수센터·방문건강관리 연계 / 돌봄SOS 안내 / 손목닥터9988 우울·불안 자가검진 연계,현행·지속 + 2026년 확대 추진 중,2026년 확대 추진 중,"서울건강장수센터(2026년 33개소 확대), 방문건강관리(현행), 자치구 마음상담소(현행·확대), 심리상담바우처(현행·확대), 손목닥터9988(2026년 확대)","서울동행맵 AI 음성 안내(2026년 3분기 예정), 서울동행맵 보행경로 내비게이션(2026년 4분기 예정)"
11010610,종로1·2·3·4가동,16.673317651381318,17.089592739872497,35.2945649730444,81.71174192120922,0.8274231678486785,0.0,84.26453174669972,0.5917159763313862,100.0,0.0,33.98792216232089,1,도심상업형,18.823157228725087,2.3054755043227666,11.546978804175891,0,1,0,0,0,0,1,1형: 단일 결핍형,복지,"동 중심 원스톱 통합돌봄, 돌봄SOS, 1인가구 건강·이사·마음 동행서비스, 고립가구 위기정보 기반 발굴",복지밀도 중앙값 미만,서울청년기지개센터·기지개LAB 집중 발굴 / 외로움 없는 서울 관계형성 프로그램,행정정보 기반 위기가구 선제 발굴 / 우리동네돌봄단 안부확인 / 중장년 취업사관학교·50+캠퍼스 연계,동 중심 원스톱 통합돌봄 우선 적용 / 돌봄SOS / 9988 서울 프로젝트 리액트 라운지 연계 / 시니어 취업사관학교 5개소 연계,현행·지속 + 2026년 신규 시행 중,2026.3 신규 시행·현재 시행 중 / 2026년 확대 추진 중,"동 중심 원스톱 통합돌봄(2026.3 신규 시행), 돌봄SOS(현행), 우리동네돌봄단(현행), 고립가구 위기정보 기반 발굴 시스템(2026년 도입), 1인가구 건강·이사·마음 동행서비스(2026년 통합지원)",9988 서울 프로젝트 리액트 센터(~2035년 중장기 조성)
11010630,종로5·6가동,31.475845148178465,23.12425966045918,28.924552172241704,82.43832739573864,37.47044917257684,0.0,60.7100556987456,27.45562130177516,63.26303973912367,11.834319526627226,26.95540531132765,1,도심상업형,11.717974180734856,2.808988764044944,5.362462760675273,0,0,0,0,0,0,0,0형: 인프라 양호형,없음,"외로움 없는 서울, 1인가구 맞춤형 지원, 마음건강서비스 안내 및 정기 모니터링",인프라 상대 양호,서울마음편의점·외로움 없는 서울 관계형성 프로그램 안내 / 정기 모니터링 / 365 서울챌린지·참여형 안부확인 적립금 연계,1인가구 건강·이사·마음 동행서비스 안내 / 정기 모니터링 / 365 서울챌린지·참여형 안부확인 적립금 연계,노인맞춤돌봄서비스 안내 / 9988 서울 프로젝트 정보 제공 / 정기 모니터링 / 365 서울챌린지·참여형 안부확인 적립금 연계 / 시니어 취업사관학교 5개소 연계,현행·지속 운영 + 정기 모니터링,2026년 지속,"외로움 없는 서울(현행·확대), 우리동네돌봄단(현행), 1인가구 건강·이사·마음 동행서비스(2026년 통합지원)",1인가구 지원 5개년 종합계획(2027~2031 수립 추진)
11010640,이화동,29.29617343036504,26.080232356467064,21.67783001339805,73.8353734848688,5.319148936170194,31.003597897308005,48.275622792452985,10.059171597633153,44.38518347419945,17.51479289940829,14.823590675033923,1,도심상업형,2.795899347623485,5.109489051094891,3.417210313762038,0,0,0,0,0,0,0,0형: 인프라 양호형,없음,"외로움 없는 서울, 1인가구 맞춤형 지원, 마음건강서비스 안내 및 정기 모니터링",인프라 상대 양호,서울마음편의점·외로움 없는 서울 관계형성 프로그램 안내 / 정기 모니터링 / 365 서울챌린지·참여형 안부확인 적립금 연계,1인가구 건강·이사·마음 동행서비스 안내 / 정기 모니터링 / 365 서울챌린지·참여형 안부확인 적립금 연계,노인맞춤돌봄서비스 안내 / 9988 서울 프로젝트 정보 제공 / 정기 모니터링 / 365 서울챌린지·참여형 안부확인 적립금 연계 / 시니어 취업사관학교 5개소 연계,현행·지속 운영 + 정기 모니터링,2026년 지속,"외로움 없는 서울(현행·확대), 우리동네돌봄단(현행), 1인가구 건강·이사·마음 동행서비스(2026년 통합지원)",1인가구 지원 5개년 종합계획(2027~2031 수립 추진)
11010670,창신1동,37.72911225910253,39.18315507088711,48.141691787538015,42.07345727660008,73.28605200945627,0.0,46.09329014733495,74.9112426035503,73.17705907659754,55.26627218934912,31.47352156876959,1,도심상업형,7.29068673565381,2.4855012427506216,4.233301975540922,0,0,0,0,0,0,0,0형: 인프라 양호형,없음,"외로움 없는 서울, 1인가구 맞춤형 지원, 마음건강서비스 안내 및 정기 모니터링",인프라 상대 양호,서울마음편의점·외로움 없는 서울 관계형성 프로그램 안내 / 정기 모니터링 / 365 서울챌린지·참여형 안부확인 적립금 연계,1인가구 건강·이사·마음 동행서비스 안내 / 정기 모니터링 / 365 서울챌린지·참여형 안부확인 적립금 연계,노인맞춤돌봄서비스 안내 / 9988 서울 프로젝트 정보 제공 / 정기 모니터링 / 365 서울챌린지·참여형 안부확인 적립금 연계 / 시니어 취업사관학교 5개소 연계,현행·지속 운영 + 정기 모니터링,2026년 지속,"외로움 없는 서울(현행·확대), 우리동네돌봄단(현행), 1인가구 건강·이사·마음 동행서비스(2026년 통합지원)",1인가구 지원 5개년 종합계획(2027~2031 수립 추진)
11010680,창신2동,76.50416347936867,81.07471799028221,76.68510305734684,22.415466117413825,96.6903073286052,83.36236831110955,41.48909001558245,98.57988165680472,55.04555737406079,98.10650887573964,69.64158550227955,2,활동적 도심형,1.1378182335371925,2.1390374331550803,0.9955909543450432,1,1,1,0,0,1,3,3형: 삼중 결핍형,의료·복지·교통,"동 중심 원스톱 통합돌봄, 돌봄SOS, 외로움 없는 서울(서울마음편의점·서울잇다플레이스), 고립가구 위기정보 기반 발굴·우리동네돌봄단, 1인가구 건강·이사·마음 동행서비스, 서울동행맵·저상버스·교통약자 이동지원, 자치구 마음상담소·심리상담바우처","의료밀도 중앙값 미만, 복지밀도 중앙값 미만, 교통밀도 하위30%",서울청년기지개센터·기지개LAB 사회진입 지원 / 고립·은둔청년 온라인 서비스·지역거점 우선 안내 / 서울마음편의점·자치구 마음상담소·심리상담바우처 / 외로움 없는 서울 관계형성 프로그램 / 서울동행맵 이동 안내 / 365 서울챌린지·참여형 안부확인 적립금 연계,행정정보 기반 위기가구 선제 발굴 우선지역 지정 / 우리동네돌봄단 안부확인 / 1인가구 건강·이사·마음 동행서비스 / 중장년 취업사관학교(50+캠퍼스) 원스톱 취업지원 / 자치구 마음상담소·심리상담바우처 / 서울동행맵·저상버스·교통약자 이동지원 안내 / 손목닥터9988 우울·불안 자가검진 안내 / 365 서울챌린지·참여형 안부확인 적립금 연계,동 중심 원스톱 통합돌봄 우선 적용 / 돌봄SOS 긴급돌봄·중장기 돌봄연계 / 9988 서울 프로젝트(리액트 센터·라운지·시니어 동행상점·어르신 일자리) / 서울건강장수센터·방문건강관리 / 서울동행맵·저상버스·장애인콜택시 이동지원 / 어르신 돌봄시설 확충 우선 검토 / 손목닥터9988 우울·불안 자가검진 연계 / 365 서울챌린지·참여형 안부확인 적립금 연계 / 시니어 취업사관학교 5개소 연계,현행·지속 + 2026년 신규 시행 중 + 2026년 시행 예정 연계,2026.3 신규 시행·현재 시행 중 / 2026.3Q~4Q 예정,"동 중심 원스톱 통합돌봄(2026.3 신규 시행), 돌봄SOS(현행), 외로움 없는 서울(현행·확대), 우리동네돌봄단(현행), 고립가구 위기정보 기반 발굴 시스템(2026년 도입), 1인가구 건강·이사·마음 동행서비스(2026년 통합지원), 서울건강장수센터(2026년 33개소 확대), 방문건강관리(현행), 자치구 마음상담소(현행·확대), 심리상담바우처(현행·확대), 손목닥터9988(2026년 확대), 365 서울챌린지(2026년 추진), 참여형 안부확인 적립금(2026년 추진), 저상버스 확대(2026년 추진), 장애인콜택시 증차(2026년 추진), 바우처택시(현행)","서울동행맵 AI 음성 안내(2026년 3분기 예정), 서울동행맵 보행경로 내비게이션(2026년 4분기 예정), 9988 서울 프로젝트 리액트 센터(~2035년 중장기 조성)"
11010690,창신3동,,,,14.305237512830695,99.76359338061464,,18.48191551088733,100.0,31.51595524980529,99.76331360946746,,-1,미분류,,3.058103975535168,2.476561117990448,0,0,0,0,0,0,0,0형: 인프라 양호형,없음,"외로움 없는 서울, 1인가구 맞춤형 지원, 마음건강서비스 안내 및 정기 모니터링",인프라 상대 양호,서울마음편의점·외로움 없는 서울 관계형성 프로그램 안내 / 정기 모니터링 / 365 서울챌린지·참여형 안부확인 적립금 연계,1인가구 건강·이사·마음 동행서비스 안내 / 정기 모니터링 / 365 서울챌린지·참여형 안부확인 적립금 연계,노인맞춤돌봄서비스 안내 / 9988 서울 프로젝트 정보 제공 / 정기 모니터링 / 365 서울챌린지·참여형 안부확인 적립금 연계 / 시니어 취업사관학교 5개소 연계,현행·지속 운영 + 정기 모니터링,2026년 지속,"외로움 없는 서울(현행·확대), 우리동네돌봄단(현행), 1인가구 건강·이사·마음 동행서비스(2026년 통합지원)",1인가구 지원 5개년 종합계획(2027~2031 수립 추진)
11010700,숭인1동,58.92467792123308,61.707519818728585,64.87171834602077,30.23027771449177,95.50827423167848,36.6882817141583,39.89476347597719,97.63313609467455,47.69141868693054,91.59763313609469,51.7205844688923,2,활동적 도심형,1.720183486238532,2.349256068911512,4.204892966360856,0,1,0,0,0,0,1,1형: 단일 결핍형,복지,"동 중심 원스톱 통합돌봄, 돌봄SOS, 1인가구 건강·이사·마음 동행서비스, 고립가구 위기정보 기반 발굴",복지밀도 중앙값 미만,서울청년기지개센터·기지개LAB 집중 발굴 / 외로움 없는 서울 관계형성 프로그램,행정정보 기반 위기가구 선제 발굴 / 우리동네돌봄단 안부확인 / 중장년 취업사관학교·50+캠퍼스 연계,동 중심 원스톱 통합돌봄 우선 적용 / 돌봄SOS / 9988 서울 프로젝트 리액트 라운지 연계 / 시니어 취업사관학교 5개소 연계,현행·지속 + 2026년 신규 시행 중,2026.3 신규 시행·현재 시행 중 / 2026년 확대 추진 중,"동 중심 원스톱 통합돌봄(2026.3 신규 시행), 돌봄SOS(현행), 우리동네돌봄단(현행), 고립가구 위기정보 기반 발굴 시스템(2026년 도입), 1인가구 건강·이사·마음 동행서비스(2026년 통합지원)",9988 서울 프로젝트 리액트 센터(~2035년 중장기 조성)
11010710,숭인2동,64.55167941981779,64.46686118688403,49.96810928368019,84.52004542260461,55.910165484633566,63.209010353608576,61.005042623652685,67.45562130177515,61.50550535912694,41.06508875739646,51.76494921503564,0,1인가구 집중형,1.9455252918287933,2.8885037550548818,1.8374405533938607,0,0,0,0,0,0,0,0형: 인프라 양호형,없음,"외로움 없는 서울, 1인가구 맞춤형 지원, 마음건강서비스 안내 및 정기 모니터링",인프라 상대 양호,서울마음편의점·외로움 없는 서울 관계형성 프로그램 안내 / 정기 모니터링 / 365 서울챌린지·참여형 안부확인 적립금 연계,1인가구 건강·이사·마음 동행서비스 안내 / 정기 모니터링 / 365 서울챌린지·참여형 안부확인 적립금 연계,노인맞춤돌봄서비스 안내 / 9988 서울 프로젝트 정보 제공 / 정기 모니터링 / 365 서울챌린지·참여형 안부확인 적립금 연계 / 시니어 취업사관학교 5개소 연계,현행·지속 운영 + 정기 모니터링,2026년 지속,"외로움 없는 서울(현행·확대), 우리동네돌봄단(현행), 1인가구 건강·이사·마음 동행서비스(2026년 통합지원)",1인가구 지원 5개년 종합계획(2027~2031 수립 추진)
11010720,청운효자동,47.968052303252136,50.90058634789659,67.94776484526098,22.615165428227943,54.49172576832152,54.12082227569485,22.710991330105102,61.77514792899409,27.94585229066412,77.51479289940829,78.28537082741167,2,활동적 도심형,0.8291014612913256,0.929368029739777,3.0054927971810548,1,1,0,1,1,0,2,2형: 복합 결핍형,의료·복지,"동 중심 원스톱 통합돌봄, 돌봄SOS, 자치구 마음상담소·심리상담바우처, 1인가구 건강·마음 동행서비스, 고립가구 위기정보 기반 발굴","의료밀도 하위30%, 복지밀도 하위30%",서울청년기지개센터·기지개LAB 기반 사회진입 지원 / 서울마음편의점·자치구 마음상담소·심리상담바우처 연계 / 외로움 없는 서울 관계형성 프로그램 / 고립·은둔청년 온라인 진입 서비스 우선 안내,행정정보 기반 위기가구 선제 발굴(실직·폐업·이혼 등) 우선지역 지정 / 1인가구 건강·이사·마음 동행서비스 / 중장년 취업사관학교(50+캠퍼스) 원스톱 취업지원 연계 / 자치구 마음상담소·심리상담바우처 / 손목닥터9988 우울·불안 자가검진 안내,동 중심 원스톱 통합돌봄 우선 적용 / 돌봄SOS 긴급돌봄·중장기 돌봄서비스 연계 / 서울건강장수센터·방문건강관리 / 노인맞춤돌봄서비스 중점돌봄군 우선 지정 / 어르신 돌봄시설 확충 우선 검토 / 손목닥터9988 우울·불안 자가검진 연계,현행·지속 + 2026년 신규 시행 중,2026.3 신규 시행·현재 시행 중 / 2026년 확대 추진 중,"동 중심 원스톱 통합돌봄(2026.3 신규 시행), 돌봄SOS(현행), 우리동네돌봄단(현행), 서울건강장수센터(2026년 33개소 확대), 방문건강관리(현행), 자치구 마음상담소(현행·확대), 심리상담바우처(현행·확대), 손목닥터9988(2026년 확대), 1인가구 건강·이사·마음 동행서비스(2026년 통합지원), 고립가구 위기정보 기반 발굴 시스템(2026년 도입)","9988 서울 프로젝트 리액트 센터(~2035년 중장기 조성), 1인가구 지원 5개년 종합계획(2027~2031 수립 추진)"
11010730,혜화동,35.984525583475154,41.39404780499903,51.84604797905227,70.55368740490728,8.510638297872362,46.17383195836188,32.4923975934785,41.06508875739646,33.81520689852018,57.63313609467456,55.35868659158255,0,1인가구 집중형,2.1162528216704293,2.244668911335578,2.8216704288939054,0,1,0,0,0,0,1,1형: 단일 결핍형,복지,"동 중심 원스톱 통합돌봄, 돌봄SOS, 1인가구 건강·이사·마음 동행서비스, 고립가구 위기정보 기반 발굴",복지밀도 중앙값 미만,서울청년기지개센터·기지개LAB 집중 발굴 / 외로움 없는 서울 관계형성 프로그램,행정정보 기반 위기가구 선제 발굴 / 우리동네돌봄단 안부확인 / 중장년 취업사관학교·50+캠퍼스 연계,동 중심 원스톱 통합돌봄 우선 적용 / 돌봄SOS / 9988 서울 프로젝트 리액트 라운지 연계 / 시니어 취업사관학교 5개소 연계,현행·지속 + 2026년 신규 시행 중,2026.3 신규 시행·현재 시행 중 / 2026년 확대 추진 중,"동 중심 원스톱 통합돌봄(2026.3 신규 시행), 돌봄SOS(현행), 우리동네돌봄단(현행), 고립가구 위기정보 기반 발굴 시스템(2026년 도입), 1인가구 건강·이사·마음 동행서비스(2026년 통합지원)",9988 서울 프로젝트 리액트 센터(~2035년 중장기 조성)
11020520,소공동,12.399064676458687,12.065546033797393,14.371311268934493,54.19390494257712,3.900709219858157,0.0,54.64725679620582,2.8402366863905684,40.58436699556,17.869822485207123,0.0,1,도심상업형,22.643496577145864,7.272727272727272,25.27646129541864,0,0,0,0,0,0,0,0형: 인프라 양호형,없음,"외로움 없는 서울, 1인가구 맞춤형 지원, 마음건강서비스 안내 및 정기 모니터링",인프라 상대 양호,서울마음편의점·외로움 없는 서울 관계형성 프로그램 안내 / 정기 모니터링 / 365 서울챌린지·참여형 안부확인 적립금 연계,1인가구 건강·이사·마음 동행서비스 안내 / 정기 모니터링 / 365 서울챌린지·참여형 안부확인 적립금 연계,노인맞춤돌봄서비스 안내 / 9988 서울 프로젝트 정보 제공 / 정기 모니터링 / 365 서울챌린지·참여형 안부확인 적립금 연계 / 시니어 취업사관학교 5개소 연계,현행·지속 운영 + 정기 모니터링,2026년 지속,"외로움 없는 서울(현행·확대), 우리동네돌봄단(현행), 1인가구 건강·이사·마음 동행서비스(2026년 통합지원)",1인가구 지원 5개년 종합계획(2027~2031 수립 추진)
11020540,회현동,8.672096966709274,10.122648065957398,22.330400380301743,32.722186961205985,5.319148936170194,0.0,43.98602139487572,3.3136094674556347,58.26370780428838,2.011834319526642,22.1633706835772,1,도심상업형,13.968570715889248,3.1520882584712373,9.728111748565729,0,0,0,0,0,0,0,0형: 인프라 양호형,없음,"외로움 없는 서울, 1인가구 맞춤형 지원, 마음건강서비스 안내 및 정기 모니터링",인프라 상대 양호,서울마음편의점·외로움 없는 서울 관계형성 프로그램 안내 / 정기 모니터링 / 365 서울챌린지·참여형 안부확인 적립금 연계,1인가구 건강·이사·마음 동행서비스 안내 / 정기 모니터링 / 365 서울챌린지·참여형 안부확인 적립금 연계,노인맞춤돌봄서비스 안내 / 9988 서울 프로젝트 정보 제공 / 정기 모니터링 / 365 서울챌린지·참여형 안부확인 적립금 연계 / 시니어 취업사관학교 5개소 연계,현행·지속 운영 + 정기 모니터링,2026년 지속,"외로움 없는 서울(현행·확대), 우리동네돌봄단(현행), 1인가구 건강·이사·마음 동행서비스(2026년 통합지원)",1인가구 지원 5개년 종합계획(2027~2031 수립 추진)
11020550,명동,12.008529837824412,10.452432459104765,28.813049532934464,57.4421763758833,1.3002364066193763,0.0,51.07873034286104,0.5917159763313862,31.2985555718904,4.142011834319533,46.89696505898788,1,도심상업형,70.814572247237,1.3812154696132597,16.37331150225133,0,1,0,0,1,0,1,1형: 단일 결핍형,복지,"동 중심 원스톱 통합돌봄, 돌봄SOS, 1인가구 건강·이사·마음 동행서비스, 고립가구 위기정보 기반 발굴",복지밀도 하위30%,서울청년기지개센터·기지개LAB 집중 발굴 / 외로움 없는 서울 관계형성 프로그램,행정정보 기반 위기가구 선제 발굴 / 우리동네돌봄단 안부확인 / 중장년 취업사관학교·50+캠퍼스 연계,동 중심 원스톱 통합돌봄 우선 적용 / 돌봄SOS / 9988 서울 프로젝트 리액트 라운지 연계 / 시니어 취업사관학교 5개소 연계,현행·지속 + 2026년 신규 시행 중,2026.3 신규 시행·현재 시행 중 / 2026년 확대 추진 중,"동 중심 원스톱 통합돌봄(2026.3 신규 시행), 돌봄SOS(현행), 우리동네돌봄단(현행), 고립가구 위기정보 기반 발굴 시스템(2026년 도입), 1인가구 건강·이사·마음 동행서비스(2026년 통합지원)",9988 서울 프로젝트 리액트 센터(~2035년 중장기 조성)
11020570,필동,30.745527419307614,32.47356977371136,42.51831796091906,80.58033984002932,20.92198581560284,15.65166281265153,63.84558833201112,33.60946745562131,57.42418518270469,55.62130177514794,25.70227845128078,1,도심상업형,4.368004368004368,3.440366972477064,3.549003549003549,0,0,0,0,0,0,0,0형: 인프라 양호형,없음,"외로움 없는 서울, 1인가구 맞춤형 지원, 마음건강서비스 안내 및 정기 모니터링",인프라 상대 양호,서울마음편의점·외로움 없는 서울 관계형성 프로그램 안내 / 정기 모니터링 / 365 서울챌린지·참여형 안부확인 적립금 연계,1인가구 건강·이사·마음 동행서비스 안내 / 정기 모니터링 / 365 서울챌린지·참여형 안부확인 적립금 연계,노인맞춤돌봄서비스 안내 / 9988 서울 프로젝트 정보 제공 / 정기 모니터링 / 365 서울챌린지·참여형 안부확인 적립금 연계 / 시니어 취업사관학교 5개소 연계,현행·지속 운영 + 정기 모니터링,2026년 지속,"외로움 없는 서울(현행·확대), 우리동네돌봄단(현행), 1인가구 건강·이사·마음 동행서비스(2026년 통합지원)",1인가구 지원 5개년 종합계획(2027~2031 수립 추진)
11020580,장충동,46.7897056389497,51.08961969278289,62.86314605379447,75.83320144131751,35.933806146572095,43.1238572301434,42.57316506871637,63.31360946745563,45.41071692300701,81.42011834319527,56.186580553499375,0,1인가구 집중형,0.9573958831977024,2.2598870056497176,4.547630445189085,1,1,0,1,0,0,2,2형: 복합 결핍형,의료·복지,"동 중심 원스톱 통합돌봄, 돌봄SOS, 자치구 마음상담소·심리상담바우처, 1인가구 건강·마음 동행서비스, 고립가구 위기정보 기반 발굴","의료밀도 하위30%, 복지밀도 중앙값 미만",서울청년기지개센터·기지개LAB 기반 사회진입 지원 / 서울마음편의점·자치구 마음상담소·심리상담바우처 연계 / 외로움 없는 서울 관계형성 프로그램 / 고립·은둔청년 온라인 진입 서비스 우선 안내,행정정보 기반 위기가구 선제 발굴(실직·폐업·이혼 등) 우선지역 지정 / 1인가구 건강·이사·마음 동행서비스 / 중장년 취업사관학교(50+캠퍼스) 원스톱 취업지원 연계 / 자치구 마음상담소·심리상담바우처 / 손목닥터9988 우울·불안 자가검진 안내,동 중심 원스톱 통합돌봄 우선 적용 / 돌봄SOS 긴급돌봄·중장기 돌봄서비스 연계 / 서울건강장수센터·방문건강관리 / 노인맞춤돌봄서비스 중점돌봄군 우선 지정 / 어르신 돌봄시설 확충 우선 검토 / 손목닥터9988 우울·불안 자가검진 연계,현행·지속 + 2026년 신규 시행 중,2026.3 신규 시행·현재 시행 중 / 2026년 확대 추진 중,"동 중심 원스톱 통합돌봄(2026.3 신규 시행), 돌봄SOS(현행), 우리동네돌봄단(현행), 서울건강장수센터(2026년 33개소 확대), 방문건강관리(현행), 자치구 마음상담소(현행·확대), 심리상담바우처(현행·확대), 손목닥터9988(2026년 확대), 1인가구 건강·이사·마음 동행서비스(2026년 통합지원), 고립가구 위기정보 기반 발굴 시스템(2026년 도입)","9988 서울 프로젝트 리액트 센터(~2035년 중장기 조성), 1인가구 지원 5개년 종합계획(2027~2031 수립 추진)"
11020590,광희동,19.60805388120917,19.08133241448101,40.78265868574814,77.00008028075032,10.520094562647756,0.0,65.58417686530447,14.911242603550306,64.3019714640324,26.74556213017752,41.24737254973228,1,도심상업형,6.994294128474139,1.7857142857142856,6.6261733848702375,0,1,0,0,1,0,1,1형: 단일 결핍형,복지,"동 중심 원스톱 통합돌봄, 돌봄SOS, 1인가구 건강·이사·마음 동행서비스, 고립가구 위기정보 기반 발굴",복지밀도 하위30%,서울청년기지개센터·기지개LAB 집중 발굴 / 외로움 없는 서울 관계형성 프로그램,행정정보 기반 위기가구 선제 발굴 / 우리동네돌봄단 안부확인 / 중장년 취업사관학교·50+캠퍼스 연계,동 중심 원스톱 통합돌봄 우선 적용 / 돌봄SOS / 9988 서울 프로젝트 리액트 라운지 연계 / 시니어 취업사관학교 5개소 연계,현행·지속 + 2026년 신규 시행 중,2026.3 신규 시행·현재 시행 중 / 2026년 확대 추진 중,"동 중심 원스톱 통합돌봄(2026.3 신규 시행), 돌봄SOS(현행), 우리동네돌봄단(현행), 고립가구 위기정보 기반 발굴 시스템(2026년 도입), 1인가구 건강·이사·마음 동행서비스(2026년 통합지원)",9988 서울 프로젝트 리액트 센터(~2035년 중장기 조성)
11020600,을지로동,21.05059311182064,24.725933590917585,48.75533424701621,57.26242182387861,23.99527186761229,0.0,80.3160584871323,21.65680473372781,95.52056227052232,36.56804733727811,37.44978938858756,1,도심상업형,8.66738894907909,2.05761316872428,10.834236186348862,0,1,0,0,0,0,1,1형: 단일 결핍형,복지,"동 중심 원스톱 통합돌봄, 돌봄SOS, 1인가구 건강·이사·마음 동행서비스, 고립가구 위기정보 기반 발굴",복지밀도 중앙값 미만,서울청년기지개센터·기지개LAB 집중 발굴 / 외로움 없는 서울 관계형성 프로그램,행정정보 기반 위기가구 선제 발굴 / 우리동네돌봄단 안부확인 / 중장년 취업사관학교·50+캠퍼스 연계,동 중심 원스톱 통합돌봄 우선 적용 / 돌봄SOS / 9988 서울 프로젝트 리액트 라운지 연계 / 시니어 취업사관학교 5개소 연계,현행·지속 + 2026년 신규 시행 중,2026.3 신규 시행·현재 시행 중 / 2026년 확대 추진 중,"동 중심 원스톱 통합돌봄(2026.3 신규 시행), 돌봄SOS(현행), 우리동네돌봄단(현행), 고립가구 위기정보 기반 발굴 시스템(2026년 도입), 1인가구 건강·이사·마음 동행서비스(2026년 통합지원)",9988 서울 프로젝트 리액트 센터(~2035년 중장기 조성)
11020650,신당5동,67.47725285511612,70.4772021317274,55.24536626976857,38.09275521576978,83.68794326241135,65.95881126749407,39.40329936625236,90.53254437869822,50.17406125670295,84.61538461538461,34.65593200676304,2,활동적 도심형,2.190580503833516,4.142931123770067,1.5334063526834611,0,0,0,0,0,0,0,0형: 인프라 양호형,없음,"외로움 없는 서울, 1인가구 맞춤형 지원, 마음건강서비스 안내 및 정기 모니터링",인프라 상대 양호,서울마음편의점·외로움 없는 서울 관계형성 프로그램 안내 / 정기 모니터링 / 365 서울챌린지·참여형 안부확인 적립금 연계,1인가구 건강·이사·마음 동행서비스 안내 / 정기 모니터링 / 365 서울챌린지·참여형 안부확인 적립금 연계,노인맞춤돌봄서비스 안내 / 9988 서울 프로젝트 정보 제공 / 정기 모니터링 / 365 서울챌린지·참여형 안부확인 적립금 연계 / 시니어 취업사관학교 5개소 연계,현행·지속 운영 + 정기 모니터링,2026년 지속,"외로움 없는 서울(현행·확대), 우리동네돌봄단(현행), 1인가구 건강·이사·마음 동행서비스(2026년 통합지원)",1인가구 지원 5개년 종합계획(2027~2031 수립 추진)
11020670,황학동,61.66286224454478,67.20961809153864,69.51246275922671,58.49410476538856,54.84633569739953,70.06376753126813,45.62469740699124,75.14792899408285,52.67738501410223,73.2544378698225,74.08429444881864,0,1인가구 집중형,1.9873844292750364,1.4326647564469914,1.3825282986261127,0,1,0,0,1,0,1,1형: 단일 결핍형,복지,"동 중심 원스톱 통합돌봄, 돌봄SOS, 1인가구 건강·이사·마음 동행서비스, 고립가구 위기정보 기반 발굴",복지밀도 하위30%,서울청년기지개센터·기지개LAB 집중 발굴 / 외로움 없는 서울 관계형성 프로그램,행정정보 기반 위기가구 선제 발굴 / 우리동네돌봄단 안부확인 / 중장년 취업사관학교·50+캠퍼스 연계,동 중심 원스톱 통합돌봄 우선 적용 / 돌봄SOS / 9988 서울 프로젝트 리액트 라운지 연계 / 시니어 취업사관학교 5개소 연계,현행·지속 + 2026년 신규 시행 중,2026.3 신규 시행·현재 시행 중 / 2026년 확대 추진 중,"동 중심 원스톱 통합돌봄(2026.3 신규 시행), 돌봄SOS(현행), 우리동네돌봄단(현행), 고립가구 위기정보 기반 발굴 시스템(2026년 도입), 1인가구 건강·이사·마음 동행서비스(2026년 통합지원)",9988 서울 프로젝트 리액트 센터(~2035년 중장기 조성)
11020680,중림동,58.30133580573427,62.31757229871613,68.3097653953779,30.25402514790204,59.69267139479905,70.9336555455856,32.67913028406626,68.5207100591716,36.76420643627497,92.07100591715977,63.84904897137106,2,활동적 도심형,1.4322543683758235,2.2512381809995494,1.6232216174926,1,1,0,0,0,0,2,2형: 복합 결핍형,의료·복지,"동 중심 원스톱 통합돌봄, 돌봄SOS, 자치구 마음상담소·심리상담바우처, 1인가구 건강·마음 동행서비스, 고립가구 위기정보 기반 발굴","의료밀도 중앙값 미만, 복지밀도 중앙값 미만",서울청년기지개센터·기지개LAB 기반 사회진입 지원 / 서울마음편의점·자치구 마음상담소·심리상담바우처 연계 / 외로움 없는 서울 관계형성 프로그램 / 고립·은둔청년 온라인 진입 서비스 우선 안내,행정정보 기반 위기가구 선제 발굴(실직·폐업·이혼 등) 우선지역 지정 / 1인가구 건강·이사·마음 동행서비스 / 중장년 취업사관학교(50+캠퍼스) 원스톱 취업지원 연계 / 자치구 마음상담소·심리상담바우처 / 손목닥터9988 우울·불안 자가검진 안내,동 중심 원스톱 통합돌봄 우선 적용 / 돌봄SOS 긴급돌봄·중장기 돌봄서비스 연계 / 서울건강장수센터·방문건강관리 / 노인맞춤돌봄서비스 중점돌봄군 우선 지정 / 어르신 돌봄시설 확충 우선 검토 / 손목닥터9988 우울·불안 자가검진 연계,현행·지속 + 2026년 신규 시행 중,2026.3 신규 시행·현재 시행 중 / 2026년 확대 추진 중,"동 중심 원스톱 통합돌봄(2026.3 신규 시행), 돌봄SOS(현행), 우리동네돌봄단(현행), 서울건강장수센터(2026년 33개소 확대), 방문건강관리(현행), 자치구 마음상담소(현행·확대), 심리상담바우처(현행·확대), 손목닥터9988(2026년 확대), 1인가구 건강·이사·마음 동행서비스(2026년 통합지원), 고립가구 위기정보 기반 발굴 시스템(2026년 도입)","9988 서울 프로젝트 리액트 센터(~2035년 중장기 조성), 1인가구 지원 5개년 종합계획(2027~2031 수립 추진)"
11020690,신당동,35.98283320437751,38.1759407830027,56.12616741457558,61.03112834536978,19.3853427895981,40.0561760486608,57.27622755733689,26.74556213017752,64.5227848417938,40.11834319526627,64.84486739527473,1,도심상업형,3.015941404566997,1.3253810470510272,2.7287088898463305,0,1,0,0,1,0,1,1형: 단일 결핍형,복지,"동 중심 원스톱 통합돌봄, 돌봄SOS, 1인가구 건강·이사·마음 동행서비스, 고립가구 위기정보 기반 발굴",복지밀도 하위30%,서울청년기지개센터·기지개LAB 집중 발굴 / 외로움 없는 서울 관계형성 프로그램,행정정보 기반 위기가구 선제 발굴 / 우리동네돌봄단 안부확인 / 중장년 취업사관학교·50+캠퍼스 연계,동 중심 원스톱 통합돌봄 우선 적용 / 돌봄SOS / 9988 서울 프로젝트 리액트 라운지 연계 / 시니어 취업사관학교 5개소 연계,현행·지속 + 2026년 신규 시행 중,2026.3 신규 시행·현재 시행 중 / 2026년 확대 추진 중,"동 중심 원스톱 통합돌봄(2026.3 신규 시행), 돌봄SOS(현행), 우리동네돌봄단(현행), 고립가구 위기정보 기반 발굴 시스템(2026년 도입), 1인가구 건강·이사·마음 동행서비스(2026년 통합지원)",9988 서울 프로젝트 리액트 센터(~2035년 중장기 조성)
11020700,다산동,56.51405243914546,60.64711657003179,64.950726909243,36.70288928771323,55.910165484633566,67.02352096937346,30.9636888404061,69.11242603550295,37.20445446435036,64.49704142011834,77.6352700429589,0,1인가구 집중형,2.629416598192276,1.0355540214014498,1.2325390304026294,0,1,1,0,1,0,2,2형: 복합 결핍형,복지·교통,"돌봄SOS, 우리동네돌봄단 안부확인, 서울동행맵, 저상버스·교통약자 이동지원","복지밀도 하위30%, 교통밀도 중앙값 미만",외로움 없는 서울 관계형성 프로그램 / 서울청년기지개센터 집중 발굴 / 서울동행맵·저상버스 등 이동지원 안내,1인가구 건강·이사·마음 동행서비스 / 우리동네돌봄단 안부확인 / 중장년 취업사관학교·50+캠퍼스 연계 / 서울동행맵·마을버스 서비스 개선 활용,돌봄SOS 긴급돌봄·중장기 돌봄서비스 연계 / 9988 서울 프로젝트(리액트 라운지·시니어 동행상점) / 서울동행맵·저상버스·교통약자 이동지원 / 안심돌봄가정 확충 / 시니어 취업사관학교 5개소 연계,현행·지속 + 2026년 신규 시행 중 + 2026년 시행 예정 연계,2026.3 신규 시행·현재 시행 중 / 2026.3Q~4Q 예정,"동 중심 원스톱 통합돌봄(2026.3 신규 시행), 돌봄SOS(현행), 우리동네돌봄단(현행), 서울동행맵(현행·고도화 추진), 저상버스 확대(2026년 추진), 장애인콜택시 증차(2026년 추진), 바우처택시(현행), 1인가구 건강·이사·마음 동행서비스(2026년 통합지원)","서울동행맵 AI 음성 안내(2026년 3분기 예정), 서울동행맵 보행경로 내비게이션(2026년 4분기 예정), 9988 서울 프로젝트 리액트 센터(~2035년 중장기 조성)"
11020710,약수동,59.91153233183507,61.89616421196048,60.43752188791686,22.01431032773266,69.14893617021276,69.62273949550857,24.436525500737883,72.89940828402368,39.19494165730187,60.94674556213018,69.48260579935761,2,활동적 도심형,2.4244943197561653,1.6998542982030111,1.1776115267387086,0,1,1,0,1,0,2,2형: 복합 결핍형,복지·교통,"돌봄SOS, 우리동네돌봄단 안부확인, 서울동행맵, 저상버스·교통약자 이동지원","복지밀도 하위30%, 교통밀도 중앙값 미만",외로움 없는 서울 관계형성 프로그램 / 서울청년기지개센터 집중 발굴 / 서울동행맵·저상버스 등 이동지원 안내,1인가구 건강·이사·마음 동행서비스 / 우리동네돌봄단 안부확인 / 중장년 취업사관학교·50+캠퍼스 연계 / 서울동행맵·마을버스 서비스 개선 활용,돌봄SOS 긴급돌봄·중장기 돌봄서비스 연계 / 9988 서울 프로젝트(리액트 라운지·시니어 동행상점) / 서울동행맵·저상버스·교통약자 이동지원 / 안심돌봄가정 확충 / 시니어 취업사관학교 5개소 연계,현행·지속 + 2026년 신규 시행 중 + 2026년 시행 예정 연계,2026.3 신규 시행·현재 시행 중 / 2026.3Q~4Q 예정,"동 중심 원스톱 통합돌봄(2026.3 신규 시행), 돌봄SOS(현행), 우리동네돌봄단(현행), 서울동행맵(현행·고도화 추진), 저상버스 확대(2026년 추진), 장애인콜택시 증차(2026년 추진), 바우처택시(현행), 1인가구 건강·이사·마음 동행서비스(2026년 통합지원)","서울동행맵 AI 음성 안내(2026년 3분기 예정), 서울동행맵 보행경로 내비게이션(2026년 4분기 예정), 9988 서울 프로젝트 리액트 센터(~2035년 중장기 조성)"
11020720,청구동,74.28572165885637,77.66156868595482,72.17989982664082,16.150358792647364,91.01654846335695,86.6225762874603,18.849673103374208,98.10650887573964,28.62898618267869,96.5680473372781,72.56730227123941,2,활동적 도심형,0.6866952789699571,2.0540910647038686,1.0300429184549358,1,1,1,1,0,1,3,3형: 삼중 결핍형,의료·복지·교통,"동 중심 원스톱 통합돌봄, 돌봄SOS, 외로움 없는 서울(서울마음편의점·서울잇다플레이스), 고립가구 위기정보 기반 발굴·우리동네돌봄단, 1인가구 건강·이사·마음 동행서비스, 서울동행맵·저상버스·교통약자 이동지원, 자치구 마음상담소·심리상담바우처","의료밀도 하위30%, 복지밀도 중앙값 미만, 교통밀도 하위30%",서울청년기지개센터·기지개LAB 사회진입 지원 / 고립·은둔청년 온라인 서비스·지역거점 우선 안내 / 서울마음편의점·자치구 마음상담소·심리상담바우처 / 외로움 없는 서울 관계형성 프로그램 / 서울동행맵 이동 안내 / 365 서울챌린지·참여형 안부확인 적립금 연계,행정정보 기반 위기가구 선제 발굴 우선지역 지정 / 우리동네돌봄단 안부확인 / 1인가구 건강·이사·마음 동행서비스 / 중장년 취업사관학교(50+캠퍼스) 원스톱 취업지원 / 자치구 마음상담소·심리상담바우처 / 서울동행맵·저상버스·교통약자 이동지원 안내 / 손목닥터9988 우울·불안 자가검진 안내 / 365 서울챌린지·참여형 안부확인 적립금 연계,동 중심 원스톱 통합돌봄 우선 적용 / 돌봄SOS 긴급돌봄·중장기 돌봄연계 / 9988 서울 프로젝트(리액트 센터·라운지·시니어 동행상점·어르신 일자리) / 서울건강장수센터·방문건강관리 / 서울동행맵·저상버스·장애인콜택시 이동지원 / 어르신 돌봄시설 확충 우선 검토 / 손목닥터9988 우울·불안 자가검진 연계 / 365 서울챌린지·참여형 안부확인 적립금 연계 / 시니어 취업사관학교 5개소 연계,현행·지속 + 2026년 신규 시행 중 + 2026년 시행 예정 연계,2026.3 신규 시행·현재 시행 중 / 2026.3Q~4Q 예정,"동 중심 원스톱 통합돌봄(2026.3 신규 시행), 돌봄SOS(현행), 외로움 없는 서울(현행·확대), 우리동네돌봄단(현행), 고립가구 위기정보 기반 발굴 시스템(2026년 도입), 1인가구 건강·이사·마음 동행서비스(2026년 통합지원), 서울건강장수센터(2026년 33개소 확대), 방문건강관리(현행), 자치구 마음상담소(현행·확대), 심리상담바우처(현행·확대), 손목닥터9988(2026년 확대), 365 서울챌린지(2026년 추진), 참여형 안부확인 적립금(2026년 추진), 저상버스 확대(2026년 추진), 장애인콜택시 증차(2026년 추진), 바우처택시(현행)","서울동행맵 AI 음성 안내(2026년 3분기 예정), 서울동행맵 보행경로 내비게이션(2026년 4분기 예정), 9988 서울 프로젝트 리액트 센터(~2035년 중장기 조성)"
11020730,동화동,65.70064843395117,68.13545702544667,58.52200668818327,10.112629974446287,79.55082742316785,79.64447867448693,14.524422452815635,83.4319526627219,18.81112948517519,82.24852071005917,57.71733009472783,2,활동적 도심형,1.0463899546564353,2.923976608187134,1.2789210556911987,1,0,1,1,0,0,2,2형: 복합 결핍형,의료·교통,"서울건강장수센터·방문건강관리, 서울동행맵, 저상버스·교통약자 이동지원, 마을버스 서비스 개선","의료밀도 하위30%, 교통밀도 중앙값 미만",고립·은둔청년 온라인 진입 서비스 및 지역거점 15개소 우선 안내 / 자치구 마음상담소·심리상담바우처 / 서울동행맵 기반 이동지원 안내,행정정보 기반 위기가구 선제 발굴 우선지역 지정 / 중장년 취업사관학교·50+캠퍼스 상담·훈련·취업·사후관리 / 서울동행맵·저상버스 이동지원 안내 / 자치구 마음상담소 연계 / 손목닥터9988 우울·불안 자가검진 안내,서울건강장수센터·방문건강관리 연계 / 서울동행맵(AI 음성안내·보행경로) 우선 안내 / 저상버스·장애인콜택시·바우처택시 이동지원 / 9988 서울 프로젝트 우리동네 리액트 라운지 연계 / 손목닥터9988 우울·불안 자가검진 연계,현행·지속 + 2026년 확대 추진 중 + 2026년 시행 예정 연계,2026년 확대 추진 중 / 2026.3Q~4Q 예정,"서울건강장수센터(2026년 33개소 확대), 방문건강관리(현행), 서울동행맵(현행·고도화 추진), 저상버스 확대(2026년 추진), 장애인콜택시 증차(2026년 추진), 바우처택시(현행), 마을버스 서비스 개선(2026년 추진), 손목닥터9988(2026년 확대), 자치구 마음상담소(현행·확대)","서울동행맵 AI 음성 안내(2026년 3분기 예정), 서울동행맵 보행경로 내비게이션(2026년 4분기 예정)"
11030510,후암동,69.73801849759367,74.6002083026337,75.23630205697503,42.97839585854189,73.04964539007092,79.80620292464229,35.63715637394307,88.87573964497042,42.2282792608921,93.37278106508876,75.80038407114569,2,활동적 도심형,0.915686412622385,1.6485328058028357,1.3383109107557931,1,1,1,1,1,0,3,3형: 삼중 결핍형,의료·복지·교통,"동 중심 원스톱 통합돌봄, 돌봄SOS, 외로움 없는 서울(서울마음편의점·서울잇다플레이스), 고립가구 위기정보 기반 발굴·우리동네돌봄단, 1인가구 건강·이사·마음 동행서비스, 서울동행맵·저상버스·교통약자 이동지원, 자치구 마음상담소·심리상담바우처","의료밀도 하위30%, 복지밀도 하위30%, 교통밀도 중앙값 미만",서울청년기지개센터·기지개LAB 사회진입 지원 / 고립·은둔청년 온라인 서비스·지역거점 우선 안내 / 서울마음편의점·자치구 마음상담소·심리상담바우처 / 외로움 없는 서울 관계형성 프로그램 / 서울동행맵 이동 안내 / 365 서울챌린지·참여형 안부확인 적립금 연계,행정정보 기반 위기가구 선제 발굴 우선지역 지정 / 우리동네돌봄단 안부확인 / 1인가구 건강·이사·마음 동행서비스 / 중장년 취업사관학교(50+캠퍼스) 원스톱 취업지원 / 자치구 마음상담소·심리상담바우처 / 서울동행맵·저상버스·교통약자 이동지원 안내 / 손목닥터9988 우울·불안 자가검진 안내 / 365 서울챌린지·참여형 안부확인 적립금 연계,동 중심 원스톱 통합돌봄 우선 적용 / 돌봄SOS 긴급돌봄·중장기 돌봄연계 / 9988 서울 프로젝트(리액트 센터·라운지·시니어 동행상점·어르신 일자리) / 서울건강장수센터·방문건강관리 / 서울동행맵·저상버스·장애인콜택시 이동지원 / 어르신 돌봄시설 확충 우선 검토 / 손목닥터9988 우울·불안 자가검진 연계 / 365 서울챌린지·참여형 안부확인 적립금 연계 / 시니어 취업사관학교 5개소 연계,현행·지속 + 2026년 신규 시행 중 + 2026년 시행 예정 연계,2026.3 신규 시행·현재 시행 중 / 2026.3Q~4Q 예정,"동 중심 원스톱 통합돌봄(2026.3 신규 시행), 돌봄SOS(현행), 외로움 없는 서울(현행·확대), 우리동네돌봄단(현행), 고립가구 위기정보 기반 발굴 시스템(2026년 도입), 1인가구 건강·이사·마음 동행서비스(2026년 통합지원), 서울건강장수센터(2026년 33개소 확대), 방문건강관리(현행), 자치구 마음상담소(현행·확대), 심리상담바우처(현행·확대), 손목닥터9988(2026년 확대), 365 서울챌린지(2026년 추진), 참여형 안부확인 적립금(2026년 추진), 저상버스 확대(2026년 추진), 장애인콜택시 증차(2026년 추진), 바우처택시(현행)","서울동행맵 AI 음성 안내(2026년 3분기 예정), 서울동행맵 보행경로 내비게이션(2026년 4분기 예정), 9988 서울 프로젝트 리액트 센터(~2035년 중장기 조성)"
11030520,용산2가동,51.73663680481911,63.581808873728406,71.92544741493826,53.169735829431474,56.97399527186761,45.78272882546443,41.018142930730896,92.66272189349112,37.70421230319585,95.97633136094674,68.42864217326162,0,1인가구 집중형,0.849823965035814,1.4534883720930232,3.520699283719801,1,1,0,1,1,0,2,2형: 복합 결핍형,의료·복지,"동 중심 원스톱 통합돌봄, 돌봄SOS, 자치구 마음상담소·심리상담바우처, 1인가구 건강·마음 동행서비스, 고립가구 위기정보 기반 발굴","의료밀도 하위30%, 복지밀도 하위30%",서울청년기지개센터·기지개LAB 기반 사회진입 지원 / 서울마음편의점·자치구 마음상담소·심리상담바우처 연계 / 외로움 없는 서울 관계형성 프로그램 / 고립·은둔청년 온라인 진입 서비스 우선 안내,행정정보 기반 위기가구 선제 발굴(실직·폐업·이혼 등) 우선지역 지정 / 1인가구 건강·이사·마음 동행서비스 / 중장년 취업사관학교(50+캠퍼스) 원스톱 취업지원 연계 / 자치구 마음상담소·심리상담바우처 / 손목닥터9988 우울·불안 자가검진 안내,동 중심 원스톱 통합돌봄 우선 적용 / 돌봄SOS 긴급돌봄·중장기 돌봄서비스 연계 / 서울건강장수센터·방문건강관리 / 노인맞춤돌봄서비스 중점돌봄군 우선 지정 / 어르신 돌봄시설 확충 우선 검토 / 손목닥터9988 우울·불안 자가검진 연계,현행·지속 + 2026년 신규 시행 중,2026.3 신규 시행·현재 시행 중 / 2026년 확대 추진 중,"동 중심 원스톱 통합돌봄(2026.3 신규 시행), 돌봄SOS(현행), 우리동네돌봄단(현행), 서울건강장수센터(2026년 33개소 확대), 방문건강관리(현행), 자치구 마음상담소(현행·확대), 심리상담바우처(현행·확대), 손목닥터9988(2026년 확대), 1인가구 건강·이사·마음 동행서비스(2026년 통합지원), 고립가구 위기정보 기반 발굴 시스템(2026년 도입)","9988 서울 프로젝트 리액트 센터(~2035년 중장기 조성), 1인가구 지원 5개년 종합계획(2027~2031 수립 추진)"
11030530,남영동,27.676427752718848,35.76559621248727,62.59633754255203,68.7919672130784,26.59574468085107,8.199341094406847,85.50622195054574,38.46153846153847,97.11178299293448,67.6923076923077,43.29260722590542,1,도심상업형,5.248533497993208,1.9144862795149968,3.550478542760111,0,1,0,0,0,0,1,1형: 단일 결핍형,복지,"동 중심 원스톱 통합돌봄, 돌봄SOS, 1인가구 건강·이사·마음 동행서비스, 고립가구 위기정보 기반 발굴",복지밀도 중앙값 미만,서울청년기지개센터·기지개LAB 집중 발굴 / 외로움 없는 서울 관계형성 프로그램,행정정보 기반 위기가구 선제 발굴 / 우리동네돌봄단 안부확인 / 중장년 취업사관학교·50+캠퍼스 연계,동 중심 원스톱 통합돌봄 우선 적용 / 돌봄SOS / 9988 서울 프로젝트 리액트 라운지 연계 / 시니어 취업사관학교 5개소 연계,현행·지속 + 2026년 신규 시행 중,2026.3 신규 시행·현재 시행 중 / 2026년 확대 추진 중,"동 중심 원스톱 통합돌봄(2026.3 신규 시행), 돌봄SOS(현행), 우리동네돌봄단(현행), 고립가구 위기정보 기반 발굴 시스템(2026년 도입), 1인가구 건강·이사·마음 동행서비스(2026년 통합지원)",9988 서울 프로젝트 리액트 센터(~2035년 중장기 조성)
11030570,원효로2동,61.47833618846708,60.59159890986504,60.08692789543174,33.7681032111324,66.31205673758865,70.49973212801285,21.603500707500647,70.17751479289942,26.9102885920316,83.55029585798817,56.58281472606569,2,활동적 도심형,0.5880376344086021,2.8641571194762685,2.1001344086021505,1,0,0,1,0,0,1,1형: 단일 결핍형,의료,"서울건강장수센터·방문건강관리, 자치구 마음상담소·심리상담바우처, 공공의료 접근성 안내",의료밀도 하위30%,자치구 마음상담소·심리상담바우처 / 고립·은둔청년 온라인 진입 서비스 안내,행정정보 기반 위기가구 선제 발굴 / 자치구 마음상담소·심리상담바우처 / 손목닥터9988 우울·불안 자가검진 안내,서울건강장수센터·방문건강관리 연계 / 돌봄SOS 안내 / 손목닥터9988 우울·불안 자가검진 연계,현행·지속 + 2026년 확대 추진 중,2026년 확대 추진 중,"서울건강장수센터(2026년 33개소 확대), 방문건강관리(현행), 자치구 마음상담소(현행·확대), 심리상담바우처(현행·확대), 손목닥터9988(2026년 확대)","서울동행맵 AI 음성 안내(2026년 3분기 예정), 서울동행맵 보행경로 내비게이션(2026년 4분기 예정)"
11030580,효창동,64.06946981076283,67.19249470130836,49.65235328842574,26.634790754689146,84.16075650118204,62.69552264838043,19.565511050017623,95.50295857988166,19.85605180038532,96.21301775147928,26.681303811846533,2,활동적 도심형,1.4031300593631948,5.628517823639775,2.1586616297895307,1,0,0,0,0,0,1,1형: 단일 결핍형,의료,"서울건강장수센터·방문건강관리, 자치구 마음상담소·심리상담바우처, 공공의료 접근성 안내",의료밀도 중앙값 미만,자치구 마음상담소·심리상담바우처 / 고립·은둔청년 온라인 진입 서비스 안내,행정정보 기반 위기가구 선제 발굴 / 자치구 마음상담소·심리상담바우처 / 손목닥터9988 우울·불안 자가검진 안내,서울건강장수센터·방문건강관리 연계 / 돌봄SOS 안내 / 손목닥터9988 우울·불안 자가검진 연계,현행·지속 + 2026년 확대 추진 중,2026년 확대 추진 중,"서울건강장수센터(2026년 33개소 확대), 방문건강관리(현행), 자치구 마음상담소(현행·확대), 심리상담바우처(현행·확대), 손목닥터9988(2026년 확대)","서울동행맵 AI 음성 안내(2026년 3분기 예정), 서울동행맵 보행경로 내비게이션(2026년 4분기 예정)"
11030590,용문동,68.84305666960306,70.19346202772539,67.53610133417287,29.585729675590542,86.99763593380615,70.31714090240624,21.93066146990911,94.20118343195266,30.353021530164725,91.00591715976331,65.80761338271726,2,활동적 도심형,0.491593746927539,2.21141088014153,2.163012486481172,1,1,0,1,0,0,2,2형: 복합 결핍형,의료·복지,"동 중심 원스톱 통합돌봄, 돌봄SOS, 자치구 마음상담소·심리상담바우처, 1인가구 건강·마음 동행서비스, 고립가구 위기정보 기반 발굴","의료밀도 하위30%, 복지밀도 중앙값 미만",서울청년기지개센터·기지개LAB 기반 사회진입 지원 / 서울마음편의점·자치구 마음상담소·심리상담바우처 연계 / 외로움 없는 서울 관계형성 프로그램 / 고립·은둔청년 온라인 진입 서비스 우선 안내,행정정보 기반 위기가구 선제 발굴(실직·폐업·이혼 등) 우선지역 지정 / 1인가구 건강·이사·마음 동행서비스 / 중장년 취업사관학교(50+캠퍼스) 원스톱 취업지원 연계 / 자치구 마음상담소·심리상담바우처 / 손목닥터9988 우울·불안 자가검진 안내,동 중심 원스톱 통합돌봄 우선 적용 / 돌봄SOS 긴급돌봄·중장기 돌봄서비스 연계 / 서울건강장수센터·방문건강관리 / 노인맞춤돌봄서비스 중점돌봄군 우선 지정 / 어르신 돌봄시설 확충 우선 검토 / 손목닥터9988 우울·불안 자가검진 연계,현행·지속 + 2026년 신규 시행 중,2026.3 신규 시행·현재 시행 중 / 2026년 확대 추진 중,"동 중심 원스톱 통합돌봄(2026.3 신규 시행), 돌봄SOS(현행), 우리동네돌봄단(현행), 서울건강장수센터(2026년 33개소 확대), 방문건강관리(현행), 자치구 마음상담소(현행·확대), 심리상담바우처(현행·확대), 손목닥터9988(2026년 확대), 1인가구 건강·이사·마음 동행서비스(2026년 통합지원), 고립가구 위기정보 기반 발굴 시스템(2026년 도입)","9988 서울 프로젝트 리액트 센터(~2035년 중장기 조성), 1인가구 지원 5개년 종합계획(2027~2031 수립 추진)"
11030630,이촌1동,58.8532504440144,51.20959301523634,48.59812181214574,3.931058231607943,66.31205673758865,78.85554025664337,8.632742551060641,44.85207100591716,12.531549432677483,42.84023668639054,69.10606463416346,3,생활안정형,1.4898688915375446,2.0380434782608696,1.0925705204608662,1,1,1,0,0,1,3,3형: 삼중 결핍형,의료·복지·교통,"동 중심 원스톱 통합돌봄, 돌봄SOS, 외로움 없는 서울(서울마음편의점·서울잇다플레이스), 고립가구 위기정보 기반 발굴·우리동네돌봄단, 1인가구 건강·이사·마음 동행서비스, 서울동행맵·저상버스·교통약자 이동지원, 자치구 마음상담소·심리상담바우처","의료밀도 중앙값 미만, 복지밀도 중앙값 미만, 교통밀도 하위30%",서울청년기지개센터·기지개LAB 사회진입 지원 / 고립·은둔청년 온라인 서비스·지역거점 우선 안내 / 서울마음편의점·자치구 마음상담소·심리상담바우처 / 외로움 없는 서울 관계형성 프로그램 / 서울동행맵 이동 안내 / 365 서울챌린지·참여형 안부확인 적립금 연계,행정정보 기반 위기가구 선제 발굴 우선지역 지정 / 우리동네돌봄단 안부확인 / 1인가구 건강·이사·마음 동행서비스 / 중장년 취업사관학교(50+캠퍼스) 원스톱 취업지원 / 자치구 마음상담소·심리상담바우처 / 서울동행맵·저상버스·교통약자 이동지원 안내 / 손목닥터9988 우울·불안 자가검진 안내 / 365 서울챌린지·참여형 안부확인 적립금 연계,동 중심 원스톱 통합돌봄 우선 적용 / 돌봄SOS 긴급돌봄·중장기 돌봄연계 / 9988 서울 프로젝트(리액트 센터·라운지·시니어 동행상점·어르신 일자리) / 서울건강장수센터·방문건강관리 / 서울동행맵·저상버스·장애인콜택시 이동지원 / 어르신 돌봄시설 확충 우선 검토 / 손목닥터9988 우울·불안 자가검진 연계 / 365 서울챌린지·참여형 안부확인 적립금 연계 / 시니어 취업사관학교 5개소 연계,현행·지속 + 2026년 신규 시행 중 + 2026년 시행 예정 연계,2026.3 신규 시행·현재 시행 중 / 2026.3Q~4Q 예정,"동 중심 원스톱 통합돌봄(2026.3 신규 시행), 돌봄SOS(현행), 외로움 없는 서울(현행·확대), 우리동네돌봄단(현행), 고립가구 위기정보 기반 발굴 시스템(2026년 도입), 1인가구 건강·이사·마음 동행서비스(2026년 통합지원), 서울건강장수센터(2026년 33개소 확대), 방문건강관리(현행), 자치구 마음상담소(현행·확대), 심리상담바우처(현행·확대), 손목닥터9988(2026년 확대), 365 서울챌린지(2026년 추진), 참여형 안부확인 적립금(2026년 추진), 저상버스 확대(2026년 추진), 장애인콜택시 증차(2026년 추진), 바우처택시(현행)","서울동행맵 AI 음성 안내(2026년 3분기 예정), 서울동행맵 보행경로 내비게이션(2026년 4분기 예정), 9988 서울 프로젝트 리액트 센터(~2035년 중장기 조성)"
11030640,이촌2동,78.7905788780416,80.66018975511136,68.85860259931447,17.81648661137513,98.58156028368796,89.48664360572846,25.27440712623007,99.5266272189349,25.08984636012552,99.28994082840237,64.64256452744118,2,활동적 도심형,0.1423892923252171,2.7487630566245187,1.1391143386017373,1,0,1,1,0,0,2,2형: 복합 결핍형,의료·교통,"서울건강장수센터·방문건강관리, 서울동행맵, 저상버스·교통약자 이동지원, 마을버스 서비스 개선","의료밀도 하위30%, 교통밀도 중앙값 미만",고립·은둔청년 온라인 진입 서비스 및 지역거점 15개소 우선 안내 / 자치구 마음상담소·심리상담바우처 / 서울동행맵 기반 이동지원 안내,행정정보 기반 위기가구 선제 발굴 우선지역 지정 / 중장년 취업사관학교·50+캠퍼스 상담·훈련·취업·사후관리 / 서울동행맵·저상버스 이동지원 안내 / 자치구 마음상담소 연계 / 손목닥터9988 우울·불안 자가검진 안내,서울건강장수센터·방문건강관리 연계 / 서울동행맵(AI 음성안내·보행경로) 우선 안내 / 저상버스·장애인콜택시·바우처택시 이동지원 / 9988 서울 프로젝트 우리동네 리액트 라운지 연계 / 손목닥터9988 우울·불안 자가검진 연계,현행·지속 + 2026년 확대 추진 중 + 2026년 시행 예정 연계,2026년 확대 추진 중 / 2026.3Q~4Q 예정,"서울건강장수센터(2026년 33개소 확대), 방문건강관리(현행), 서울동행맵(현행·고도화 추진), 저상버스 확대(2026년 추진), 장애인콜택시 증차(2026년 추진), 바우처택시(현행), 마을버스 서비스 개선(2026년 추진), 손목닥터9988(2026년 확대), 자치구 마음상담소(현행·확대)","서울동행맵 AI 음성 안내(2026년 3분기 예정), 서울동행맵 보행경로 내비게이션(2026년 4분기 예정)"
11030650,이태원1동,36.723936626496815,55.54529079640434,60.29327913372535,44.99293207105956,28.36879432624113,40.94458120447113,43.88462885118593,75.97633136094674,36.17190674993524,95.50295857988166,43.628582846177146,0,1인가구 집중형,1.9727403156384504,2.989536621823617,3.2281205164992826,0,0,0,0,0,0,0,0형: 인프라 양호형,없음,"외로움 없는 서울, 1인가구 맞춤형 지원, 마음건강서비스 안내 및 정기 모니터링",인프라 상대 양호,서울마음편의점·외로움 없는 서울 관계형성 프로그램 안내 / 정기 모니터링 / 365 서울챌린지·참여형 안부확인 적립금 연계,1인가구 건강·이사·마음 동행서비스 안내 / 정기 모니터링 / 365 서울챌린지·참여형 안부확인 적립금 연계,노인맞춤돌봄서비스 안내 / 9988 서울 프로젝트 정보 제공 / 정기 모니터링 / 365 서울챌린지·참여형 안부확인 적립금 연계 / 시니어 취업사관학교 5개소 연계,현행·지속 운영 + 정기 모니터링,2026년 지속,"외로움 없는 서울(현행·확대), 우리동네돌봄단(현행), 1인가구 건강·이사·마음 동행서비스(2026년 통합지원)",1인가구 지원 5개년 종합계획(2027~2031 수립 추진)
11030660,이태원2동,49.173266086656525,61.877933556906605,66.08591387236095,49.07100357733475,47.87234042553191,50.52532300244202,42.185175625802806,83.07692307692308,29.56712016424256,95.7396449704142,59.25247577748326,0,1인가구 집중형,1.1483986219216535,2.176278563656148,3.0623963251244097,1,1,0,0,0,0,2,2형: 복합 결핍형,의료·복지,"동 중심 원스톱 통합돌봄, 돌봄SOS, 자치구 마음상담소·심리상담바우처, 1인가구 건강·마음 동행서비스, 고립가구 위기정보 기반 발굴","의료밀도 중앙값 미만, 복지밀도 중앙값 미만",서울청년기지개센터·기지개LAB 기반 사회진입 지원 / 서울마음편의점·자치구 마음상담소·심리상담바우처 연계 / 외로움 없는 서울 관계형성 프로그램 / 고립·은둔청년 온라인 진입 서비스 우선 안내,행정정보 기반 위기가구 선제 발굴(실직·폐업·이혼 등) 우선지역 지정 / 1인가구 건강·이사·마음 동행서비스 / 중장년 취업사관학교(50+캠퍼스) 원스톱 취업지원 연계 / 자치구 마음상담소·심리상담바우처 / 손목닥터9988 우울·불안 자가검진 안내,동 중심 원스톱 통합돌봄 우선 적용 / 돌봄SOS 긴급돌봄·중장기 돌봄서비스 연계 / 서울건강장수센터·방문건강관리 / 노인맞춤돌봄서비스 중점돌봄군 우선 지정 / 어르신 돌봄시설 확충 우선 검토 / 손목닥터9988 우울·불안 자가검진 연계,현행·지속 + 2026년 신규 시행 중,2026.3 신규 시행·현재 시행 중 / 2026년 확대 추진 중,"동 중심 원스톱 통합돌봄(2026.3 신규 시행), 돌봄SOS(현행), 우리동네돌봄단(현행), 서울건강장수센터(2026년 33개소 확대), 방문건강관리(현행), 자치구 마음상담소(현행·확대), 심리상담바우처(현행·확대), 손목닥터9988(2026년 확대), 1인가구 건강·이사·마음 동행서비스(2026년 통합지원), 고립가구 위기정보 기반 발굴 시스템(2026년 도입)","9988 서울 프로젝트 리액트 센터(~2035년 중장기 조성), 1인가구 지원 5개년 종합계획(2027~2031 수립 추진)"
11030690,서빙고동,,,,16.899860945058983,68.79432624113475,,17.661781219225972,58.69822485207101,28.34892856220276,73.2544378698225,,-1,미분류,,2.336448598130841,2.1127436857773936,0,1,0,0,0,0,1,1형: 단일 결핍형,복지,"동 중심 원스톱 통합돌봄, 돌봄SOS, 1인가구 건강·이사·마음 동행서비스, 고립가구 위기정보 기반 발굴",복지밀도 중앙값 미만,서울청년기지개센터·기지개LAB 집중 발굴 / 외로움 없는 서울 관계형성 프로그램,행정정보 기반 위기가구 선제 발굴 / 우리동네돌봄단 안부확인 / 중장년 취업사관학교·50+캠퍼스 연계,동 중심 원스톱 통합돌봄 우선 적용 / 돌봄SOS / 9988 서울 프로젝트 리액트 라운지 연계 / 시니어 취업사관학교 5개소 연계,현행·지속 + 2026년 신규 시행 중,2026.3 신규 시행·현재 시행 중 / 2026년 확대 추진 중,"동 중심 원스톱 통합돌봄(2026.3 신규 시행), 돌봄SOS(현행), 우리동네돌봄단(현행), 고립가구 위기정보 기반 발굴 시스템(2026년 도입), 1인가구 건강·이사·마음 동행서비스(2026년 통합지원)",9988 서울 프로젝트 리액트 센터(~2035년 중장기 조성)
11030700,보광동,74.99819251262252,78.54607369755952,62.35759452064226,16.15607998947062,92.43498817966903,86.98245310715194,23.02581730307952,97.8698224852071,18.32222768769241,98.46153846153848,53.848023381256255,2,활동적 도심형,1.0705682933357124,3.355704697986577,0.8029262200017843,1,0,1,0,0,1,2,2형: 복합 결핍형,의료·교통,"서울건강장수센터·방문건강관리, 서울동행맵, 저상버스·교통약자 이동지원, 마을버스 서비스 개선","의료밀도 중앙값 미만, 교통밀도 하위30%",고립·은둔청년 온라인 진입 서비스 및 지역거점 15개소 우선 안내 / 자치구 마음상담소·심리상담바우처 / 서울동행맵 기반 이동지원 안내,행정정보 기반 위기가구 선제 발굴 우선지역 지정 / 중장년 취업사관학교·50+캠퍼스 상담·훈련·취업·사후관리 / 서울동행맵·저상버스 이동지원 안내 / 자치구 마음상담소 연계 / 손목닥터9988 우울·불안 자가검진 안내,서울건강장수센터·방문건강관리 연계 / 서울동행맵(AI 음성안내·보행경로) 우선 안내 / 저상버스·장애인콜택시·바우처택시 이동지원 / 9988 서울 프로젝트 우리동네 리액트 라운지 연계 / 손목닥터9988 우울·불안 자가검진 연계,현행·지속 + 2026년 확대 추진 중 + 2026년 시행 예정 연계,2026년 확대 추진 중 / 2026.3Q~4Q 예정,"서울건강장수센터(2026년 33개소 확대), 방문건강관리(현행), 서울동행맵(현행·고도화 추진), 저상버스 확대(2026년 추진), 장애인콜택시 증차(2026년 추진), 바우처택시(현행), 마을버스 서비스 개선(2026년 추진), 손목닥터9988(2026년 확대), 자치구 마음상담소(현행·확대)","서울동행맵 AI 음성 안내(2026년 3분기 예정), 서울동행맵 보행경로 내비게이션(2026년 4분기 예정)"
11030710,청파동,52.68461646371034,58.002925434772976,63.66754258706218,64.92364893870224,23.64066193853428,75.60905475139043,46.96219814445674,45.91715976331362,46.51391921651279,62.84023668639054,71.93483534116208,0,1인가구 집중형,1.0286889930277747,1.8214936247723128,1.5430334895416618,1,1,0,1,1,0,2,2형: 복합 결핍형,의료·복지,"동 중심 원스톱 통합돌봄, 돌봄SOS, 자치구 마음상담소·심리상담바우처, 1인가구 건강·마음 동행서비스, 고립가구 위기정보 기반 발굴","의료밀도 하위30%, 복지밀도 하위30%",서울청년기지개센터·기지개LAB 기반 사회진입 지원 / 서울마음편의점·자치구 마음상담소·심리상담바우처 연계 / 외로움 없는 서울 관계형성 프로그램 / 고립·은둔청년 온라인 진입 서비스 우선 안내,행정정보 기반 위기가구 선제 발굴(실직·폐업·이혼 등) 우선지역 지정 / 1인가구 건강·이사·마음 동행서비스 / 중장년 취업사관학교(50+캠퍼스) 원스톱 취업지원 연계 / 자치구 마음상담소·심리상담바우처 / 손목닥터9988 우울·불안 자가검진 안내,동 중심 원스톱 통합돌봄 우선 적용 / 돌봄SOS 긴급돌봄·중장기 돌봄서비스 연계 / 서울건강장수센터·방문건강관리 / 노인맞춤돌봄서비스 중점돌봄군 우선 지정 / 어르신 돌봄시설 확충 우선 검토 / 손목닥터9988 우울·불안 자가검진 연계,현행·지속 + 2026년 신규 시행 중,2026.3 신규 시행·현재 시행 중 / 2026년 확대 추진 중,"동 중심 원스톱 통합돌봄(2026.3 신규 시행), 돌봄SOS(현행), 우리동네돌봄단(현행), 서울건강장수센터(2026년 33개소 확대), 방문건강관리(현행), 자치구 마음상담소(현행·확대), 심리상담바우처(현행·확대), 손목닥터9988(2026년 확대), 1인가구 건강·이사·마음 동행서비스(2026년 통합지원), 고립가구 위기정보 기반 발굴 시스템(2026년 도입)","9988 서울 프로젝트 리액트 센터(~2035년 중장기 조성), 1인가구 지원 5개년 종합계획(2027~2031 수립 추진)"
11030720,원효로1동,53.0475275133158,56.35833672704224,60.1421621998478,53.13385678726418,38.061465721040186,67.99042466861721,37.17178104353888,54.31952662721894,29.71011845505129,84.97041420118343,54.35665230760743,0,1인가구 집중형,1.1996800853105838,2.895752895752896,1.932817915222608,1,0,0,0,0,0,1,1형: 단일 결핍형,의료,"서울건강장수센터·방문건강관리, 자치구 마음상담소·심리상담바우처, 공공의료 접근성 안내",의료밀도 중앙값 미만,자치구 마음상담소·심리상담바우처 / 고립·은둔청년 온라인 진입 서비스 안내,행정정보 기반 위기가구 선제 발굴 / 자치구 마음상담소·심리상담바우처 / 손목닥터9988 우울·불안 자가검진 안내,서울건강장수센터·방문건강관리 연계 / 돌봄SOS 안내 / 손목닥터9988 우울·불안 자가검진 연계,현행·지속 + 2026년 확대 추진 중,2026년 확대 추진 중,"서울건강장수센터(2026년 33개소 확대), 방문건강관리(현행), 자치구 마음상담소(현행·확대), 심리상담바우처(현행·확대), 손목닥터9988(2026년 확대)","서울동행맵 AI 음성 안내(2026년 3분기 예정), 서울동행맵 보행경로 내비게이션(2026년 4분기 예정)"
11030730,한강로동,24.646105579326427,22.98012393754272,23.63804324662585,46.50501874790944,1.3002364066193763,37.06251816774197,37.93534666583913,1.42011834319527,27.922893440767847,3.5502958579881607,37.35746890705873,1,도심상업형,4.022440986556579,3.107520198881293,2.3817084788821847,0,0,0,0,0,0,0,0형: 인프라 양호형,없음,"외로움 없는 서울, 1인가구 맞춤형 지원, 마음건강서비스 안내 및 정기 모니터링",인프라 상대 양호,서울마음편의점·외로움 없는 서울 관계형성 프로그램 안내 / 정기 모니터링 / 365 서울챌린지·참여형 안부확인 적립금 연계,1인가구 건강·이사·마음 동행서비스 안내 / 정기 모니터링 / 365 서울챌린지·참여형 안부확인 적립금 연계,노인맞춤돌봄서비스 안내 / 9988 서울 프로젝트 정보 제공 / 정기 모니터링 / 365 서울챌린지·참여형 안부확인 적립금 연계 / 시니어 취업사관학교 5개소 연계,현행·지속 운영 + 정기 모니터링,2026년 지속,"외로움 없는 서울(현행·확대), 우리동네돌봄단(현행), 1인가구 건강·이사·마음 동행서비스(2026년 통합지원)",1인가구 지원 5개년 종합계획(2027~2031 수립 추진)
11030740,한남동,32.14298847817632,35.286335922484675,43.05242013928122,25.333754720517703,9.692671394799063,57.99792244038288,29.666603962426823,15.384615384615389,16.176647868514184,37.751479289940825,59.12016180910911,3,생활안정형,2.010111469817872,2.242152466367713,2.131936407382592,0,1,0,0,0,0,1,1형: 단일 결핍형,복지,"동 중심 원스톱 통합돌봄, 돌봄SOS, 1인가구 건강·이사·마음 동행서비스, 고립가구 위기정보 기반 발굴",복지밀도 중앙값 미만,서울청년기지개센터·기지개LAB 집중 발굴 / 외로움 없는 서울 관계형성 프로그램,행정정보 기반 위기가구 선제 발굴 / 우리동네돌봄단 안부확인 / 중장년 취업사관학교·50+캠퍼스 연계,동 중심 원스톱 통합돌봄 우선 적용 / 돌봄SOS / 9988 서울 프로젝트 리액트 라운지 연계 / 시니어 취업사관학교 5개소 연계,현행·지속 + 2026년 신규 시행 중,2026.3 신규 시행·현재 시행 중 / 2026년 확대 추진 중,"동 중심 원스톱 통합돌봄(2026.3 신규 시행), 돌봄SOS(현행), 우리동네돌봄단(현행), 고립가구 위기정보 기반 발굴 시스템(2026년 도입), 1인가구 건강·이사·마음 동행서비스(2026년 통합지원)",9988 서울 프로젝트 리액트 센터(~2035년 중장기 조성)
11040520,왕십리2동,67.61523329822691,71.30749113962116,51.40778665887188,27.02189943751916,77.30496453900709,78.22216898780057,23.051697604161507,88.5207100591716,30.972456842315776,88.16568047337279,31.900682499396105,2,활동적 도심형,1.070434596446157,5.852231163130944,1.3558838221651324,1,0,1,0,0,0,2,2형: 복합 결핍형,의료·교통,"서울건강장수센터·방문건강관리, 서울동행맵, 저상버스·교통약자 이동지원, 마을버스 서비스 개선","의료밀도 중앙값 미만, 교통밀도 중앙값 미만",고립·은둔청년 온라인 진입 서비스 및 지역거점 15개소 우선 안내 / 자치구 마음상담소·심리상담바우처 / 서울동행맵 기반 이동지원 안내,행정정보 기반 위기가구 선제 발굴 우선지역 지정 / 중장년 취업사관학교·50+캠퍼스 상담·훈련·취업·사후관리 / 서울동행맵·저상버스 이동지원 안내 / 자치구 마음상담소 연계 / 손목닥터9988 우울·불안 자가검진 안내,서울건강장수센터·방문건강관리 연계 / 서울동행맵(AI 음성안내·보행경로) 우선 안내 / 저상버스·장애인콜택시·바우처택시 이동지원 / 9988 서울 프로젝트 우리동네 리액트 라운지 연계 / 손목닥터9988 우울·불안 자가검진 연계,현행·지속 + 2026년 확대 추진 중 + 2026년 시행 예정 연계,2026년 확대 추진 중 / 2026.3Q~4Q 예정,"서울건강장수센터(2026년 33개소 확대), 방문건강관리(현행), 서울동행맵(현행·고도화 추진), 저상버스 확대(2026년 추진), 장애인콜택시 증차(2026년 추진), 바우처택시(현행), 마을버스 서비스 개선(2026년 추진), 손목닥터9988(2026년 확대), 자치구 마음상담소(현행·확대)","서울동행맵 AI 음성 안내(2026년 3분기 예정), 서울동행맵 보행경로 내비게이션(2026년 4분기 예정)"
11040540,마장동,56.6123895732184,51.75565105343421,40.63955736821623,49.61169764855726,42.19858156028368,74.52654354848366,23.57132201635751,43.07692307692308,31.871151567196225,42.01183431952664,43.469300095428125,3,생활안정형,0.8320332813312532,3.860072376357057,1.7160686427457097,1,0,0,1,0,0,1,1형: 단일 결핍형,의료,"서울건강장수센터·방문건강관리, 자치구 마음상담소·심리상담바우처, 공공의료 접근성 안내",의료밀도 하위30%,자치구 마음상담소·심리상담바우처 / 고립·은둔청년 온라인 진입 서비스 안내,행정정보 기반 위기가구 선제 발굴 / 자치구 마음상담소·심리상담바우처 / 손목닥터9988 우울·불안 자가검진 안내,서울건강장수센터·방문건강관리 연계 / 돌봄SOS 안내 / 손목닥터9988 우울·불안 자가검진 연계,현행·지속 + 2026년 확대 추진 중,2026년 확대 추진 중,"서울건강장수센터(2026년 33개소 확대), 방문건강관리(현행), 자치구 마음상담소(현행·확대), 심리상담바우처(현행·확대), 손목닥터9988(2026년 확대)","서울동행맵 AI 음성 안내(2026년 3분기 예정), 서울동행맵 보행경로 내비게이션(2026년 4분기 예정)"
11040550,사근동,37.712194908354384,48.817472076014944,41.99173091303743,88.66421652881995,8.747044917257682,41.20133408921831,34.58410048566174,63.55029585798817,30.441473241443774,76.09467455621302,20.60066704460916,1,도심상업형,1.1852662290299052,5.825242718446602,4.102844638949671,1,0,0,0,0,0,1,1형: 단일 결핍형,의료,"서울건강장수센터·방문건강관리, 자치구 마음상담소·심리상담바우처, 공공의료 접근성 안내",의료밀도 중앙값 미만,자치구 마음상담소·심리상담바우처 / 고립·은둔청년 온라인 진입 서비스 안내,행정정보 기반 위기가구 선제 발굴 / 자치구 마음상담소·심리상담바우처 / 손목닥터9988 우울·불안 자가검진 안내,서울건강장수센터·방문건강관리 연계 / 돌봄SOS 안내 / 손목닥터9988 우울·불안 자가검진 연계,현행·지속 + 2026년 확대 추진 중,2026년 확대 추진 중,"서울건강장수센터(2026년 33개소 확대), 방문건강관리(현행), 자치구 마음상담소(현행·확대), 심리상담바우처(현행·확대), 손목닥터9988(2026년 확대)","서울동행맵 AI 음성 안내(2026년 3분기 예정), 서울동행맵 보행경로 내비게이션(2026년 4분기 예정)"
11040560,행당1동,26.343652543786604,26.528710015464657,30.47804979327172,38.636538672339846,13.947990543735216,32.59287147956136,26.03768877500529,20.710059171597635,30.179970061253847,23.07692307692308,36.366961564661935,3,생활안정형,3.7965072133637054,3.109729009329187,2.7841052898000505,0,0,0,0,0,0,0,0형: 인프라 양호형,없음,"외로움 없는 서울, 1인가구 맞춤형 지원, 마음건강서비스 안내 및 정기 모니터링",인프라 상대 양호,서울마음편의점·외로움 없는 서울 관계형성 프로그램 안내 / 정기 모니터링 / 365 서울챌린지·참여형 안부확인 적립금 연계,1인가구 건강·이사·마음 동행서비스 안내 / 정기 모니터링 / 365 서울챌린지·참여형 안부확인 적립금 연계,노인맞춤돌봄서비스 안내 / 9988 서울 프로젝트 정보 제공 / 정기 모니터링 / 365 서울챌린지·참여형 안부확인 적립금 연계 / 시니어 취업사관학교 5개소 연계,현행·지속 운영 + 정기 모니터링,2026년 지속,"외로움 없는 서울(현행·확대), 우리동네돌봄단(현행), 1인가구 건강·이사·마음 동행서비스(2026년 통합지원)",1인가구 지원 5개년 종합계획(2027~2031 수립 추진)
11040570,행당2동,60.12673862027905,60.130166830322985,59.132334551560064,7.582202619297859,69.97635933806147,76.54938590298721,12.640819742090189,67.45562130177515,25.9900285011924,67.10059171597634,67.66471500162193,2,활동적 도심형,0.8224529659710086,2.172338884866039,1.593502621568829,1,1,0,1,0,0,2,2형: 복합 결핍형,의료·복지,"동 중심 원스톱 통합돌봄, 돌봄SOS, 자치구 마음상담소·심리상담바우처, 1인가구 건강·마음 동행서비스, 고립가구 위기정보 기반 발굴","의료밀도 하위30%, 복지밀도 중앙값 미만",서울청년기지개센터·기지개LAB 기반 사회진입 지원 / 서울마음편의점·자치구 마음상담소·심리상담바우처 연계 / 외로움 없는 서울 관계형성 프로그램 / 고립·은둔청년 온라인 진입 서비스 우선 안내,행정정보 기반 위기가구 선제 발굴(실직·폐업·이혼 등) 우선지역 지정 / 1인가구 건강·이사·마음 동행서비스 / 중장년 취업사관학교(50+캠퍼스) 원스톱 취업지원 연계 / 자치구 마음상담소·심리상담바우처 / 손목닥터9988 우울·불안 자가검진 안내,동 중심 원스톱 통합돌봄 우선 적용 / 돌봄SOS 긴급돌봄·중장기 돌봄서비스 연계 / 서울건강장수센터·방문건강관리 / 노인맞춤돌봄서비스 중점돌봄군 우선 지정 / 어르신 돌봄시설 확충 우선 검토 / 손목닥터9988 우울·불안 자가검진 연계,현행·지속 + 2026년 신규 시행 중,2026.3 신규 시행·현재 시행 중 / 2026년 확대 추진 중,"동 중심 원스톱 통합돌봄(2026.3 신규 시행), 돌봄SOS(현행), 우리동네돌봄단(현행), 서울건강장수센터(2026년 33개소 확대), 방문건강관리(현행), 자치구 마음상담소(현행·확대), 심리상담바우처(현행·확대), 손목닥터9988(2026년 확대), 1인가구 건강·이사·마음 동행서비스(2026년 통합지원), 고립가구 위기정보 기반 발굴 시스템(2026년 도입)","9988 서울 프로젝트 리액트 센터(~2035년 중장기 조성), 1인가구 지원 5개년 종합계획(2027~2031 수립 추진)"
11040580,응봉동,65.42158424040917,64.95678049305424,57.34611818719041,11.143149501244755,95.0354609929078,62.94692485749274,14.27466813490105,92.3076923076923,19.989326499031144,92.07100591715977,46.940890703062806,2,활동적 도심형,0.3199488081906895,3.424657534246576,2.7195648696208607,1,0,0,1,0,0,1,1형: 단일 결핍형,의료,"서울건강장수센터·방문건강관리, 자치구 마음상담소·심리상담바우처, 공공의료 접근성 안내",의료밀도 하위30%,자치구 마음상담소·심리상담바우처 / 고립·은둔청년 온라인 진입 서비스 안내,행정정보 기반 위기가구 선제 발굴 / 자치구 마음상담소·심리상담바우처 / 손목닥터9988 우울·불안 자가검진 안내,서울건강장수센터·방문건강관리 연계 / 돌봄SOS 안내 / 손목닥터9988 우울·불안 자가검진 연계,현행·지속 + 2026년 확대 추진 중,2026년 확대 추진 중,"서울건강장수센터(2026년 33개소 확대), 방문건강관리(현행), 자치구 마음상담소(현행·확대), 심리상담바우처(현행·확대), 손목닥터9988(2026년 확대)","서울동행맵 AI 음성 안내(2026년 3분기 예정), 서울동행맵 보행경로 내비게이션(2026년 4분기 예정)"
11040590,금호1가동,52.85162005810885,52.23242108075203,55.56940679874794,14.504577416241435,78.72340425531915,46.15335718183224,19.506278614060165,74.67455621301775,34.5331602581293,76.80473372781066,48.40248431641855,2,활동적 도심형,1.341540404040404,2.835873803615739,3.235479797979798,1,0,0,0,0,0,1,1형: 단일 결핍형,의료,"서울건강장수센터·방문건강관리, 자치구 마음상담소·심리상담바우처, 공공의료 접근성 안내",의료밀도 중앙값 미만,자치구 마음상담소·심리상담바우처 / 고립·은둔청년 온라인 진입 서비스 안내,행정정보 기반 위기가구 선제 발굴 / 자치구 마음상담소·심리상담바우처 / 손목닥터9988 우울·불안 자가검진 안내,서울건강장수센터·방문건강관리 연계 / 돌봄SOS 안내 / 손목닥터9988 우울·불안 자가검진 연계,현행·지속 + 2026년 확대 추진 중,2026년 확대 추진 중,"서울건강장수센터(2026년 33개소 확대), 방문건강관리(현행), 자치구 마음상담소(현행·확대), 심리상담바우처(현행·확대), 손목닥터9988(2026년 확대)","서울동행맵 AI 음성 안내(2026년 3분기 예정), 서울동행맵 보행경로 내비게이션(2026년 4분기 예정)"
11040620,금호4가동,53.03647760981816,54.04704523904526,44.72624215303132,17.414265605747943,80.37825059101655,43.50581063065488,23.46029132444905,79.88165680473374,33.49991445101937,74.9112426035503,26.2384985590774,2,활동적 도심형,2.7406361597873934,4.196871423120946,2.657586579187775,0,0,0,0,0,0,0,0형: 인프라 양호형,없음,"외로움 없는 서울, 1인가구 맞춤형 지원, 마음건강서비스 안내 및 정기 모니터링",인프라 상대 양호,서울마음편의점·외로움 없는 서울 관계형성 프로그램 안내 / 정기 모니터링 / 365 서울챌린지·참여형 안부확인 적립금 연계,1인가구 건강·이사·마음 동행서비스 안내 / 정기 모니터링 / 365 서울챌린지·참여형 안부확인 적립금 연계,노인맞춤돌봄서비스 안내 / 9988 서울 프로젝트 정보 제공 / 정기 모니터링 / 365 서울챌린지·참여형 안부확인 적립금 연계 / 시니어 취업사관학교 5개소 연계,현행·지속 운영 + 정기 모니터링,2026년 지속,"외로움 없는 서울(현행·확대), 우리동네돌봄단(현행), 1인가구 건강·이사·마음 동행서비스(2026년 통합지원)",1인가구 지원 5개년 종합계획(2027~2031 수립 추진)
11040650,성수1가1동,43.52046746254545,50.83301770564735,43.46878921685047,28.914419654636514,31.796690307328603,62.547268521716745,27.532089946341674,50.76923076923077,31.35400932885586,71.36094674556213,27.15923553362788,3,생활안정형,1.0935335714806445,5.334427574887156,2.332871619158708,1,0,0,0,0,0,1,1형: 단일 결핍형,의료,"서울건강장수센터·방문건강관리, 자치구 마음상담소·심리상담바우처, 공공의료 접근성 안내",의료밀도 중앙값 미만,자치구 마음상담소·심리상담바우처 / 고립·은둔청년 온라인 진입 서비스 안내,행정정보 기반 위기가구 선제 발굴 / 자치구 마음상담소·심리상담바우처 / 손목닥터9988 우울·불안 자가검진 안내,서울건강장수센터·방문건강관리 연계 / 돌봄SOS 안내 / 손목닥터9988 우울·불안 자가검진 연계,현행·지속 + 2026년 확대 추진 중,2026년 확대 추진 중,"서울건강장수센터(2026년 33개소 확대), 방문건강관리(현행), 자치구 마음상담소(현행·확대), 심리상담바우처(현행·확대), 손목닥터9988(2026년 확대)","서울동행맵 AI 음성 안내(2026년 3분기 예정), 서울동행맵 보행경로 내비게이션(2026년 4분기 예정)"
11040660,성수1가2동,39.91244654437947,45.84650068170235,46.76792043459614,43.81655376500766,16.784869976359346,61.08796950208549,34.39384251084963,36.33136094674556,29.31191964421152,80.59171597633136,28.2187464756397,3,생활안정형,3.0035667354984046,4.400977995110024,1.407921907264877,0,0,0,0,0,0,0,0형: 인프라 양호형,없음,"외로움 없는 서울, 1인가구 맞춤형 지원, 마음건강서비스 안내 및 정기 모니터링",인프라 상대 양호,서울마음편의점·외로움 없는 서울 관계형성 프로그램 안내 / 정기 모니터링 / 365 서울챌린지·참여형 안부확인 적립금 연계,1인가구 건강·이사·마음 동행서비스 안내 / 정기 모니터링 / 365 서울챌린지·참여형 안부확인 적립금 연계,노인맞춤돌봄서비스 안내 / 9988 서울 프로젝트 정보 제공 / 정기 모니터링 / 365 서울챌린지·참여형 안부확인 적립금 연계 / 시니어 취업사관학교 5개소 연계,현행·지속 운영 + 정기 모니터링,2026년 지속,"외로움 없는 서울(현행·확대), 우리동네돌봄단(현행), 1인가구 건강·이사·마음 동행서비스(2026년 통합지원)",1인가구 지원 5개년 종합계획(2027~2031 수립 추진)
11040670,성수2가1동,42.53422281354421,49.89403454726458,51.2117645747448,32.205132667994874,32.97872340425532,57.25426729560776,36.26341329303634,49.34911242603551,40.69397692461082,78.34319526627219,34.78411299250526,0,1인가구 집중형,1.7280240420736288,4.0026684456304205,2.329075882794891,0,0,0,0,0,0,0,0형: 인프라 양호형,없음,"외로움 없는 서울, 1인가구 맞춤형 지원, 마음건강서비스 안내 및 정기 모니터링",인프라 상대 양호,서울마음편의점·외로움 없는 서울 관계형성 프로그램 안내 / 정기 모니터링 / 365 서울챌린지·참여형 안부확인 적립금 연계,1인가구 건강·이사·마음 동행서비스 안내 / 정기 모니터링 / 365 서울챌린지·참여형 안부확인 적립금 연계,노인맞춤돌봄서비스 안내 / 9988 서울 프로젝트 정보 제공 / 정기 모니터링 / 365 서울챌린지·참여형 안부확인 적립금 연계 / 시니어 취업사관학교 5개소 연계,현행·지속 운영 + 정기 모니터링,2026년 지속,"외로움 없는 서울(현행·확대), 우리동네돌봄단(현행), 1인가구 건강·이사·마음 동행서비스(2026년 통합지원)",1인가구 지원 5개년 종합계획(2027~2031 수립 추진)
11040680,성수2가3동,20.754291103528573,19.99846786767443,20.0088895960187,44.44370396649936,3.3096926713947994,26.35418310417695,32.60941691700047,7.33727810650889,21.35690048454855,33.01775147928994,9.291769958572251,1,도심상업형,5.247622171203673,5.3361792956243335,2.405160161801684,0,0,0,0,0,0,0,0형: 인프라 양호형,없음,"외로움 없는 서울, 1인가구 맞춤형 지원, 마음건강서비스 안내 및 정기 모니터링",인프라 상대 양호,서울마음편의점·외로움 없는 서울 관계형성 프로그램 안내 / 정기 모니터링 / 365 서울챌린지·참여형 안부확인 적립금 연계,1인가구 건강·이사·마음 동행서비스 안내 / 정기 모니터링 / 365 서울챌린지·참여형 안부확인 적립금 연계,노인맞춤돌봄서비스 안내 / 9988 서울 프로젝트 정보 제공 / 정기 모니터링 / 365 서울챌린지·참여형 안부확인 적립금 연계 / 시니어 취업사관학교 5개소 연계,현행·지속 운영 + 정기 모니터링,2026년 지속,"외로움 없는 서울(현행·확대), 우리동네돌봄단(현행), 1인가구 건강·이사·마음 동행서비스(2026년 통합지원)",1인가구 지원 5개년 종합계획(2027~2031 수립 추진)
11040690,송정동,68.11321410300565,77.27797638794638,63.44646592542975,44.663710176863255,70.92198581560284,77.02919435347965,41.32557607300929,95.50295857988166,42.21992420651007,97.63313609467455,46.29085211331475,2,활동적 도심형,1.0122595883477674,3.690036900369003,1.4621527387245528,1,0,0,1,0,0,1,1형: 단일 결핍형,의료,"서울건강장수센터·방문건강관리, 자치구 마음상담소·심리상담바우처, 공공의료 접근성 안내",의료밀도 하위30%,자치구 마음상담소·심리상담바우처 / 고립·은둔청년 온라인 진입 서비스 안내,행정정보 기반 위기가구 선제 발굴 / 자치구 마음상담소·심리상담바우처 / 손목닥터9988 우울·불안 자가검진 안내,서울건강장수센터·방문건강관리 연계 / 돌봄SOS 안내 / 손목닥터9988 우울·불안 자가검진 연계,현행·지속 + 2026년 확대 추진 중,2026년 확대 추진 중,"서울건강장수센터(2026년 33개소 확대), 방문건강관리(현행), 자치구 마음상담소(현행·확대), 심리상담바우처(현행·확대), 손목닥터9988(2026년 확대)","서울동행맵 AI 음성 안내(2026년 3분기 예정), 서울동행맵 보행경로 내비게이션(2026년 4분기 예정)"
11040700,용답동,63.89340945463491,66.64251250824623,62.05132973703364,74.99964979534185,48.3451536643026,73.88854507461376,55.73133038016928,64.85207100591717,54.50357618518575,70.29585798816568,58.99347600919668,0,1인가구 집중형,1.6103059581320451,2.640845070422535,1.3419216317767044,0,0,1,0,0,0,1,1형: 단일 결핍형,교통,"서울동행맵, 저상버스·교통약자 이동지원, 마을버스 서비스 개선",교통밀도 중앙값 미만,서울동행맵 이동지원 안내 / 외로움 없는 서울 프로그램 연계,서울동행맵·저상버스 이동지원 안내 / 중장년 취업사관학교·50+캠퍼스 연계,서울동행맵(AI 음성안내·보행경로) 우선 안내 / 저상버스·장애인콜택시·바우처택시 이동지원,현행·지속 + 2026년 확대 추진 중 + 2026년 시행 예정 연계,2026년 확대 추진 중 / 2026.3Q~4Q 예정,"서울동행맵(현행·고도화 추진), 저상버스 확대(2026년 추진), 장애인콜택시 증차(2026년 추진), 바우처택시(현행), 마을버스 서비스 개선(2026년 추진)","서울동행맵 AI 음성 안내(2026년 3분기 예정), 서울동행맵 보행경로 내비게이션(2026년 4분기 예정)"
11040710,왕십리도선동,38.55364765313104,37.047562220948805,31.546189038745112,31.41622415797427,16.312056737588648,64.36395031625182,21.00695189235872,17.751479289940832,32.79984283391251,16.2130177514793,42.9148094643219,3,생활안정형,2.776431184169935,3.4465780403742,1.322110087699969,0,0,1,0,0,0,1,1형: 단일 결핍형,교통,"서울동행맵, 저상버스·교통약자 이동지원, 마을버스 서비스 개선",교통밀도 중앙값 미만,서울동행맵 이동지원 안내 / 외로움 없는 서울 프로그램 연계,서울동행맵·저상버스 이동지원 안내 / 중장년 취업사관학교·50+캠퍼스 연계,서울동행맵(AI 음성안내·보행경로) 우선 안내 / 저상버스·장애인콜택시·바우처택시 이동지원,현행·지속 + 2026년 확대 추진 중 + 2026년 시행 예정 연계,2026년 확대 추진 중 / 2026.3Q~4Q 예정,"서울동행맵(현행·고도화 추진), 저상버스 확대(2026년 추진), 장애인콜택시 증차(2026년 추진), 바우처택시(현행), 마을버스 서비스 개선(2026년 추진)","서울동행맵 AI 음성 안내(2026년 3분기 예정), 서울동행맵 보행경로 내비게이션(2026년 4분기 예정)"
11040720,금호2·3가동,55.82020067223596,56.340663776206654,47.23149413823552,16.8262742889025,67.37588652482269,63.76147801131596,22.819416112839168,65.68047337278108,26.277353371739675,57.0414201183432,48.9145031610388,2,활동적 도심형,1.203495369159123,3.194103194103194,2.197687195855789,1,0,0,0,0,0,1,1형: 단일 결핍형,의료,"서울건강장수센터·방문건강관리, 자치구 마음상담소·심리상담바우처, 공공의료 접근성 안내",의료밀도 중앙값 미만,자치구 마음상담소·심리상담바우처 / 고립·은둔청년 온라인 진입 서비스 안내,행정정보 기반 위기가구 선제 발굴 / 자치구 마음상담소·심리상담바우처 / 손목닥터9988 우울·불안 자가검진 안내,서울건강장수센터·방문건강관리 연계 / 돌봄SOS 안내 / 손목닥터9988 우울·불안 자가검진 연계,현행·지속 + 2026년 확대 추진 중,2026년 확대 추진 중,"서울건강장수센터(2026년 33개소 확대), 방문건강관리(현행), 자치구 마음상담소(현행·확대), 심리상담바우처(현행·확대), 손목닥터9988(2026년 확대)","서울동행맵 AI 음성 안내(2026년 3분기 예정), 서울동행맵 보행경로 내비게이션(2026년 4분기 예정)"
11040730,옥수동,51.129461675239696,49.10154711412817,40.892525966678,11.51004777886424,56.50118203309692,65.56744826557019,18.751537264352503,47.81065088757397,20.584142876865133,45.79881656804734,46.10247020552978,3,생활안정형,1.443606221477135,3.40522133938706,1.9558535903883767,1,0,0,0,0,0,1,1형: 단일 결핍형,의료,"서울건강장수센터·방문건강관리, 자치구 마음상담소·심리상담바우처, 공공의료 접근성 안내",의료밀도 중앙값 미만,자치구 마음상담소·심리상담바우처 / 고립·은둔청년 온라인 진입 서비스 안내,행정정보 기반 위기가구 선제 발굴 / 자치구 마음상담소·심리상담바우처 / 손목닥터9988 우울·불안 자가검진 안내,서울건강장수센터·방문건강관리 연계 / 돌봄SOS 안내 / 손목닥터9988 우울·불안 자가검진 연계,현행·지속 + 2026년 확대 추진 중,2026년 확대 추진 중,"서울건강장수센터(2026년 33개소 확대), 방문건강관리(현행), 자치구 마음상담소(현행·확대), 심리상담바우처(현행·확대), 손목닥터9988(2026년 확대)","서울동행맵 AI 음성 안내(2026년 3분기 예정), 서울동행맵 보행경로 내비게이션(2026년 4분기 예정)"
11050530,화양동,48.28976955553002,55.48044243588501,53.80980225129946,92.36448623273756,2.4822695035460782,72.05991126891018,70.0871233694153,31.59763313609469,41.85406112566567,46.98224852071007,64.43378454203956,0,1인가구 집중형,2.5015634771732334,2.104377104377104,0.982757080318056,0,1,1,0,0,1,2,2형: 복합 결핍형,복지·교통,"돌봄SOS, 우리동네돌봄단 안부확인, 서울동행맵, 저상버스·교통약자 이동지원","복지밀도 중앙값 미만, 교통밀도 하위30%",외로움 없는 서울 관계형성 프로그램 / 서울청년기지개센터 집중 발굴 / 서울동행맵·저상버스 등 이동지원 안내,1인가구 건강·이사·마음 동행서비스 / 우리동네돌봄단 안부확인 / 중장년 취업사관학교·50+캠퍼스 연계 / 서울동행맵·마을버스 서비스 개선 활용,돌봄SOS 긴급돌봄·중장기 돌봄서비스 연계 / 9988 서울 프로젝트(리액트 라운지·시니어 동행상점) / 서울동행맵·저상버스·교통약자 이동지원 / 안심돌봄가정 확충 / 시니어 취업사관학교 5개소 연계,현행·지속 + 2026년 신규 시행 중 + 2026년 시행 예정 연계,2026.3 신규 시행·현재 시행 중 / 2026.3Q~4Q 예정,"동 중심 원스톱 통합돌봄(2026.3 신규 시행), 돌봄SOS(현행), 우리동네돌봄단(현행), 서울동행맵(현행·고도화 추진), 저상버스 확대(2026년 추진), 장애인콜택시 증차(2026년 추진), 바우처택시(현행), 1인가구 건강·이사·마음 동행서비스(2026년 통합지원)","서울동행맵 AI 음성 안내(2026년 3분기 예정), 서울동행맵 보행경로 내비게이션(2026년 4분기 예정), 9988 서울 프로젝트 리액트 센터(~2035년 중장기 조성)"
11050540,군자동,46.94747076664782,59.95004405244144,60.15719146620965,63.44330159456045,15.839243498817964,69.80778262052135,39.66128224009936,60.23668639053255,39.70970263103244,72.3076923076923,59.79457473846857,0,1인가구 집중형,1.937984496124031,2.456248081056186,1.424988600091199,0,0,0,0,0,0,0,0형: 인프라 양호형,없음,"외로움 없는 서울, 1인가구 맞춤형 지원, 마음건강서비스 안내 및 정기 모니터링",인프라 상대 양호,서울마음편의점·외로움 없는 서울 관계형성 프로그램 안내 / 정기 모니터링 / 365 서울챌린지·참여형 안부확인 적립금 연계,1인가구 건강·이사·마음 동행서비스 안내 / 정기 모니터링 / 365 서울챌린지·참여형 안부확인 적립금 연계,노인맞춤돌봄서비스 안내 / 9988 서울 프로젝트 정보 제공 / 정기 모니터링 / 365 서울챌린지·참여형 안부확인 적립금 연계 / 시니어 취업사관학교 5개소 연계,현행·지속 운영 + 정기 모니터링,2026년 지속,"외로움 없는 서울(현행·확대), 우리동네돌봄단(현행), 1인가구 건강·이사·마음 동행서비스(2026년 통합지원)",1인가구 지원 5개년 종합계획(2027~2031 수립 추진)
11050550,중곡1동,59.45098636708695,63.17089686519613,70.29950491206681,51.17705435413885,59.69267139479905,63.34626734584889,40.52289637984497,74.31952662721895,41.543024051104624,80.0,75.53533355965752,0,1인가구 집중형,2.567394094993581,1.1144130757800892,1.4976465554129226,0,1,0,0,1,0,1,1형: 단일 결핍형,복지,"동 중심 원스톱 통합돌봄, 돌봄SOS, 1인가구 건강·이사·마음 동행서비스, 고립가구 위기정보 기반 발굴",복지밀도 하위30%,서울청년기지개센터·기지개LAB 집중 발굴 / 외로움 없는 서울 관계형성 프로그램,행정정보 기반 위기가구 선제 발굴 / 우리동네돌봄단 안부확인 / 중장년 취업사관학교·50+캠퍼스 연계,동 중심 원스톱 통합돌봄 우선 적용 / 돌봄SOS / 9988 서울 프로젝트 리액트 라운지 연계 / 시니어 취업사관학교 5개소 연계,현행·지속 + 2026년 신규 시행 중,2026.3 신규 시행·현재 시행 중 / 2026년 확대 추진 중,"동 중심 원스톱 통합돌봄(2026.3 신규 시행), 돌봄SOS(현행), 우리동네돌봄단(현행), 고립가구 위기정보 기반 발굴 시스템(2026년 도입), 1인가구 건강·이사·마음 동행서비스(2026년 통합지원)",9988 서울 프로젝트 리액트 센터(~2035년 중장기 조성)
11050560,중곡2동,54.62168399424619,55.89167686536402,56.19335393683856,41.94181895417599,44.44444444444444,71.13885606408303,31.618542021139245,52.781065088757394,37.77289454809512,48.5207100591716,70.34783668113218,0,1인가구 집중형,2.324449970268663,1.682557487380819,1.1351964971079518,0,1,1,0,1,0,2,2형: 복합 결핍형,복지·교통,"돌봄SOS, 우리동네돌봄단 안부확인, 서울동행맵, 저상버스·교통약자 이동지원","복지밀도 하위30%, 교통밀도 중앙값 미만",외로움 없는 서울 관계형성 프로그램 / 서울청년기지개센터 집중 발굴 / 서울동행맵·저상버스 등 이동지원 안내,1인가구 건강·이사·마음 동행서비스 / 우리동네돌봄단 안부확인 / 중장년 취업사관학교·50+캠퍼스 연계 / 서울동행맵·마을버스 서비스 개선 활용,돌봄SOS 긴급돌봄·중장기 돌봄서비스 연계 / 9988 서울 프로젝트(리액트 라운지·시니어 동행상점) / 서울동행맵·저상버스·교통약자 이동지원 / 안심돌봄가정 확충 / 시니어 취업사관학교 5개소 연계,현행·지속 + 2026년 신규 시행 중 + 2026년 시행 예정 연계,2026.3 신규 시행·현재 시행 중 / 2026.3Q~4Q 예정,"동 중심 원스톱 통합돌봄(2026.3 신규 시행), 돌봄SOS(현행), 우리동네돌봄단(현행), 서울동행맵(현행·고도화 추진), 저상버스 확대(2026년 추진), 장애인콜택시 증차(2026년 추진), 바우처택시(현행), 1인가구 건강·이사·마음 동행서비스(2026년 통합지원)","서울동행맵 AI 음성 안내(2026년 3분기 예정), 서울동행맵 보행경로 내비게이션(2026년 4분기 예정), 9988 서울 프로젝트 리액트 센터(~2035년 중장기 조성)"
11050570,중곡3동,65.99530368215284,68.19110273070336,73.36387377849042,37.58469456248142,75.76832151300236,70.42759041113901,39.86364644070623,80.11834319526628,50.93040561612112,75.7396449704142,81.48648203471383,0,1인가구 집중형,1.3955760240039077,0.9819967266775776,1.6746912288046891,1,1,0,0,1,0,2,2형: 복합 결핍형,의료·복지,"동 중심 원스톱 통합돌봄, 돌봄SOS, 자치구 마음상담소·심리상담바우처, 1인가구 건강·마음 동행서비스, 고립가구 위기정보 기반 발굴","의료밀도 중앙값 미만, 복지밀도 하위30%",서울청년기지개센터·기지개LAB 기반 사회진입 지원 / 서울마음편의점·자치구 마음상담소·심리상담바우처 연계 / 외로움 없는 서울 관계형성 프로그램 / 고립·은둔청년 온라인 진입 서비스 우선 안내,행정정보 기반 위기가구 선제 발굴(실직·폐업·이혼 등) 우선지역 지정 / 1인가구 건강·이사·마음 동행서비스 / 중장년 취업사관학교(50+캠퍼스) 원스톱 취업지원 연계 / 자치구 마음상담소·심리상담바우처 / 손목닥터9988 우울·불안 자가검진 안내,동 중심 원스톱 통합돌봄 우선 적용 / 돌봄SOS 긴급돌봄·중장기 돌봄서비스 연계 / 서울건강장수센터·방문건강관리 / 노인맞춤돌봄서비스 중점돌봄군 우선 지정 / 어르신 돌봄시설 확충 우선 검토 / 손목닥터9988 우울·불안 자가검진 연계,현행·지속 + 2026년 신규 시행 중,2026.3 신규 시행·현재 시행 중 / 2026년 확대 추진 중,"동 중심 원스톱 통합돌봄(2026.3 신규 시행), 돌봄SOS(현행), 우리동네돌봄단(현행), 서울건강장수센터(2026년 33개소 확대), 방문건강관리(현행), 자치구 마음상담소(현행·확대), 심리상담바우처(현행·확대), 손목닥터9988(2026년 확대), 1인가구 건강·이사·마음 동행서비스(2026년 통합지원), 고립가구 위기정보 기반 발굴 시스템(2026년 도입)","9988 서울 프로젝트 리액트 센터(~2035년 중장기 조성), 1인가구 지원 5개년 종합계획(2027~2031 수립 추진)"
11050580,중곡4동,56.533157494223886,52.47784988355393,55.2285806331822,26.988491393363844,49.17257683215131,78.66607120672649,27.423970909642104,38.81656804733728,34.42592005663788,27.573964497041416,85.98335343975583,3,생활안정형,0.9238802972484434,0.8939746111210441,1.4059048001606749,1,1,0,1,1,0,2,2형: 복합 결핍형,의료·복지,"동 중심 원스톱 통합돌봄, 돌봄SOS, 자치구 마음상담소·심리상담바우처, 1인가구 건강·마음 동행서비스, 고립가구 위기정보 기반 발굴","의료밀도 하위30%, 복지밀도 하위30%",서울청년기지개센터·기지개LAB 기반 사회진입 지원 / 서울마음편의점·자치구 마음상담소·심리상담바우처 연계 / 외로움 없는 서울 관계형성 프로그램 / 고립·은둔청년 온라인 진입 서비스 우선 안내,행정정보 기반 위기가구 선제 발굴(실직·폐업·이혼 등) 우선지역 지정 / 1인가구 건강·이사·마음 동행서비스 / 중장년 취업사관학교(50+캠퍼스) 원스톱 취업지원 연계 / 자치구 마음상담소·심리상담바우처 / 손목닥터9988 우울·불안 자가검진 안내,동 중심 원스톱 통합돌봄 우선 적용 / 돌봄SOS 긴급돌봄·중장기 돌봄서비스 연계 / 서울건강장수센터·방문건강관리 / 노인맞춤돌봄서비스 중점돌봄군 우선 지정 / 어르신 돌봄시설 확충 우선 검토 / 손목닥터9988 우울·불안 자가검진 연계,현행·지속 + 2026년 신규 시행 중,2026.3 신규 시행·현재 시행 중 / 2026년 확대 추진 중,"동 중심 원스톱 통합돌봄(2026.3 신규 시행), 돌봄SOS(현행), 우리동네돌봄단(현행), 서울건강장수센터(2026년 33개소 확대), 방문건강관리(현행), 자치구 마음상담소(현행·확대), 심리상담바우처(현행·확대), 손목닥터9988(2026년 확대), 1인가구 건강·이사·마음 동행서비스(2026년 통합지원), 고립가구 위기정보 기반 발굴 시스템(2026년 도입)","9988 서울 프로젝트 리액트 센터(~2035년 중장기 조성), 1인가구 지원 5개년 종합계획(2027~2031 수립 추진)"
11050590,능동,58.81564704733813,67.31683462818249,69.27985561514876,59.266023413512606,43.02600472813239,74.38010118345665,42.02515420595176,72.89940828402368,31.0799609138659,67.33727810650888,87.76848021132773,0,1인가구 집중형,1.671583087512291,0.5837711617046117,1.2782694198623403,0,1,1,0,1,0,2,2형: 복합 결핍형,복지·교통,"돌봄SOS, 우리동네돌봄단 안부확인, 서울동행맵, 저상버스·교통약자 이동지원","복지밀도 하위30%, 교통밀도 중앙값 미만",외로움 없는 서울 관계형성 프로그램 / 서울청년기지개센터 집중 발굴 / 서울동행맵·저상버스 등 이동지원 안내,1인가구 건강·이사·마음 동행서비스 / 우리동네돌봄단 안부확인 / 중장년 취업사관학교·50+캠퍼스 연계 / 서울동행맵·마을버스 서비스 개선 활용,돌봄SOS 긴급돌봄·중장기 돌봄서비스 연계 / 9988 서울 프로젝트(리액트 라운지·시니어 동행상점) / 서울동행맵·저상버스·교통약자 이동지원 / 안심돌봄가정 확충 / 시니어 취업사관학교 5개소 연계,현행·지속 + 2026년 신규 시행 중 + 2026년 시행 예정 연계,2026.3 신규 시행·현재 시행 중 / 2026.3Q~4Q 예정,"동 중심 원스톱 통합돌봄(2026.3 신규 시행), 돌봄SOS(현행), 우리동네돌봄단(현행), 서울동행맵(현행·고도화 추진), 저상버스 확대(2026년 추진), 장애인콜택시 증차(2026년 추진), 바우처택시(현행), 1인가구 건강·이사·마음 동행서비스(2026년 통합지원)","서울동행맵 AI 음성 안내(2026년 3분기 예정), 서울동행맵 보행경로 내비게이션(2026년 4분기 예정), 9988 서울 프로젝트 리액트 센터(~2035년 중장기 조성)"
11050600,구의1동,59.41307623380851,61.88383454148058,61.034611472698806,56.68365038351425,33.92434988179669,86.26651551096745,40.55478073872239,48.1656804733728,39.15213309756698,65.32544378698225,67.42284339498138,0,1인가구 집중형,1.4193792581377744,2.326257633032858,0.6623769871309614,1,1,1,0,0,1,3,3형: 삼중 결핍형,의료·복지·교통,"동 중심 원스톱 통합돌봄, 돌봄SOS, 외로움 없는 서울(서울마음편의점·서울잇다플레이스), 고립가구 위기정보 기반 발굴·우리동네돌봄단, 1인가구 건강·이사·마음 동행서비스, 서울동행맵·저상버스·교통약자 이동지원, 자치구 마음상담소·심리상담바우처","의료밀도 중앙값 미만, 복지밀도 중앙값 미만, 교통밀도 하위30%",서울청년기지개센터·기지개LAB 사회진입 지원 / 고립·은둔청년 온라인 서비스·지역거점 우선 안내 / 서울마음편의점·자치구 마음상담소·심리상담바우처 / 외로움 없는 서울 관계형성 프로그램 / 서울동행맵 이동 안내 / 365 서울챌린지·참여형 안부확인 적립금 연계,행정정보 기반 위기가구 선제 발굴 우선지역 지정 / 우리동네돌봄단 안부확인 / 1인가구 건강·이사·마음 동행서비스 / 중장년 취업사관학교(50+캠퍼스) 원스톱 취업지원 / 자치구 마음상담소·심리상담바우처 / 서울동행맵·저상버스·교통약자 이동지원 안내 / 손목닥터9988 우울·불안 자가검진 안내 / 365 서울챌린지·참여형 안부확인 적립금 연계,동 중심 원스톱 통합돌봄 우선 적용 / 돌봄SOS 긴급돌봄·중장기 돌봄연계 / 9988 서울 프로젝트(리액트 센터·라운지·시니어 동행상점·어르신 일자리) / 서울건강장수센터·방문건강관리 / 서울동행맵·저상버스·장애인콜택시 이동지원 / 어르신 돌봄시설 확충 우선 검토 / 손목닥터9988 우울·불안 자가검진 연계 / 365 서울챌린지·참여형 안부확인 적립금 연계 / 시니어 취업사관학교 5개소 연계,현행·지속 + 2026년 신규 시행 중 + 2026년 시행 예정 연계,2026.3 신규 시행·현재 시행 중 / 2026.3Q~4Q 예정,"동 중심 원스톱 통합돌봄(2026.3 신규 시행), 돌봄SOS(현행), 외로움 없는 서울(현행·확대), 우리동네돌봄단(현행), 고립가구 위기정보 기반 발굴 시스템(2026년 도입), 1인가구 건강·이사·마음 동행서비스(2026년 통합지원), 서울건강장수센터(2026년 33개소 확대), 방문건강관리(현행), 자치구 마음상담소(현행·확대), 심리상담바우처(현행·확대), 손목닥터9988(2026년 확대), 365 서울챌린지(2026년 추진), 참여형 안부확인 적립금(2026년 추진), 저상버스 확대(2026년 추진), 장애인콜택시 증차(2026년 추진), 바우처택시(현행)","서울동행맵 AI 음성 안내(2026년 3분기 예정), 서울동행맵 보행경로 내비게이션(2026년 4분기 예정), 9988 서울 프로젝트 리액트 센터(~2035년 중장기 조성)"
11050610,구의2동,60.17087704584982,55.49521090357543,57.624628082179626,24.20705092654681,56.26477541371158,82.05889173763956,24.12750181182877,44.61538461538462,32.73235218662895,45.325443786982255,78.25389404313344,3,생활안정형,1.2162710031983424,1.484938481120068,1.0360827064282176,1,1,1,0,1,1,3,3형: 삼중 결핍형,의료·복지·교통,"동 중심 원스톱 통합돌봄, 돌봄SOS, 외로움 없는 서울(서울마음편의점·서울잇다플레이스), 고립가구 위기정보 기반 발굴·우리동네돌봄단, 1인가구 건강·이사·마음 동행서비스, 서울동행맵·저상버스·교통약자 이동지원, 자치구 마음상담소·심리상담바우처","의료밀도 중앙값 미만, 복지밀도 하위30%, 교통밀도 하위30%",서울청년기지개센터·기지개LAB 사회진입 지원 / 고립·은둔청년 온라인 서비스·지역거점 우선 안내 / 서울마음편의점·자치구 마음상담소·심리상담바우처 / 외로움 없는 서울 관계형성 프로그램 / 서울동행맵 이동 안내 / 365 서울챌린지·참여형 안부확인 적립금 연계,행정정보 기반 위기가구 선제 발굴 우선지역 지정 / 우리동네돌봄단 안부확인 / 1인가구 건강·이사·마음 동행서비스 / 중장년 취업사관학교(50+캠퍼스) 원스톱 취업지원 / 자치구 마음상담소·심리상담바우처 / 서울동행맵·저상버스·교통약자 이동지원 안내 / 손목닥터9988 우울·불안 자가검진 안내 / 365 서울챌린지·참여형 안부확인 적립금 연계,동 중심 원스톱 통합돌봄 우선 적용 / 돌봄SOS 긴급돌봄·중장기 돌봄연계 / 9988 서울 프로젝트(리액트 센터·라운지·시니어 동행상점·어르신 일자리) / 서울건강장수센터·방문건강관리 / 서울동행맵·저상버스·장애인콜택시 이동지원 / 어르신 돌봄시설 확충 우선 검토 / 손목닥터9988 우울·불안 자가검진 연계 / 365 서울챌린지·참여형 안부확인 적립금 연계 / 시니어 취업사관학교 5개소 연계,현행·지속 + 2026년 신규 시행 중 + 2026년 시행 예정 연계,2026.3 신규 시행·현재 시행 중 / 2026.3Q~4Q 예정,"동 중심 원스톱 통합돌봄(2026.3 신규 시행), 돌봄SOS(현행), 외로움 없는 서울(현행·확대), 우리동네돌봄단(현행), 고립가구 위기정보 기반 발굴 시스템(2026년 도입), 1인가구 건강·이사·마음 동행서비스(2026년 통합지원), 서울건강장수센터(2026년 33개소 확대), 방문건강관리(현행), 자치구 마음상담소(현행·확대), 심리상담바우처(현행·확대), 손목닥터9988(2026년 확대), 365 서울챌린지(2026년 추진), 참여형 안부확인 적립금(2026년 추진), 저상버스 확대(2026년 추진), 장애인콜택시 증차(2026년 추진), 바우처택시(현행)","서울동행맵 AI 음성 안내(2026년 3분기 예정), 서울동행맵 보행경로 내비게이션(2026년 4분기 예정), 9988 서울 프로젝트 리액트 센터(~2035년 중장기 조성)"
11050620,구의3동,45.51308284193651,40.09666776373815,40.49161123567363,27.566599202925,26.12293144208037,73.8764760612984,18.41086006887497,17.159763313609474,18.09475396442321,22.603550295858,64.3587063094193,3,생활안정형,2.1713713044930683,2.188662727073758,1.0439285117755135,0,1,1,0,0,1,2,2형: 복합 결핍형,복지·교통,"돌봄SOS, 우리동네돌봄단 안부확인, 서울동행맵, 저상버스·교통약자 이동지원","복지밀도 중앙값 미만, 교통밀도 하위30%",외로움 없는 서울 관계형성 프로그램 / 서울청년기지개센터 집중 발굴 / 서울동행맵·저상버스 등 이동지원 안내,1인가구 건강·이사·마음 동행서비스 / 우리동네돌봄단 안부확인 / 중장년 취업사관학교·50+캠퍼스 연계 / 서울동행맵·마을버스 서비스 개선 활용,돌봄SOS 긴급돌봄·중장기 돌봄서비스 연계 / 9988 서울 프로젝트(리액트 라운지·시니어 동행상점) / 서울동행맵·저상버스·교통약자 이동지원 / 안심돌봄가정 확충 / 시니어 취업사관학교 5개소 연계,현행·지속 + 2026년 신규 시행 중 + 2026년 시행 예정 연계,2026.3 신규 시행·현재 시행 중 / 2026.3Q~4Q 예정,"동 중심 원스톱 통합돌봄(2026.3 신규 시행), 돌봄SOS(현행), 우리동네돌봄단(현행), 서울동행맵(현행·고도화 추진), 저상버스 확대(2026년 추진), 장애인콜택시 증차(2026년 추진), 바우처택시(현행), 1인가구 건강·이사·마음 동행서비스(2026년 통합지원)","서울동행맵 AI 음성 안내(2026년 3분기 예정), 서울동행맵 보행경로 내비게이션(2026년 4분기 예정), 9988 서울 프로젝트 리액트 센터(~2035년 중장기 조성)"
11050630,광장동,48.75675227159666,38.81924375219048,26.352212673734165,9.440313003828482,40.0709219858156,77.1008021912618,6.521833313339968,16.686390532544394,15.359318407044755,25.68047337278108,31.760407359670744,3,생활안정형,0.9541984732824428,5.527517423696226,1.4885496183206106,1,0,0,1,0,0,1,1형: 단일 결핍형,의료,"서울건강장수센터·방문건강관리, 자치구 마음상담소·심리상담바우처, 공공의료 접근성 안내",의료밀도 하위30%,자치구 마음상담소·심리상담바우처 / 고립·은둔청년 온라인 진입 서비스 안내,행정정보 기반 위기가구 선제 발굴 / 자치구 마음상담소·심리상담바우처 / 손목닥터9988 우울·불안 자가검진 안내,서울건강장수센터·방문건강관리 연계 / 돌봄SOS 안내 / 손목닥터9988 우울·불안 자가검진 연계,현행·지속 + 2026년 확대 추진 중,2026년 확대 추진 중,"서울건강장수센터(2026년 33개소 확대), 방문건강관리(현행), 자치구 마음상담소(현행·확대), 심리상담바우처(현행·확대), 손목닥터9988(2026년 확대)","서울동행맵 AI 음성 안내(2026년 3분기 예정), 서울동행맵 보행경로 내비게이션(2026년 4분기 예정)"
11050640,자양1동,54.85289928265841,57.96605122061122,56.126722800356745,52.73575607053839,35.46099290780141,75.30337726357541,37.6850400374437,50.76923076923077,41.63890632965258,57.63313609467456,61.39409755842252,0,1인가구 집중형,2.6319785392519104,2.3759239704329462,0.7086096067216683,0,0,1,0,0,1,1,1형: 단일 결핍형,교통,"서울동행맵, 저상버스·교통약자 이동지원, 마을버스 서비스 개선",교통밀도 하위30%,서울동행맵 이동지원 안내 / 외로움 없는 서울 프로그램 연계,서울동행맵·저상버스 이동지원 안내 / 중장년 취업사관학교·50+캠퍼스 연계,서울동행맵(AI 음성안내·보행경로) 우선 안내 / 저상버스·장애인콜택시·바우처택시 이동지원,현행·지속 + 2026년 확대 추진 중 + 2026년 시행 예정 연계,2026년 확대 추진 중 / 2026.3Q~4Q 예정,"서울동행맵(현행·고도화 추진), 저상버스 확대(2026년 추진), 장애인콜택시 증차(2026년 추진), 바우처택시(현행), 마을버스 서비스 개선(2026년 추진)","서울동행맵 AI 음성 안내(2026년 3분기 예정), 서울동행맵 보행경로 내비게이션(2026년 4분기 예정)"
11050650,자양2동,60.90729561536846,55.770791207027656,45.89327623258046,36.56245206776936,49.17257683215131,84.81443617238517,24.72804227024961,42.24852071005917,24.676844782324302,42.4852071005917,57.97352175757445,3,생활안정형,1.2054583152514586,2.9974636845745906,0.8679299869810502,1,0,1,0,0,1,2,2형: 복합 결핍형,의료·교통,"서울건강장수센터·방문건강관리, 서울동행맵, 저상버스·교통약자 이동지원, 마을버스 서비스 개선","의료밀도 중앙값 미만, 교통밀도 하위30%",고립·은둔청년 온라인 진입 서비스 및 지역거점 15개소 우선 안내 / 자치구 마음상담소·심리상담바우처 / 서울동행맵 기반 이동지원 안내,행정정보 기반 위기가구 선제 발굴 우선지역 지정 / 중장년 취업사관학교·50+캠퍼스 상담·훈련·취업·사후관리 / 서울동행맵·저상버스 이동지원 안내 / 자치구 마음상담소 연계 / 손목닥터9988 우울·불안 자가검진 안내,서울건강장수센터·방문건강관리 연계 / 서울동행맵(AI 음성안내·보행경로) 우선 안내 / 저상버스·장애인콜택시·바우처택시 이동지원 / 9988 서울 프로젝트 우리동네 리액트 라운지 연계 / 손목닥터9988 우울·불안 자가검진 연계,현행·지속 + 2026년 확대 추진 중 + 2026년 시행 예정 연계,2026년 확대 추진 중 / 2026.3Q~4Q 예정,"서울건강장수센터(2026년 33개소 확대), 방문건강관리(현행), 서울동행맵(현행·고도화 추진), 저상버스 확대(2026년 추진), 장애인콜택시 증차(2026년 추진), 바우처택시(현행), 마을버스 서비스 개선(2026년 추진), 손목닥터9988(2026년 확대), 자치구 마음상담소(현행·확대)","서울동행맵 AI 음성 안내(2026년 3분기 예정), 서울동행맵 보행경로 내비게이션(2026년 4분기 예정)"
11050660,자양3동,,,,,22.813238770685587,84.56488732145772,,22.2485207100592,,24.02366863905327,48.66052895775629,-1,미분류,1.223615784643622,3.656700365670036,0.8740112747454443,1,0,1,0,0,1,2,2형: 복합 결핍형,의료·교통,"서울건강장수센터·방문건강관리, 서울동행맵, 저상버스·교통약자 이동지원, 마을버스 서비스 개선","의료밀도 중앙값 미만, 교통밀도 하위30%",고립·은둔청년 온라인 진입 서비스 및 지역거점 15개소 우선 안내 / 자치구 마음상담소·심리상담바우처 / 서울동행맵 기반 이동지원 안내,행정정보 기반 위기가구 선제 발굴 우선지역 지정 / 중장년 취업사관학교·50+캠퍼스 상담·훈련·취업·사후관리 / 서울동행맵·저상버스 이동지원 안내 / 자치구 마음상담소 연계 / 손목닥터9988 우울·불안 자가검진 안내,서울건강장수센터·방문건강관리 연계 / 서울동행맵(AI 음성안내·보행경로) 우선 안내 / 저상버스·장애인콜택시·바우처택시 이동지원 / 9988 서울 프로젝트 우리동네 리액트 라운지 연계 / 손목닥터9988 우울·불안 자가검진 연계,현행·지속 + 2026년 확대 추진 중 + 2026년 시행 예정 연계,2026년 확대 추진 중 / 2026.3Q~4Q 예정,"서울건강장수센터(2026년 33개소 확대), 방문건강관리(현행), 서울동행맵(현행·고도화 추진), 저상버스 확대(2026년 추진), 장애인콜택시 증차(2026년 추진), 바우처택시(현행), 마을버스 서비스 개선(2026년 추진), 손목닥터9988(2026년 확대), 자치구 마음상담소(현행·확대)","서울동행맵 AI 음성 안내(2026년 3분기 예정), 서울동행맵 보행경로 내비게이션(2026년 4분기 예정)"
11050670,자양4동,40.455762195016106,46.40635165424983,50.74576897097653,20.34640617456757,17.730496453900713,73.23570594635575,20.47158898208793,32.54437869822486,24.009711189045472,41.775147928994095,69.60561101782112,3,생활안정형,2.757707793282224,1.7283950617283952,0.7721581821190227,0,1,1,0,1,1,2,2형: 복합 결핍형,복지·교통,"돌봄SOS, 우리동네돌봄단 안부확인, 서울동행맵, 저상버스·교통약자 이동지원","복지밀도 하위30%, 교통밀도 하위30%",외로움 없는 서울 관계형성 프로그램 / 서울청년기지개센터 집중 발굴 / 서울동행맵·저상버스 등 이동지원 안내,1인가구 건강·이사·마음 동행서비스 / 우리동네돌봄단 안부확인 / 중장년 취업사관학교·50+캠퍼스 연계 / 서울동행맵·마을버스 서비스 개선 활용,돌봄SOS 긴급돌봄·중장기 돌봄서비스 연계 / 9988 서울 프로젝트(리액트 라운지·시니어 동행상점) / 서울동행맵·저상버스·교통약자 이동지원 / 안심돌봄가정 확충 / 시니어 취업사관학교 5개소 연계,현행·지속 + 2026년 신규 시행 중 + 2026년 시행 예정 연계,2026.3 신규 시행·현재 시행 중 / 2026.3Q~4Q 예정,"동 중심 원스톱 통합돌봄(2026.3 신규 시행), 돌봄SOS(현행), 우리동네돌봄단(현행), 서울동행맵(현행·고도화 추진), 저상버스 확대(2026년 추진), 장애인콜택시 증차(2026년 추진), 바우처택시(현행), 1인가구 건강·이사·마음 동행서비스(2026년 통합지원)","서울동행맵 AI 음성 안내(2026년 3분기 예정), 서울동행맵 보행경로 내비게이션(2026년 4분기 예정), 9988 서울 프로젝트 리액트 센터(~2035년 중장기 조성)"
11060710,회기동,54.40919338279313,67.24145777269045,64.61361938893434,81.83603598806873,21.98581560283688,73.11914986011156,36.59620807814035,76.68639053254438,36.514535565480095,76.33136094674556,67.98830209883862,0,1인가구 집중형,2.022567596338088,1.9305019305019304,1.17096018735363,0,1,1,0,0,0,2,2형: 복합 결핍형,복지·교통,"돌봄SOS, 우리동네돌봄단 안부확인, 서울동행맵, 저상버스·교통약자 이동지원","복지밀도 중앙값 미만, 교통밀도 중앙값 미만",외로움 없는 서울 관계형성 프로그램 / 서울청년기지개센터 집중 발굴 / 서울동행맵·저상버스 등 이동지원 안내,1인가구 건강·이사·마음 동행서비스 / 우리동네돌봄단 안부확인 / 중장년 취업사관학교·50+캠퍼스 연계 / 서울동행맵·마을버스 서비스 개선 활용,돌봄SOS 긴급돌봄·중장기 돌봄서비스 연계 / 9988 서울 프로젝트(리액트 라운지·시니어 동행상점) / 서울동행맵·저상버스·교통약자 이동지원 / 안심돌봄가정 확충 / 시니어 취업사관학교 5개소 연계,현행·지속 + 2026년 신규 시행 중 + 2026년 시행 예정 연계,2026.3 신규 시행·현재 시행 중 / 2026.3Q~4Q 예정,"동 중심 원스톱 통합돌봄(2026.3 신규 시행), 돌봄SOS(현행), 우리동네돌봄단(현행), 서울동행맵(현행·고도화 추진), 저상버스 확대(2026년 추진), 장애인콜택시 증차(2026년 추진), 바우처택시(현행), 1인가구 건강·이사·마음 동행서비스(2026년 통합지원)","서울동행맵 AI 음성 안내(2026년 3분기 예정), 서울동행맵 보행경로 내비게이션(2026년 4분기 예정), 9988 서울 프로젝트 리액트 센터(~2035년 중장기 조성)"
11060720,휘경1동,55.52047773408128,65.39333428952935,51.054015774280224,67.3350545154714,30.26004728132388,74.87361979614361,28.58037860092159,74.31952662721895,31.263524833079227,71.12426035502958,44.23959929645339,0,1인가구 집중형,1.87281166028825,3.686635944700461,1.1399723149580652,0,0,1,0,0,0,1,1형: 단일 결핍형,교통,"서울동행맵, 저상버스·교통약자 이동지원, 마을버스 서비스 개선",교통밀도 중앙값 미만,서울동행맵 이동지원 안내 / 외로움 없는 서울 프로그램 연계,서울동행맵·저상버스 이동지원 안내 / 중장년 취업사관학교·50+캠퍼스 연계,서울동행맵(AI 음성안내·보행경로) 우선 안내 / 저상버스·장애인콜택시·바우처택시 이동지원,현행·지속 + 2026년 확대 추진 중 + 2026년 시행 예정 연계,2026년 확대 추진 중 / 2026.3Q~4Q 예정,"서울동행맵(현행·고도화 추진), 저상버스 확대(2026년 추진), 장애인콜택시 증차(2026년 추진), 바우처택시(현행), 마을버스 서비스 개선(2026년 추진)","서울동행맵 AI 음성 안내(2026년 3분기 예정), 서울동행맵 보행경로 내비게이션(2026년 4분기 예정)"
11060730,휘경2동,67.2752117613227,68.96641440015534,56.09932613319022,58.173595146529046,48.3451536643026,90.75607816573962,21.544767740303392,70.88757396449705,26.91087856975462,67.6923076923077,60.055206059848,0,1인가구 집중형,0.4665267086540705,3.0653147842489976,0.8864007464427339,1,0,1,1,0,1,2,2형: 복합 결핍형,의료·교통,"서울건강장수센터·방문건강관리, 서울동행맵, 저상버스·교통약자 이동지원, 마을버스 서비스 개선","의료밀도 하위30%, 교통밀도 하위30%",고립·은둔청년 온라인 진입 서비스 및 지역거점 15개소 우선 안내 / 자치구 마음상담소·심리상담바우처 / 서울동행맵 기반 이동지원 안내,행정정보 기반 위기가구 선제 발굴 우선지역 지정 / 중장년 취업사관학교·50+캠퍼스 상담·훈련·취업·사후관리 / 서울동행맵·저상버스 이동지원 안내 / 자치구 마음상담소 연계 / 손목닥터9988 우울·불안 자가검진 안내,서울건강장수센터·방문건강관리 연계 / 서울동행맵(AI 음성안내·보행경로) 우선 안내 / 저상버스·장애인콜택시·바우처택시 이동지원 / 9988 서울 프로젝트 우리동네 리액트 라운지 연계 / 손목닥터9988 우울·불안 자가검진 연계,현행·지속 + 2026년 확대 추진 중 + 2026년 시행 예정 연계,2026년 확대 추진 중 / 2026.3Q~4Q 예정,"서울건강장수센터(2026년 33개소 확대), 방문건강관리(현행), 서울동행맵(현행·고도화 추진), 저상버스 확대(2026년 추진), 장애인콜택시 증차(2026년 추진), 바우처택시(현행), 마을버스 서비스 개선(2026년 추진), 손목닥터9988(2026년 확대), 자치구 마음상담소(현행·확대)","서울동행맵 AI 음성 안내(2026년 3분기 예정), 서울동행맵 보행경로 내비게이션(2026년 4분기 예정)"
11060800,청량리동,54.77684955827024,53.287784336630864,43.29872576545306,32.46490207606137,63.82978723404255,56.87988562360236,34.57264156020992,59.05325443786983,54.02760890916486,18.106508875739664,58.1242797269138,0,1인가구 집중형,3.1980462844516806,2.145922746781116,1.5699499941853703,0,1,0,0,0,0,1,1형: 단일 결핍형,복지,"동 중심 원스톱 통합돌봄, 돌봄SOS, 1인가구 건강·이사·마음 동행서비스, 고립가구 위기정보 기반 발굴",복지밀도 중앙값 미만,서울청년기지개센터·기지개LAB 집중 발굴 / 외로움 없는 서울 관계형성 프로그램,행정정보 기반 위기가구 선제 발굴 / 우리동네돌봄단 안부확인 / 중장년 취업사관학교·50+캠퍼스 연계,동 중심 원스톱 통합돌봄 우선 적용 / 돌봄SOS / 9988 서울 프로젝트 리액트 라운지 연계 / 시니어 취업사관학교 5개소 연계,현행·지속 + 2026년 신규 시행 중,2026.3 신규 시행·현재 시행 중 / 2026년 확대 추진 중,"동 중심 원스톱 통합돌봄(2026.3 신규 시행), 돌봄SOS(현행), 우리동네돌봄단(현행), 고립가구 위기정보 기반 발굴 시스템(2026년 도입), 1인가구 건강·이사·마음 동행서비스(2026년 통합지원)",9988 서울 프로젝트 리액트 센터(~2035년 중장기 조성)
11060810,용신동,41.207459040442416,38.72801442203365,37.75007389761528,27.7715303499062,14.539007092198588,74.59387533395434,22.67717351326547,10.88757396449705,27.34618072911276,1.6568047337278244,70.44656909997332,3,생활안정형,1.6519823788546255,1.83094293561184,1.275214467887781,0,1,1,0,1,0,2,2형: 복합 결핍형,복지·교통,"돌봄SOS, 우리동네돌봄단 안부확인, 서울동행맵, 저상버스·교통약자 이동지원","복지밀도 하위30%, 교통밀도 중앙값 미만",외로움 없는 서울 관계형성 프로그램 / 서울청년기지개센터 집중 발굴 / 서울동행맵·저상버스 등 이동지원 안내,1인가구 건강·이사·마음 동행서비스 / 우리동네돌봄단 안부확인 / 중장년 취업사관학교·50+캠퍼스 연계 / 서울동행맵·마을버스 서비스 개선 활용,돌봄SOS 긴급돌봄·중장기 돌봄서비스 연계 / 9988 서울 프로젝트(리액트 라운지·시니어 동행상점) / 서울동행맵·저상버스·교통약자 이동지원 / 안심돌봄가정 확충 / 시니어 취업사관학교 5개소 연계,현행·지속 + 2026년 신규 시행 중 + 2026년 시행 예정 연계,2026.3 신규 시행·현재 시행 중 / 2026.3Q~4Q 예정,"동 중심 원스톱 통합돌봄(2026.3 신규 시행), 돌봄SOS(현행), 우리동네돌봄단(현행), 서울동행맵(현행·고도화 추진), 저상버스 확대(2026년 추진), 장애인콜택시 증차(2026년 추진), 바우처택시(현행), 1인가구 건강·이사·마음 동행서비스(2026년 통합지원)","서울동행맵 AI 음성 안내(2026년 3분기 예정), 서울동행맵 보행경로 내비게이션(2026년 4분기 예정), 9988 서울 프로젝트 리액트 센터(~2035년 중장기 조성)"
11060820,제기동,46.70264894045169,43.67262057916291,25.927599406387685,55.60940115584331,24.46808510638297,64.48383666682459,36.85105086394053,26.272189349112423,46.01112143426899,2.366863905325431,35.32660611704441,1,도심상업형,2.4995283908696475,4.025905828811482,1.461988304093567,0,0,0,0,0,0,0,0형: 인프라 양호형,없음,"외로움 없는 서울, 1인가구 맞춤형 지원, 마음건강서비스 안내 및 정기 모니터링",인프라 상대 양호,서울마음편의점·외로움 없는 서울 관계형성 프로그램 안내 / 정기 모니터링 / 365 서울챌린지·참여형 안부확인 적립금 연계,1인가구 건강·이사·마음 동행서비스 안내 / 정기 모니터링 / 365 서울챌린지·참여형 안부확인 적립금 연계,노인맞춤돌봄서비스 안내 / 9988 서울 프로젝트 정보 제공 / 정기 모니터링 / 365 서울챌린지·참여형 안부확인 적립금 연계 / 시니어 취업사관학교 5개소 연계,현행·지속 운영 + 정기 모니터링,2026년 지속,"외로움 없는 서울(현행·확대), 우리동네돌봄단(현행), 1인가구 건강·이사·마음 동행서비스(2026년 통합지원)",1인가구 지원 5개년 종합계획(2027~2031 수립 추진)
11060830,전농1동,45.1601331468233,42.83316629903712,42.96881376496911,38.89284142346886,17.494089834515364,75.95982232080844,30.2935241316752,15.97633136094676,44.77030781307031,5.562130177514788,71.26223697827749,3,생활안정형,1.655093009031051,1.801506714706845,1.1873493325657538,0,1,1,0,1,0,2,2형: 복합 결핍형,복지·교통,"돌봄SOS, 우리동네돌봄단 안부확인, 서울동행맵, 저상버스·교통약자 이동지원","복지밀도 하위30%, 교통밀도 중앙값 미만",외로움 없는 서울 관계형성 프로그램 / 서울청년기지개센터 집중 발굴 / 서울동행맵·저상버스 등 이동지원 안내,1인가구 건강·이사·마음 동행서비스 / 우리동네돌봄단 안부확인 / 중장년 취업사관학교·50+캠퍼스 연계 / 서울동행맵·마을버스 서비스 개선 활용,돌봄SOS 긴급돌봄·중장기 돌봄서비스 연계 / 9988 서울 프로젝트(리액트 라운지·시니어 동행상점) / 서울동행맵·저상버스·교통약자 이동지원 / 안심돌봄가정 확충 / 시니어 취업사관학교 5개소 연계,현행·지속 + 2026년 신규 시행 중 + 2026년 시행 예정 연계,2026.3 신규 시행·현재 시행 중 / 2026.3Q~4Q 예정,"동 중심 원스톱 통합돌봄(2026.3 신규 시행), 돌봄SOS(현행), 우리동네돌봄단(현행), 서울동행맵(현행·고도화 추진), 저상버스 확대(2026년 추진), 장애인콜택시 증차(2026년 추진), 바우처택시(현행), 1인가구 건강·이사·마음 동행서비스(2026년 통합지원)","서울동행맵 AI 음성 안내(2026년 3분기 예정), 서울동행맵 보행경로 내비게이션(2026년 4분기 예정), 9988 서울 프로젝트 리액트 센터(~2035년 중장기 조성)"
11060840,전농2동,58.90062757291555,64.92312854275612,57.871633394507946,11.186553494175593,63.2387706855792,78.4195214996219,16.53399616424092,75.62130177514794,26.50418410824352,81.42011834319527,53.49723367275756,2,활동적 도심형,2.135231316725979,3.068268984914344,0.7764477515367194,0,0,1,0,0,1,1,1형: 단일 결핍형,교통,"서울동행맵, 저상버스·교통약자 이동지원, 마을버스 서비스 개선",교통밀도 하위30%,서울동행맵 이동지원 안내 / 외로움 없는 서울 프로그램 연계,서울동행맵·저상버스 이동지원 안내 / 중장년 취업사관학교·50+캠퍼스 연계,서울동행맵(AI 음성안내·보행경로) 우선 안내 / 저상버스·장애인콜택시·바우처택시 이동지원,현행·지속 + 2026년 확대 추진 중 + 2026년 시행 예정 연계,2026년 확대 추진 중 / 2026.3Q~4Q 예정,"서울동행맵(현행·고도화 추진), 저상버스 확대(2026년 추진), 장애인콜택시 증차(2026년 추진), 바우처택시(현행), 마을버스 서비스 개선(2026년 추진)","서울동행맵 AI 음성 안내(2026년 3분기 예정), 서울동행맵 보행경로 내비게이션(2026년 4분기 예정)"
11060860,답십리2동,59.62066241291916,56.475233989356205,38.68848675069668,20.814983814011807,58.98345153664303,79.66071258864895,23.173087964749385,49.94082840236687,33.11913009289884,47.92899408284025,33.97669511805073,3,생활안정형,1.817355747387551,4.530961570733345,0.8673743339804222,0,0,1,0,0,1,1,1형: 단일 결핍형,교통,"서울동행맵, 저상버스·교통약자 이동지원, 마을버스 서비스 개선",교통밀도 하위30%,서울동행맵 이동지원 안내 / 외로움 없는 서울 프로그램 연계,서울동행맵·저상버스 이동지원 안내 / 중장년 취업사관학교·50+캠퍼스 연계,서울동행맵(AI 음성안내·보행경로) 우선 안내 / 저상버스·장애인콜택시·바우처택시 이동지원,현행·지속 + 2026년 확대 추진 중 + 2026년 시행 예정 연계,2026년 확대 추진 중 / 2026.3Q~4Q 예정,"서울동행맵(현행·고도화 추진), 저상버스 확대(2026년 추진), 장애인콜택시 증차(2026년 추진), 바우처택시(현행), 마을버스 서비스 개선(2026년 추진)","서울동행맵 AI 음성 안내(2026년 3분기 예정), 서울동행맵 보행경로 내비게이션(2026년 4분기 예정)"
11060870,장안1동,49.93237404977734,46.012586243990384,49.29724638260957,38.87999578288951,26.59574468085107,78.79519255214753,31.52580055352668,20.47337278106509,31.106047301627065,21.538461538461547,78.97238974182802,3,생활안정형,1.9481903138412835,1.2749681257968553,0.8523332623055614,0,1,1,0,1,1,2,2형: 복합 결핍형,복지·교통,"돌봄SOS, 우리동네돌봄단 안부확인, 서울동행맵, 저상버스·교통약자 이동지원","복지밀도 하위30%, 교통밀도 하위30%",외로움 없는 서울 관계형성 프로그램 / 서울청년기지개센터 집중 발굴 / 서울동행맵·저상버스 등 이동지원 안내,1인가구 건강·이사·마음 동행서비스 / 우리동네돌봄단 안부확인 / 중장년 취업사관학교·50+캠퍼스 연계 / 서울동행맵·마을버스 서비스 개선 활용,돌봄SOS 긴급돌봄·중장기 돌봄서비스 연계 / 9988 서울 프로젝트(리액트 라운지·시니어 동행상점) / 서울동행맵·저상버스·교통약자 이동지원 / 안심돌봄가정 확충 / 시니어 취업사관학교 5개소 연계,현행·지속 + 2026년 신규 시행 중 + 2026년 시행 예정 연계,2026.3 신규 시행·현재 시행 중 / 2026.3Q~4Q 예정,"동 중심 원스톱 통합돌봄(2026.3 신규 시행), 돌봄SOS(현행), 우리동네돌봄단(현행), 서울동행맵(현행·고도화 추진), 저상버스 확대(2026년 추진), 장애인콜택시 증차(2026년 추진), 바우처택시(현행), 1인가구 건강·이사·마음 동행서비스(2026년 통합지원)","서울동행맵 AI 음성 안내(2026년 3분기 예정), 서울동행맵 보행경로 내비게이션(2026년 4분기 예정), 9988 서울 프로젝트 리액트 센터(~2035년 중장기 조성)"
11060880,장안2동,46.50709835108885,41.56216045558292,38.59638053566244,27.56388647132088,31.796690307328603,70.68911233473308,24.302400093655503,21.065088757396467,31.575840611189825,25.088757396449708,52.22254961037128,3,생활안정형,2.165773438073563,2.989799507562434,1.2480728287203582,0,0,1,0,0,0,1,1형: 단일 결핍형,교통,"서울동행맵, 저상버스·교통약자 이동지원, 마을버스 서비스 개선",교통밀도 중앙값 미만,서울동행맵 이동지원 안내 / 외로움 없는 서울 프로그램 연계,서울동행맵·저상버스 이동지원 안내 / 중장년 취업사관학교·50+캠퍼스 연계,서울동행맵(AI 음성안내·보행경로) 우선 안내 / 저상버스·장애인콜택시·바우처택시 이동지원,현행·지속 + 2026년 확대 추진 중 + 2026년 시행 예정 연계,2026년 확대 추진 중 / 2026.3Q~4Q 예정,"서울동행맵(현행·고도화 추진), 저상버스 확대(2026년 추진), 장애인콜택시 증차(2026년 추진), 바우처택시(현행), 마을버스 서비스 개선(2026년 추진)","서울동행맵 AI 음성 안내(2026년 3분기 예정), 서울동행맵 보행경로 내비게이션(2026년 4분기 예정)"
11060890,이문1동,39.99674914603517,47.76773951591999,53.29646142800703,86.92525811702322,9.692671394799063,46.83657241177725,37.47324506373767,53.846153846153854,29.97586871496372,59.76331360946745,58.63139538155706,0,1인가구 집중형,3.723701359150996,1.8303843807199511,1.923912368894681,0,1,0,0,1,0,1,1형: 단일 결핍형,복지,"동 중심 원스톱 통합돌봄, 돌봄SOS, 1인가구 건강·이사·마음 동행서비스, 고립가구 위기정보 기반 발굴",복지밀도 하위30%,서울청년기지개센터·기지개LAB 집중 발굴 / 외로움 없는 서울 관계형성 프로그램,행정정보 기반 위기가구 선제 발굴 / 우리동네돌봄단 안부확인 / 중장년 취업사관학교·50+캠퍼스 연계,동 중심 원스톱 통합돌봄 우선 적용 / 돌봄SOS / 9988 서울 프로젝트 리액트 라운지 연계 / 시니어 취업사관학교 5개소 연계,현행·지속 + 2026년 신규 시행 중,2026.3 신규 시행·현재 시행 중 / 2026년 확대 추진 중,"동 중심 원스톱 통합돌봄(2026.3 신규 시행), 돌봄SOS(현행), 우리동네돌봄단(현행), 고립가구 위기정보 기반 발굴 시스템(2026년 도입), 1인가구 건강·이사·마음 동행서비스(2026년 통합지원)",9988 서울 프로젝트 리액트 센터(~2035년 중장기 조성)
11060900,이문2동,73.03525893684923,70.92401518030348,58.72722725639976,22.290746308663604,79.55082742316785,91.89194676462344,18.17346047877942,76.33136094674556,27.76982599403616,62.1301775147929,69.83933317203336,2,활동적 도심형,0.7711472298018744,2.352387673488591,0.6525091944477399,1,1,1,1,0,1,3,3형: 삼중 결핍형,의료·복지·교통,"동 중심 원스톱 통합돌봄, 돌봄SOS, 외로움 없는 서울(서울마음편의점·서울잇다플레이스), 고립가구 위기정보 기반 발굴·우리동네돌봄단, 1인가구 건강·이사·마음 동행서비스, 서울동행맵·저상버스·교통약자 이동지원, 자치구 마음상담소·심리상담바우처","의료밀도 하위30%, 복지밀도 중앙값 미만, 교통밀도 하위30%",서울청년기지개센터·기지개LAB 사회진입 지원 / 고립·은둔청년 온라인 서비스·지역거점 우선 안내 / 서울마음편의점·자치구 마음상담소·심리상담바우처 / 외로움 없는 서울 관계형성 프로그램 / 서울동행맵 이동 안내 / 365 서울챌린지·참여형 안부확인 적립금 연계,행정정보 기반 위기가구 선제 발굴 우선지역 지정 / 우리동네돌봄단 안부확인 / 1인가구 건강·이사·마음 동행서비스 / 중장년 취업사관학교(50+캠퍼스) 원스톱 취업지원 / 자치구 마음상담소·심리상담바우처 / 서울동행맵·저상버스·교통약자 이동지원 안내 / 손목닥터9988 우울·불안 자가검진 안내 / 365 서울챌린지·참여형 안부확인 적립금 연계,동 중심 원스톱 통합돌봄 우선 적용 / 돌봄SOS 긴급돌봄·중장기 돌봄연계 / 9988 서울 프로젝트(리액트 센터·라운지·시니어 동행상점·어르신 일자리) / 서울건강장수센터·방문건강관리 / 서울동행맵·저상버스·장애인콜택시 이동지원 / 어르신 돌봄시설 확충 우선 검토 / 손목닥터9988 우울·불안 자가검진 연계 / 365 서울챌린지·참여형 안부확인 적립금 연계 / 시니어 취업사관학교 5개소 연계,현행·지속 + 2026년 신규 시행 중 + 2026년 시행 예정 연계,2026.3 신규 시행·현재 시행 중 / 2026.3Q~4Q 예정,"동 중심 원스톱 통합돌봄(2026.3 신규 시행), 돌봄SOS(현행), 외로움 없는 서울(현행·확대), 우리동네돌봄단(현행), 고립가구 위기정보 기반 발굴 시스템(2026년 도입), 1인가구 건강·이사·마음 동행서비스(2026년 통합지원), 서울건강장수센터(2026년 33개소 확대), 방문건강관리(현행), 자치구 마음상담소(현행·확대), 심리상담바우처(현행·확대), 손목닥터9988(2026년 확대), 365 서울챌린지(2026년 추진), 참여형 안부확인 적립금(2026년 추진), 저상버스 확대(2026년 추진), 장애인콜택시 증차(2026년 추진), 바우처택시(현행)","서울동행맵 AI 음성 안내(2026년 3분기 예정), 서울동행맵 보행경로 내비게이션(2026년 4분기 예정), 9988 서울 프로젝트 리액트 센터(~2035년 중장기 조성)"
11060910,답십리1동,53.82059253348178,49.11695122723921,41.55725117675465,33.637784159693595,41.60756501182033,76.12502424203731,21.1453585396954,36.094674556213015,30.026489355088483,36.094674556213015,50.93070491347199,3,생활안정형,1.5636886146564113,3.271792474877308,1.225593779055025,0,0,1,0,0,0,1,1형: 단일 결핍형,교통,"서울동행맵, 저상버스·교통약자 이동지원, 마을버스 서비스 개선",교통밀도 중앙값 미만,서울동행맵 이동지원 안내 / 외로움 없는 서울 프로그램 연계,서울동행맵·저상버스 이동지원 안내 / 중장년 취업사관학교·50+캠퍼스 연계,서울동행맵(AI 음성안내·보행경로) 우선 안내 / 저상버스·장애인콜택시·바우처택시 이동지원,현행·지속 + 2026년 확대 추진 중 + 2026년 시행 예정 연계,2026년 확대 추진 중 / 2026.3Q~4Q 예정,"서울동행맵(현행·고도화 추진), 저상버스 확대(2026년 추진), 장애인콜택시 증차(2026년 추진), 바우처택시(현행), 마을버스 서비스 개선(2026년 추진)","서울동행맵 AI 음성 안내(2026년 3분기 예정), 서울동행맵 보행경로 내비게이션(2026년 4분기 예정)"
11070520,면목2동,63.799051113716494,62.99736500109672,62.005053560999634,25.589543215457617,66.31205673758865,80.39079943897377,38.702267547654365,57.75147928994084,48.63943780057853,54.79289940828404,73.55478046218781,0,1인가구 집중형,1.0758220683848636,1.8025235329461249,1.2161466860002808,1,1,1,0,1,0,3,3형: 삼중 결핍형,의료·복지·교통,"동 중심 원스톱 통합돌봄, 돌봄SOS, 외로움 없는 서울(서울마음편의점·서울잇다플레이스), 고립가구 위기정보 기반 발굴·우리동네돌봄단, 1인가구 건강·이사·마음 동행서비스, 서울동행맵·저상버스·교통약자 이동지원, 자치구 마음상담소·심리상담바우처","의료밀도 중앙값 미만, 복지밀도 하위30%, 교통밀도 중앙값 미만",서울청년기지개센터·기지개LAB 사회진입 지원 / 고립·은둔청년 온라인 서비스·지역거점 우선 안내 / 서울마음편의점·자치구 마음상담소·심리상담바우처 / 외로움 없는 서울 관계형성 프로그램 / 서울동행맵 이동 안내 / 365 서울챌린지·참여형 안부확인 적립금 연계,행정정보 기반 위기가구 선제 발굴 우선지역 지정 / 우리동네돌봄단 안부확인 / 1인가구 건강·이사·마음 동행서비스 / 중장년 취업사관학교(50+캠퍼스) 원스톱 취업지원 / 자치구 마음상담소·심리상담바우처 / 서울동행맵·저상버스·교통약자 이동지원 안내 / 손목닥터9988 우울·불안 자가검진 안내 / 365 서울챌린지·참여형 안부확인 적립금 연계,동 중심 원스톱 통합돌봄 우선 적용 / 돌봄SOS 긴급돌봄·중장기 돌봄연계 / 9988 서울 프로젝트(리액트 센터·라운지·시니어 동행상점·어르신 일자리) / 서울건강장수센터·방문건강관리 / 서울동행맵·저상버스·장애인콜택시 이동지원 / 어르신 돌봄시설 확충 우선 검토 / 손목닥터9988 우울·불안 자가검진 연계 / 365 서울챌린지·참여형 안부확인 적립금 연계 / 시니어 취업사관학교 5개소 연계,현행·지속 + 2026년 신규 시행 중 + 2026년 시행 예정 연계,2026.3 신규 시행·현재 시행 중 / 2026.3Q~4Q 예정,"동 중심 원스톱 통합돌봄(2026.3 신규 시행), 돌봄SOS(현행), 외로움 없는 서울(현행·확대), 우리동네돌봄단(현행), 고립가구 위기정보 기반 발굴 시스템(2026년 도입), 1인가구 건강·이사·마음 동행서비스(2026년 통합지원), 서울건강장수센터(2026년 33개소 확대), 방문건강관리(현행), 자치구 마음상담소(현행·확대), 심리상담바우처(현행·확대), 손목닥터9988(2026년 확대), 365 서울챌린지(2026년 추진), 참여형 안부확인 적립금(2026년 추진), 저상버스 확대(2026년 추진), 장애인콜택시 증차(2026년 추진), 바우처택시(현행)","서울동행맵 AI 음성 안내(2026년 3분기 예정), 서울동행맵 보행경로 내비게이션(2026년 4분기 예정), 9988 서울 프로젝트 리액트 센터(~2035년 중장기 조성)"
11070540,면목4동,74.34005226173052,73.5260389633918,62.78412761502766,24.83655650363741,83.92434988179669,89.50750252071089,33.822290367253174,77.39644970414201,41.94170528056066,72.07100591715977,64.82429886202135,2,활동적 도심형,0.4306367271608736,2.701375245579568,0.984312519224854,1,0,1,1,0,1,2,2형: 복합 결핍형,의료·교통,"서울건강장수센터·방문건강관리, 서울동행맵, 저상버스·교통약자 이동지원, 마을버스 서비스 개선","의료밀도 하위30%, 교통밀도 하위30%",고립·은둔청년 온라인 진입 서비스 및 지역거점 15개소 우선 안내 / 자치구 마음상담소·심리상담바우처 / 서울동행맵 기반 이동지원 안내,행정정보 기반 위기가구 선제 발굴 우선지역 지정 / 중장년 취업사관학교·50+캠퍼스 상담·훈련·취업·사후관리 / 서울동행맵·저상버스 이동지원 안내 / 자치구 마음상담소 연계 / 손목닥터9988 우울·불안 자가검진 안내,서울건강장수센터·방문건강관리 연계 / 서울동행맵(AI 음성안내·보행경로) 우선 안내 / 저상버스·장애인콜택시·바우처택시 이동지원 / 9988 서울 프로젝트 우리동네 리액트 라운지 연계 / 손목닥터9988 우울·불안 자가검진 연계,현행·지속 + 2026년 확대 추진 중 + 2026년 시행 예정 연계,2026년 확대 추진 중 / 2026.3Q~4Q 예정,"서울건강장수센터(2026년 33개소 확대), 방문건강관리(현행), 서울동행맵(현행·고도화 추진), 저상버스 확대(2026년 추진), 장애인콜택시 증차(2026년 추진), 바우처택시(현행), 마을버스 서비스 개선(2026년 추진), 손목닥터9988(2026년 확대), 자치구 마음상담소(현행·확대)","서울동행맵 AI 음성 안내(2026년 3분기 예정), 서울동행맵 보행경로 내비게이션(2026년 4분기 예정)"
11070550,면목5동,75.29552579671446,76.48037950464246,69.12290061631492,12.908970571262447,91.725768321513,90.05856088464193,23.11317812079235,89.58579881656804,32.80034585648418,89.8224852071006,69.1665813834064,2,활동적 도심형,0.4019938896928767,2.405773857257418,0.964785335262904,1,0,1,1,0,1,2,2형: 복합 결핍형,의료·교통,"서울건강장수센터·방문건강관리, 서울동행맵, 저상버스·교통약자 이동지원, 마을버스 서비스 개선","의료밀도 하위30%, 교통밀도 하위30%",고립·은둔청년 온라인 진입 서비스 및 지역거점 15개소 우선 안내 / 자치구 마음상담소·심리상담바우처 / 서울동행맵 기반 이동지원 안내,행정정보 기반 위기가구 선제 발굴 우선지역 지정 / 중장년 취업사관학교·50+캠퍼스 상담·훈련·취업·사후관리 / 서울동행맵·저상버스 이동지원 안내 / 자치구 마음상담소 연계 / 손목닥터9988 우울·불안 자가검진 안내,서울건강장수센터·방문건강관리 연계 / 서울동행맵(AI 음성안내·보행경로) 우선 안내 / 저상버스·장애인콜택시·바우처택시 이동지원 / 9988 서울 프로젝트 우리동네 리액트 라운지 연계 / 손목닥터9988 우울·불안 자가검진 연계,현행·지속 + 2026년 확대 추진 중 + 2026년 시행 예정 연계,2026년 확대 추진 중 / 2026.3Q~4Q 예정,"서울건강장수센터(2026년 33개소 확대), 방문건강관리(현행), 서울동행맵(현행·고도화 추진), 저상버스 확대(2026년 추진), 장애인콜택시 증차(2026년 추진), 바우처택시(현행), 마을버스 서비스 개선(2026년 추진), 손목닥터9988(2026년 확대), 자치구 마음상담소(현행·확대)","서울동행맵 AI 음성 안내(2026년 3분기 예정), 서울동행맵 보행경로 내비게이션(2026년 4분기 예정)"
11070570,면목7동,,,,,72.45862884160756,71.87262594171598,,70.53254437869823,,60.591715976331365,57.55943196276139,-1,미분류,2.405354528341351,2.6041666666666665,1.0458063166701526,0,0,1,0,0,1,1,1형: 단일 결핍형,교통,"서울동행맵, 저상버스·교통약자 이동지원, 마을버스 서비스 개선",교통밀도 하위30%,서울동행맵 이동지원 안내 / 외로움 없는 서울 프로그램 연계,서울동행맵·저상버스 이동지원 안내 / 중장년 취업사관학교·50+캠퍼스 연계,서울동행맵(AI 음성안내·보행경로) 우선 안내 / 저상버스·장애인콜택시·바우처택시 이동지원,현행·지속 + 2026년 확대 추진 중 + 2026년 시행 예정 연계,2026년 확대 추진 중 / 2026.3Q~4Q 예정,"서울동행맵(현행·고도화 추진), 저상버스 확대(2026년 추진), 장애인콜택시 증차(2026년 추진), 바우처택시(현행), 마을버스 서비스 개선(2026년 추진)","서울동행맵 AI 음성 안내(2026년 3분기 예정), 서울동행맵 보행경로 내비게이션(2026년 4분기 예정)"
11070590,상봉1동,70.9357033111861,70.84910585196243,58.99231531988141,21.092884350919,79.55082742316785,87.24198867933791,19.05149272953868,80.35502958579882,37.08155420447464,81.06508875739645,51.56271869755052,2,활동적 도심형,0.9505227875331432,3.539405379896177,0.8504677572664966,1,0,1,1,0,1,2,2형: 복합 결핍형,의료·교통,"서울건강장수센터·방문건강관리, 서울동행맵, 저상버스·교통약자 이동지원, 마을버스 서비스 개선","의료밀도 하위30%, 교통밀도 하위30%",고립·은둔청년 온라인 진입 서비스 및 지역거점 15개소 우선 안내 / 자치구 마음상담소·심리상담바우처 / 서울동행맵 기반 이동지원 안내,행정정보 기반 위기가구 선제 발굴 우선지역 지정 / 중장년 취업사관학교·50+캠퍼스 상담·훈련·취업·사후관리 / 서울동행맵·저상버스 이동지원 안내 / 자치구 마음상담소 연계 / 손목닥터9988 우울·불안 자가검진 안내,서울건강장수센터·방문건강관리 연계 / 서울동행맵(AI 음성안내·보행경로) 우선 안내 / 저상버스·장애인콜택시·바우처택시 이동지원 / 9988 서울 프로젝트 우리동네 리액트 라운지 연계 / 손목닥터9988 우울·불안 자가검진 연계,현행·지속 + 2026년 확대 추진 중 + 2026년 시행 예정 연계,2026년 확대 추진 중 / 2026.3Q~4Q 예정,"서울건강장수센터(2026년 33개소 확대), 방문건강관리(현행), 서울동행맵(현행·고도화 추진), 저상버스 확대(2026년 추진), 장애인콜택시 증차(2026년 추진), 바우처택시(현행), 마을버스 서비스 개선(2026년 추진), 손목닥터9988(2026년 확대), 자치구 마음상담소(현행·확대)","서울동행맵 AI 음성 안내(2026년 3분기 예정), 서울동행맵 보행경로 내비게이션(2026년 4분기 예정)"
11070600,상봉2동,49.906965458335335,48.67952296832006,47.40508814587755,69.37046457670732,22.813238770685587,67.2689425867991,55.36860540764702,26.74556213017752,52.42629325472182,26.15384615384617,61.702185202415606,0,1인가구 집중형,2.636991719846,2.1806853582554515,1.21301619112916,0,1,1,0,0,0,2,2형: 복합 결핍형,복지·교통,"돌봄SOS, 우리동네돌봄단 안부확인, 서울동행맵, 저상버스·교통약자 이동지원","복지밀도 중앙값 미만, 교통밀도 중앙값 미만",외로움 없는 서울 관계형성 프로그램 / 서울청년기지개센터 집중 발굴 / 서울동행맵·저상버스 등 이동지원 안내,1인가구 건강·이사·마음 동행서비스 / 우리동네돌봄단 안부확인 / 중장년 취업사관학교·50+캠퍼스 연계 / 서울동행맵·마을버스 서비스 개선 활용,돌봄SOS 긴급돌봄·중장기 돌봄서비스 연계 / 9988 서울 프로젝트(리액트 라운지·시니어 동행상점) / 서울동행맵·저상버스·교통약자 이동지원 / 안심돌봄가정 확충 / 시니어 취업사관학교 5개소 연계,현행·지속 + 2026년 신규 시행 중 + 2026년 시행 예정 연계,2026.3 신규 시행·현재 시행 중 / 2026.3Q~4Q 예정,"동 중심 원스톱 통합돌봄(2026.3 신규 시행), 돌봄SOS(현행), 우리동네돌봄단(현행), 서울동행맵(현행·고도화 추진), 저상버스 확대(2026년 추진), 장애인콜택시 증차(2026년 추진), 바우처택시(현행), 1인가구 건강·이사·마음 동행서비스(2026년 통합지원)","서울동행맵 AI 음성 안내(2026년 3분기 예정), 서울동행맵 보행경로 내비게이션(2026년 4분기 예정), 9988 서울 프로젝트 리액트 센터(~2035년 중장기 조성)"
11070610,중화1동,68.06015227295194,69.88685745975161,67.09784561638378,23.624539465821485,75.76832151300236,82.56978943646673,27.134945112215064,78.57988165680473,32.07081286166205,63.55029585798817,85.42462109723446,2,활동적 도심형,1.0776507214272883,0.9992505620784412,1.0776507214272883,1,1,1,0,1,1,3,3형: 삼중 결핍형,의료·복지·교통,"동 중심 원스톱 통합돌봄, 돌봄SOS, 외로움 없는 서울(서울마음편의점·서울잇다플레이스), 고립가구 위기정보 기반 발굴·우리동네돌봄단, 1인가구 건강·이사·마음 동행서비스, 서울동행맵·저상버스·교통약자 이동지원, 자치구 마음상담소·심리상담바우처","의료밀도 중앙값 미만, 복지밀도 하위30%, 교통밀도 하위30%",서울청년기지개센터·기지개LAB 사회진입 지원 / 고립·은둔청년 온라인 서비스·지역거점 우선 안내 / 서울마음편의점·자치구 마음상담소·심리상담바우처 / 외로움 없는 서울 관계형성 프로그램 / 서울동행맵 이동 안내 / 365 서울챌린지·참여형 안부확인 적립금 연계,행정정보 기반 위기가구 선제 발굴 우선지역 지정 / 우리동네돌봄단 안부확인 / 1인가구 건강·이사·마음 동행서비스 / 중장년 취업사관학교(50+캠퍼스) 원스톱 취업지원 / 자치구 마음상담소·심리상담바우처 / 서울동행맵·저상버스·교통약자 이동지원 안내 / 손목닥터9988 우울·불안 자가검진 안내 / 365 서울챌린지·참여형 안부확인 적립금 연계,동 중심 원스톱 통합돌봄 우선 적용 / 돌봄SOS 긴급돌봄·중장기 돌봄연계 / 9988 서울 프로젝트(리액트 센터·라운지·시니어 동행상점·어르신 일자리) / 서울건강장수센터·방문건강관리 / 서울동행맵·저상버스·장애인콜택시 이동지원 / 어르신 돌봄시설 확충 우선 검토 / 손목닥터9988 우울·불안 자가검진 연계 / 365 서울챌린지·참여형 안부확인 적립금 연계 / 시니어 취업사관학교 5개소 연계,현행·지속 + 2026년 신규 시행 중 + 2026년 시행 예정 연계,2026.3 신규 시행·현재 시행 중 / 2026.3Q~4Q 예정,"동 중심 원스톱 통합돌봄(2026.3 신규 시행), 돌봄SOS(현행), 외로움 없는 서울(현행·확대), 우리동네돌봄단(현행), 고립가구 위기정보 기반 발굴 시스템(2026년 도입), 1인가구 건강·이사·마음 동행서비스(2026년 통합지원), 서울건강장수센터(2026년 33개소 확대), 방문건강관리(현행), 자치구 마음상담소(현행·확대), 심리상담바우처(현행·확대), 손목닥터9988(2026년 확대), 365 서울챌린지(2026년 추진), 참여형 안부확인 적립금(2026년 추진), 저상버스 확대(2026년 추진), 장애인콜택시 증차(2026년 추진), 바우처택시(현행)","서울동행맵 AI 음성 안내(2026년 3분기 예정), 서울동행맵 보행경로 내비게이션(2026년 4분기 예정), 9988 서울 프로젝트 리액트 센터(~2035년 중장기 조성)"
11070620,중화2동,62.90543113213958,60.62482073685234,53.3260595475805,38.34764823546716,62.4113475177305,75.67840619488487,48.80871141283513,51.47928994082841,60.95265425354939,40.11834319526627,60.20913017450539,0,1인가구 집중형,1.2724959098345756,2.6330637577581344,1.4088347573168514,1,0,0,0,0,0,1,1형: 단일 결핍형,의료,"서울건강장수센터·방문건강관리, 자치구 마음상담소·심리상담바우처, 공공의료 접근성 안내",의료밀도 중앙값 미만,자치구 마음상담소·심리상담바우처 / 고립·은둔청년 온라인 진입 서비스 안내,행정정보 기반 위기가구 선제 발굴 / 자치구 마음상담소·심리상담바우처 / 손목닥터9988 우울·불안 자가검진 안내,서울건강장수센터·방문건강관리 연계 / 돌봄SOS 안내 / 손목닥터9988 우울·불안 자가검진 연계,현행·지속 + 2026년 확대 추진 중,2026년 확대 추진 중,"서울건강장수센터(2026년 33개소 확대), 방문건강관리(현행), 자치구 마음상담소(현행·확대), 심리상담바우처(현행·확대), 손목닥터9988(2026년 확대)","서울동행맵 AI 음성 안내(2026년 3분기 예정), 서울동행맵 보행경로 내비게이션(2026년 4분기 예정)"
11070640,묵1동,61.45156143539349,52.87167638590692,44.71517488556411,28.18800613154541,59.69267139479905,79.84222912791196,19.466823081994672,42.60355029585801,24.02388427915592,29.34911242603552,65.86268595693443,3,생활안정형,1.0327377878756585,2.346683354192741,1.2737099383799786,1,1,1,1,0,0,3,3형: 삼중 결핍형,의료·복지·교통,"동 중심 원스톱 통합돌봄, 돌봄SOS, 외로움 없는 서울(서울마음편의점·서울잇다플레이스), 고립가구 위기정보 기반 발굴·우리동네돌봄단, 1인가구 건강·이사·마음 동행서비스, 서울동행맵·저상버스·교통약자 이동지원, 자치구 마음상담소·심리상담바우처","의료밀도 하위30%, 복지밀도 중앙값 미만, 교통밀도 중앙값 미만",서울청년기지개센터·기지개LAB 사회진입 지원 / 고립·은둔청년 온라인 서비스·지역거점 우선 안내 / 서울마음편의점·자치구 마음상담소·심리상담바우처 / 외로움 없는 서울 관계형성 프로그램 / 서울동행맵 이동 안내 / 365 서울챌린지·참여형 안부확인 적립금 연계,행정정보 기반 위기가구 선제 발굴 우선지역 지정 / 우리동네돌봄단 안부확인 / 1인가구 건강·이사·마음 동행서비스 / 중장년 취업사관학교(50+캠퍼스) 원스톱 취업지원 / 자치구 마음상담소·심리상담바우처 / 서울동행맵·저상버스·교통약자 이동지원 안내 / 손목닥터9988 우울·불안 자가검진 안내 / 365 서울챌린지·참여형 안부확인 적립금 연계,동 중심 원스톱 통합돌봄 우선 적용 / 돌봄SOS 긴급돌봄·중장기 돌봄연계 / 9988 서울 프로젝트(리액트 센터·라운지·시니어 동행상점·어르신 일자리) / 서울건강장수센터·방문건강관리 / 서울동행맵·저상버스·장애인콜택시 이동지원 / 어르신 돌봄시설 확충 우선 검토 / 손목닥터9988 우울·불안 자가검진 연계 / 365 서울챌린지·참여형 안부확인 적립금 연계 / 시니어 취업사관학교 5개소 연계,현행·지속 + 2026년 신규 시행 중 + 2026년 시행 예정 연계,2026.3 신규 시행·현재 시행 중 / 2026.3Q~4Q 예정,"동 중심 원스톱 통합돌봄(2026.3 신규 시행), 돌봄SOS(현행), 외로움 없는 서울(현행·확대), 우리동네돌봄단(현행), 고립가구 위기정보 기반 발굴 시스템(2026년 도입), 1인가구 건강·이사·마음 동행서비스(2026년 통합지원), 서울건강장수센터(2026년 33개소 확대), 방문건강관리(현행), 자치구 마음상담소(현행·확대), 심리상담바우처(현행·확대), 손목닥터9988(2026년 확대), 365 서울챌린지(2026년 추진), 참여형 안부확인 적립금(2026년 추진), 저상버스 확대(2026년 추진), 장애인콜택시 증차(2026년 추진), 바우처택시(현행)","서울동행맵 AI 음성 안내(2026년 3분기 예정), 서울동행맵 보행경로 내비게이션(2026년 4분기 예정), 9988 서울 프로젝트 리액트 센터(~2035년 중장기 조성)"
11070650,묵2동,56.87108116254679,55.80284644617518,50.04531740096249,32.99159175945173,52.12765957446808,73.554247452173,34.86431720818667,48.5207100591716,37.98855140742686,39.1715976331361,63.86121766195439,0,1인가구 집중형,1.4089683901004657,2.3094688221709005,1.470227885322225,1,1,0,0,0,0,2,2형: 복합 결핍형,의료·복지,"동 중심 원스톱 통합돌봄, 돌봄SOS, 자치구 마음상담소·심리상담바우처, 1인가구 건강·마음 동행서비스, 고립가구 위기정보 기반 발굴","의료밀도 중앙값 미만, 복지밀도 중앙값 미만",서울청년기지개센터·기지개LAB 기반 사회진입 지원 / 서울마음편의점·자치구 마음상담소·심리상담바우처 연계 / 외로움 없는 서울 관계형성 프로그램 / 고립·은둔청년 온라인 진입 서비스 우선 안내,행정정보 기반 위기가구 선제 발굴(실직·폐업·이혼 등) 우선지역 지정 / 1인가구 건강·이사·마음 동행서비스 / 중장년 취업사관학교(50+캠퍼스) 원스톱 취업지원 연계 / 자치구 마음상담소·심리상담바우처 / 손목닥터9988 우울·불안 자가검진 안내,동 중심 원스톱 통합돌봄 우선 적용 / 돌봄SOS 긴급돌봄·중장기 돌봄서비스 연계 / 서울건강장수센터·방문건강관리 / 노인맞춤돌봄서비스 중점돌봄군 우선 지정 / 어르신 돌봄시설 확충 우선 검토 / 손목닥터9988 우울·불안 자가검진 연계,현행·지속 + 2026년 신규 시행 중,2026.3 신규 시행·현재 시행 중 / 2026년 확대 추진 중,"동 중심 원스톱 통합돌봄(2026.3 신규 시행), 돌봄SOS(현행), 우리동네돌봄단(현행), 서울건강장수센터(2026년 33개소 확대), 방문건강관리(현행), 자치구 마음상담소(현행·확대), 심리상담바우처(현행·확대), 손목닥터9988(2026년 확대), 1인가구 건강·이사·마음 동행서비스(2026년 통합지원), 고립가구 위기정보 기반 발굴 시스템(2026년 도입)","9988 서울 프로젝트 리액트 센터(~2035년 중장기 조성), 1인가구 지원 5개년 종합계획(2027~2031 수립 추진)"
11070680,망우3동,80.04915586786842,82.6243457876222,72.70580876420422,26.261884629272,96.92671394799056,90.06523340704447,40.56522662106348,96.21301775147928,54.540120352697805,94.31952662721892,63.968778609195645,2,활동적 도심형,0.7689619014330653,2.733734281027884,0.7689619014330653,1,0,1,1,0,1,2,2형: 복합 결핍형,의료·교통,"서울건강장수센터·방문건강관리, 서울동행맵, 저상버스·교통약자 이동지원, 마을버스 서비스 개선","의료밀도 하위30%, 교통밀도 하위30%",고립·은둔청년 온라인 진입 서비스 및 지역거점 15개소 우선 안내 / 자치구 마음상담소·심리상담바우처 / 서울동행맵 기반 이동지원 안내,행정정보 기반 위기가구 선제 발굴 우선지역 지정 / 중장년 취업사관학교·50+캠퍼스 상담·훈련·취업·사후관리 / 서울동행맵·저상버스 이동지원 안내 / 자치구 마음상담소 연계 / 손목닥터9988 우울·불안 자가검진 안내,서울건강장수센터·방문건강관리 연계 / 서울동행맵(AI 음성안내·보행경로) 우선 안내 / 저상버스·장애인콜택시·바우처택시 이동지원 / 9988 서울 프로젝트 우리동네 리액트 라운지 연계 / 손목닥터9988 우울·불안 자가검진 연계,현행·지속 + 2026년 확대 추진 중 + 2026년 시행 예정 연계,2026년 확대 추진 중 / 2026.3Q~4Q 예정,"서울건강장수센터(2026년 33개소 확대), 방문건강관리(현행), 서울동행맵(현행·고도화 추진), 저상버스 확대(2026년 추진), 장애인콜택시 증차(2026년 추진), 바우처택시(현행), 마을버스 서비스 개선(2026년 추진), 손목닥터9988(2026년 확대), 자치구 마음상담소(현행·확대)","서울동행맵 AI 음성 안내(2026년 3분기 예정), 서울동행맵 보행경로 내비게이션(2026년 4분기 예정)"
11070690,신내1동,46.94898586547538,38.89577428388013,30.01838823454184,10.970177510652588,38.53427895981088,73.35309694855127,11.086286989753685,18.343195266272204,22.98530179996546,14.319526627218949,45.35443012227137,3,생활안정형,1.0059413410455502,3.678885823150703,1.697526013014366,1,0,0,1,0,0,1,1형: 단일 결핍형,의료,"서울건강장수센터·방문건강관리, 자치구 마음상담소·심리상담바우처, 공공의료 접근성 안내",의료밀도 하위30%,자치구 마음상담소·심리상담바우처 / 고립·은둔청년 온라인 진입 서비스 안내,행정정보 기반 위기가구 선제 발굴 / 자치구 마음상담소·심리상담바우처 / 손목닥터9988 우울·불안 자가검진 안내,서울건강장수센터·방문건강관리 연계 / 돌봄SOS 안내 / 손목닥터9988 우울·불안 자가검진 연계,현행·지속 + 2026년 확대 추진 중,2026년 확대 추진 중,"서울건강장수센터(2026년 33개소 확대), 방문건강관리(현행), 자치구 마음상담소(현행·확대), 심리상담바우처(현행·확대), 손목닥터9988(2026년 확대)","서울동행맵 AI 음성 안내(2026년 3분기 예정), 서울동행맵 보행경로 내비게이션(2026년 4분기 예정)"
11070700,신내2동,67.00880251237865,64.81231293046454,64.60618218800649,13.531878620708346,82.50591016548464,78.25015680510782,20.579002521397022,73.49112426035504,42.04027967846674,75.14792899408285,66.4363357875203,2,활동적 도심형,1.444001617281811,2.221728504776716,1.155201293825449,1,1,1,0,0,0,3,3형: 삼중 결핍형,의료·복지·교통,"동 중심 원스톱 통합돌봄, 돌봄SOS, 외로움 없는 서울(서울마음편의점·서울잇다플레이스), 고립가구 위기정보 기반 발굴·우리동네돌봄단, 1인가구 건강·이사·마음 동행서비스, 서울동행맵·저상버스·교통약자 이동지원, 자치구 마음상담소·심리상담바우처","의료밀도 중앙값 미만, 복지밀도 중앙값 미만, 교통밀도 중앙값 미만",서울청년기지개센터·기지개LAB 사회진입 지원 / 고립·은둔청년 온라인 서비스·지역거점 우선 안내 / 서울마음편의점·자치구 마음상담소·심리상담바우처 / 외로움 없는 서울 관계형성 프로그램 / 서울동행맵 이동 안내 / 365 서울챌린지·참여형 안부확인 적립금 연계,행정정보 기반 위기가구 선제 발굴 우선지역 지정 / 우리동네돌봄단 안부확인 / 1인가구 건강·이사·마음 동행서비스 / 중장년 취업사관학교(50+캠퍼스) 원스톱 취업지원 / 자치구 마음상담소·심리상담바우처 / 서울동행맵·저상버스·교통약자 이동지원 안내 / 손목닥터9988 우울·불안 자가검진 안내 / 365 서울챌린지·참여형 안부확인 적립금 연계,동 중심 원스톱 통합돌봄 우선 적용 / 돌봄SOS 긴급돌봄·중장기 돌봄연계 / 9988 서울 프로젝트(리액트 센터·라운지·시니어 동행상점·어르신 일자리) / 서울건강장수센터·방문건강관리 / 서울동행맵·저상버스·장애인콜택시 이동지원 / 어르신 돌봄시설 확충 우선 검토 / 손목닥터9988 우울·불안 자가검진 연계 / 365 서울챌린지·참여형 안부확인 적립금 연계 / 시니어 취업사관학교 5개소 연계,현행·지속 + 2026년 신규 시행 중 + 2026년 시행 예정 연계,2026.3 신규 시행·현재 시행 중 / 2026.3Q~4Q 예정,"동 중심 원스톱 통합돌봄(2026.3 신규 시행), 돌봄SOS(현행), 외로움 없는 서울(현행·확대), 우리동네돌봄단(현행), 고립가구 위기정보 기반 발굴 시스템(2026년 도입), 1인가구 건강·이사·마음 동행서비스(2026년 통합지원), 서울건강장수센터(2026년 33개소 확대), 방문건강관리(현행), 자치구 마음상담소(현행·확대), 심리상담바우처(현행·확대), 손목닥터9988(2026년 확대), 365 서울챌린지(2026년 추진), 참여형 안부확인 적립금(2026년 추진), 저상버스 확대(2026년 추진), 장애인콜택시 증차(2026년 추진), 바우처택시(현행)","서울동행맵 AI 음성 안내(2026년 3분기 예정), 서울동행맵 보행경로 내비게이션(2026년 4분기 예정), 9988 서울 프로젝트 리액트 센터(~2035년 중장기 조성)"
11070710,면목본동,54.32788463516948,52.618106708248746,53.42675709112292,37.80614948983935,39.71631205673759,77.20032478626644,41.47094905746822,33.60946745562131,50.88176544698433,26.74556213017752,75.30990501369759,0,1인가구 집중형,1.7339691220114042,1.5288182235132244,1.067057921237787,0,1,1,0,1,1,2,2형: 복합 결핍형,복지·교통,"돌봄SOS, 우리동네돌봄단 안부확인, 서울동행맵, 저상버스·교통약자 이동지원","복지밀도 하위30%, 교통밀도 하위30%",외로움 없는 서울 관계형성 프로그램 / 서울청년기지개센터 집중 발굴 / 서울동행맵·저상버스 등 이동지원 안내,1인가구 건강·이사·마음 동행서비스 / 우리동네돌봄단 안부확인 / 중장년 취업사관학교·50+캠퍼스 연계 / 서울동행맵·마을버스 서비스 개선 활용,돌봄SOS 긴급돌봄·중장기 돌봄서비스 연계 / 9988 서울 프로젝트(리액트 라운지·시니어 동행상점) / 서울동행맵·저상버스·교통약자 이동지원 / 안심돌봄가정 확충 / 시니어 취업사관학교 5개소 연계,현행·지속 + 2026년 신규 시행 중 + 2026년 시행 예정 연계,2026.3 신규 시행·현재 시행 중 / 2026.3Q~4Q 예정,"동 중심 원스톱 통합돌봄(2026.3 신규 시행), 돌봄SOS(현행), 우리동네돌봄단(현행), 서울동행맵(현행·고도화 추진), 저상버스 확대(2026년 추진), 장애인콜택시 증차(2026년 추진), 바우처택시(현행), 1인가구 건강·이사·마음 동행서비스(2026년 통합지원)","서울동행맵 AI 음성 안내(2026년 3분기 예정), 서울동행맵 보행경로 내비게이션(2026년 4분기 예정), 9988 서울 프로젝트 리액트 센터(~2035년 중장기 조성)"
11070720,면목3·8동,52.59013842801264,50.59686158706707,48.411387761481095,25.06379461717159,46.57210401891253,72.37134474253325,28.241618450268817,40.0,28.164445750005807,32.662721893491124,69.6589909972401,3,생활안정형,1.7022801594767727,1.8335166850018336,1.3887022353626306,0,1,0,0,1,0,1,1형: 단일 결핍형,복지,"동 중심 원스톱 통합돌봄, 돌봄SOS, 1인가구 건강·이사·마음 동행서비스, 고립가구 위기정보 기반 발굴",복지밀도 하위30%,서울청년기지개센터·기지개LAB 집중 발굴 / 외로움 없는 서울 관계형성 프로그램,행정정보 기반 위기가구 선제 발굴 / 우리동네돌봄단 안부확인 / 중장년 취업사관학교·50+캠퍼스 연계,동 중심 원스톱 통합돌봄 우선 적용 / 돌봄SOS / 9988 서울 프로젝트 리액트 라운지 연계 / 시니어 취업사관학교 5개소 연계,현행·지속 + 2026년 신규 시행 중,2026.3 신규 시행·현재 시행 중 / 2026년 확대 추진 중,"동 중심 원스톱 통합돌봄(2026.3 신규 시행), 돌봄SOS(현행), 우리동네돌봄단(현행), 고립가구 위기정보 기반 발굴 시스템(2026년 도입), 1인가구 건강·이사·마음 동행서비스(2026년 통합지원)",9988 서울 프로젝트 리액트 센터(~2035년 중장기 조성)
11070730,망우본동,38.561846119937485,35.81971830921195,34.22648748249897,30.42139170471631,21.74940898345153,59.444510464034025,36.067558783672176,12.071005917159766,49.33403940795338,6.508875739644978,49.07016242673899,3,생활안정형,2.450901351220613,2.9395296752519595,1.8059273114257155,0,0,0,0,0,0,0,0형: 인프라 양호형,없음,"외로움 없는 서울, 1인가구 맞춤형 지원, 마음건강서비스 안내 및 정기 모니터링",인프라 상대 양호,서울마음편의점·외로움 없는 서울 관계형성 프로그램 안내 / 정기 모니터링 / 365 서울챌린지·참여형 안부확인 적립금 연계,1인가구 건강·이사·마음 동행서비스 안내 / 정기 모니터링 / 365 서울챌린지·참여형 안부확인 적립금 연계,노인맞춤돌봄서비스 안내 / 9988 서울 프로젝트 정보 제공 / 정기 모니터링 / 365 서울챌린지·참여형 안부확인 적립금 연계 / 시니어 취업사관학교 5개소 연계,현행·지속 운영 + 정기 모니터링,2026년 지속,"외로움 없는 서울(현행·확대), 우리동네돌봄단(현행), 1인가구 건강·이사·마음 동행서비스(2026년 통합지원)",1인가구 지원 5개년 종합계획(2027~2031 수립 추진)
11080580,돈암1동,73.01427510706387,73.51262207071636,63.548053381067305,11.724945206150666,94.20803782505912,82.4651773395252,16.597252715951488,93.01775147928994,31.67522147472329,87.2189349112426,59.30307081597273,2,활동적 도심형,0.7177033492822966,2.9107373868046573,1.2759170653907497,1,0,1,1,0,0,2,2형: 복합 결핍형,의료·교통,"서울건강장수센터·방문건강관리, 서울동행맵, 저상버스·교통약자 이동지원, 마을버스 서비스 개선","의료밀도 하위30%, 교통밀도 중앙값 미만",고립·은둔청년 온라인 진입 서비스 및 지역거점 15개소 우선 안내 / 자치구 마음상담소·심리상담바우처 / 서울동행맵 기반 이동지원 안내,행정정보 기반 위기가구 선제 발굴 우선지역 지정 / 중장년 취업사관학교·50+캠퍼스 상담·훈련·취업·사후관리 / 서울동행맵·저상버스 이동지원 안내 / 자치구 마음상담소 연계 / 손목닥터9988 우울·불안 자가검진 안내,서울건강장수센터·방문건강관리 연계 / 서울동행맵(AI 음성안내·보행경로) 우선 안내 / 저상버스·장애인콜택시·바우처택시 이동지원 / 9988 서울 프로젝트 우리동네 리액트 라운지 연계 / 손목닥터9988 우울·불안 자가검진 연계,현행·지속 + 2026년 확대 추진 중 + 2026년 시행 예정 연계,2026년 확대 추진 중 / 2026.3Q~4Q 예정,"서울건강장수센터(2026년 33개소 확대), 방문건강관리(현행), 서울동행맵(현행·고도화 추진), 저상버스 확대(2026년 추진), 장애인콜택시 증차(2026년 추진), 바우처택시(현행), 마을버스 서비스 개선(2026년 추진), 손목닥터9988(2026년 확대), 자치구 마음상담소(현행·확대)","서울동행맵 AI 음성 안내(2026년 3분기 예정), 서울동행맵 보행경로 내비게이션(2026년 4분기 예정)"
11080590,돈암2동,69.77926697490035,70.0938629110578,64.97820608202855,5.463493385987525,98.3451536643026,73.3712670799545,8.93388098709588,97.396449704142,17.612915710609432,97.396449704142,60.815256763237706,2,활동적 도심형,0.4694345921134988,2.637130801687764,1.98205716670144,1,0,0,1,0,0,1,1형: 단일 결핍형,의료,"서울건강장수센터·방문건강관리, 자치구 마음상담소·심리상담바우처, 공공의료 접근성 안내",의료밀도 하위30%,자치구 마음상담소·심리상담바우처 / 고립·은둔청년 온라인 진입 서비스 안내,행정정보 기반 위기가구 선제 발굴 / 자치구 마음상담소·심리상담바우처 / 손목닥터9988 우울·불안 자가검진 안내,서울건강장수센터·방문건강관리 연계 / 돌봄SOS 안내 / 손목닥터9988 우울·불안 자가검진 연계,현행·지속 + 2026년 확대 추진 중,2026년 확대 추진 중,"서울건강장수센터(2026년 33개소 확대), 방문건강관리(현행), 자치구 마음상담소(현행·확대), 심리상담바우처(현행·확대), 손목닥터9988(2026년 확대)","서울동행맵 AI 음성 안내(2026년 3분기 예정), 서울동행맵 보행경로 내비게이션(2026년 4분기 예정)"
11080600,안암동,44.18347376329673,50.98778950226536,45.75672810631079,87.63710276331963,8.274231678486998,58.36590134809502,38.325488010403,49.94082840236687,39.04099756654325,56.44970414201183,40.42473809621778,0,1인가구 집중형,1.226816771306921,3.6832412523020257,2.52579923504366,1,0,0,0,0,0,1,1형: 단일 결핍형,의료,"서울건강장수센터·방문건강관리, 자치구 마음상담소·심리상담바우처, 공공의료 접근성 안내",의료밀도 중앙값 미만,자치구 마음상담소·심리상담바우처 / 고립·은둔청년 온라인 진입 서비스 안내,행정정보 기반 위기가구 선제 발굴 / 자치구 마음상담소·심리상담바우처 / 손목닥터9988 우울·불안 자가검진 안내,서울건강장수센터·방문건강관리 연계 / 돌봄SOS 안내 / 손목닥터9988 우울·불안 자가검진 연계,현행·지속 + 2026년 확대 추진 중,2026년 확대 추진 중,"서울건강장수센터(2026년 33개소 확대), 방문건강관리(현행), 자치구 마음상담소(현행·확대), 심리상담바우처(현행·확대), 손목닥터9988(2026년 확대)","서울동행맵 AI 음성 안내(2026년 3분기 예정), 서울동행맵 보행경로 내비게이션(2026년 4분기 예정)"
11080610,보문동,61.37906683451101,66.8958556610873,50.76862819103411,35.79631699512053,50.59101654846336,84.95849204025389,31.78122913617132,66.3905325443787,38.95555193823972,68.5207100591716,42.211709517058,2,활동적 도심형,0.8419280151547043,4.172989377845219,1.0524100189433805,1,0,1,1,0,1,2,2형: 복합 결핍형,의료·교통,"서울건강장수센터·방문건강관리, 서울동행맵, 저상버스·교통약자 이동지원, 마을버스 서비스 개선","의료밀도 하위30%, 교통밀도 하위30%",고립·은둔청년 온라인 진입 서비스 및 지역거점 15개소 우선 안내 / 자치구 마음상담소·심리상담바우처 / 서울동행맵 기반 이동지원 안내,행정정보 기반 위기가구 선제 발굴 우선지역 지정 / 중장년 취업사관학교·50+캠퍼스 상담·훈련·취업·사후관리 / 서울동행맵·저상버스 이동지원 안내 / 자치구 마음상담소 연계 / 손목닥터9988 우울·불안 자가검진 안내,서울건강장수센터·방문건강관리 연계 / 서울동행맵(AI 음성안내·보행경로) 우선 안내 / 저상버스·장애인콜택시·바우처택시 이동지원 / 9988 서울 프로젝트 우리동네 리액트 라운지 연계 / 손목닥터9988 우울·불안 자가검진 연계,현행·지속 + 2026년 확대 추진 중 + 2026년 시행 예정 연계,2026년 확대 추진 중 / 2026.3Q~4Q 예정,"서울건강장수센터(2026년 33개소 확대), 방문건강관리(현행), 서울동행맵(현행·고도화 추진), 저상버스 확대(2026년 추진), 장애인콜택시 증차(2026년 추진), 바우처택시(현행), 마을버스 서비스 개선(2026년 추진), 손목닥터9988(2026년 확대), 자치구 마음상담소(현행·확대)","서울동행맵 AI 음성 안내(2026년 3분기 예정), 서울동행맵 보행경로 내비게이션(2026년 4분기 예정)"
11080620,정릉1동,71.88608882219057,70.42505642218198,56.68033833212769,18.400207292381555,88.77068557919623,81.74443283008944,14.435233018778352,87.10059171597634,24.36101243534124,85.79881656804734,48.3967778805397,2,활동적 도심형,0.9369562307589344,3.6496350364963503,1.204658010975773,1,0,1,1,0,0,2,2형: 복합 결핍형,의료·교통,"서울건강장수센터·방문건강관리, 서울동행맵, 저상버스·교통약자 이동지원, 마을버스 서비스 개선","의료밀도 하위30%, 교통밀도 중앙값 미만",고립·은둔청년 온라인 진입 서비스 및 지역거점 15개소 우선 안내 / 자치구 마음상담소·심리상담바우처 / 서울동행맵 기반 이동지원 안내,행정정보 기반 위기가구 선제 발굴 우선지역 지정 / 중장년 취업사관학교·50+캠퍼스 상담·훈련·취업·사후관리 / 서울동행맵·저상버스 이동지원 안내 / 자치구 마음상담소 연계 / 손목닥터9988 우울·불안 자가검진 안내,서울건강장수센터·방문건강관리 연계 / 서울동행맵(AI 음성안내·보행경로) 우선 안내 / 저상버스·장애인콜택시·바우처택시 이동지원 / 9988 서울 프로젝트 우리동네 리액트 라운지 연계 / 손목닥터9988 우울·불안 자가검진 연계,현행·지속 + 2026년 확대 추진 중 + 2026년 시행 예정 연계,2026년 확대 추진 중 / 2026.3Q~4Q 예정,"서울건강장수센터(2026년 33개소 확대), 방문건강관리(현행), 서울동행맵(현행·고도화 추진), 저상버스 확대(2026년 추진), 장애인콜택시 증차(2026년 추진), 바우처택시(현행), 마을버스 서비스 개선(2026년 추진), 손목닥터9988(2026년 확대), 자치구 마음상담소(현행·확대)","서울동행맵 AI 음성 안내(2026년 3분기 예정), 서울동행맵 보행경로 내비게이션(2026년 4분기 예정)"
11080630,정릉2동,54.308851168959656,53.9839372766164,45.21424359991416,18.692090067216345,64.42080378250591,62.00527910628505,17.151731720807728,64.37869822485207,25.565659084123567,54.20118343195266,46.95710573756892,2,활동적 도심형,1.064530846048563,3.3133153862083247,2.382521417346784,1,0,0,1,0,0,1,1형: 단일 결핍형,의료,"서울건강장수센터·방문건강관리, 자치구 마음상담소·심리상담바우처, 공공의료 접근성 안내",의료밀도 하위30%,자치구 마음상담소·심리상담바우처 / 고립·은둔청년 온라인 진입 서비스 안내,행정정보 기반 위기가구 선제 발굴 / 자치구 마음상담소·심리상담바우처 / 손목닥터9988 우울·불안 자가검진 안내,서울건강장수센터·방문건강관리 연계 / 돌봄SOS 안내 / 손목닥터9988 우울·불안 자가검진 연계,현행·지속 + 2026년 확대 추진 중,2026년 확대 추진 중,"서울건강장수센터(2026년 33개소 확대), 방문건강관리(현행), 자치구 마음상담소(현행·확대), 심리상담바우처(현행·확대), 손목닥터9988(2026년 확대)","서울동행맵 AI 음성 안내(2026년 3분기 예정), 서울동행맵 보행경로 내비게이션(2026년 4분기 예정)"
11080640,정릉3동,58.03596762325608,69.95164489564843,66.31610040363593,63.58279012296635,44.2080378250591,69.09048617159793,25.541749176466386,93.01775147928994,31.1205076579084,94.0828402366864,60.36223286492004,0,1인가구 집중형,0.2932551319648094,2.598902685532776,2.346041055718475,1,0,0,1,0,0,1,1형: 단일 결핍형,의료,"서울건강장수센터·방문건강관리, 자치구 마음상담소·심리상담바우처, 공공의료 접근성 안내",의료밀도 하위30%,자치구 마음상담소·심리상담바우처 / 고립·은둔청년 온라인 진입 서비스 안내,행정정보 기반 위기가구 선제 발굴 / 자치구 마음상담소·심리상담바우처 / 손목닥터9988 우울·불안 자가검진 안내,서울건강장수센터·방문건강관리 연계 / 돌봄SOS 안내 / 손목닥터9988 우울·불안 자가검진 연계,현행·지속 + 2026년 확대 추진 중,2026년 확대 추진 중,"서울건강장수센터(2026년 33개소 확대), 방문건강관리(현행), 자치구 마음상담소(현행·확대), 심리상담바우처(현행·확대), 손목닥터9988(2026년 확대)","서울동행맵 AI 음성 안내(2026년 3분기 예정), 서울동행맵 보행경로 내비게이션(2026년 4분기 예정)"
11080650,정릉4동,59.54631242880993,61.12593676012318,55.28786451831575,20.27506387242677,65.01182033096927,73.71642880484215,20.68203329152329,68.75739644970415,31.83969253036021,57.0414201183432,64.3453977129413,2,활동적 도심형,1.0992162110495125,2.315708220764184,1.624928311986236,1,1,0,0,0,0,2,2형: 복합 결핍형,의료·복지,"동 중심 원스톱 통합돌봄, 돌봄SOS, 자치구 마음상담소·심리상담바우처, 1인가구 건강·마음 동행서비스, 고립가구 위기정보 기반 발굴","의료밀도 중앙값 미만, 복지밀도 중앙값 미만",서울청년기지개센터·기지개LAB 기반 사회진입 지원 / 서울마음편의점·자치구 마음상담소·심리상담바우처 연계 / 외로움 없는 서울 관계형성 프로그램 / 고립·은둔청년 온라인 진입 서비스 우선 안내,행정정보 기반 위기가구 선제 발굴(실직·폐업·이혼 등) 우선지역 지정 / 1인가구 건강·이사·마음 동행서비스 / 중장년 취업사관학교(50+캠퍼스) 원스톱 취업지원 연계 / 자치구 마음상담소·심리상담바우처 / 손목닥터9988 우울·불안 자가검진 안내,동 중심 원스톱 통합돌봄 우선 적용 / 돌봄SOS 긴급돌봄·중장기 돌봄서비스 연계 / 서울건강장수센터·방문건강관리 / 노인맞춤돌봄서비스 중점돌봄군 우선 지정 / 어르신 돌봄시설 확충 우선 검토 / 손목닥터9988 우울·불안 자가검진 연계,현행·지속 + 2026년 신규 시행 중,2026.3 신규 시행·현재 시행 중 / 2026년 확대 추진 중,"동 중심 원스톱 통합돌봄(2026.3 신규 시행), 돌봄SOS(현행), 우리동네돌봄단(현행), 서울건강장수센터(2026년 33개소 확대), 방문건강관리(현행), 자치구 마음상담소(현행·확대), 심리상담바우처(현행·확대), 손목닥터9988(2026년 확대), 1인가구 건강·이사·마음 동행서비스(2026년 통합지원), 고립가구 위기정보 기반 발굴 시스템(2026년 도입)","9988 서울 프로젝트 리액트 센터(~2035년 중장기 조성), 1인가구 지원 5개년 종합계획(2027~2031 수립 추진)"
11080660,길음1동,52.51580018584541,44.38012886283559,38.48261797217752,5.213988201689082,50.8274231678487,77.85508319592029,8.675685022929049,28.757396449704142,20.76427635757939,32.07100591715978,51.344245843679374,3,생활안정형,1.6356877323420074,3.270645952575634,1.0780669144981412,0,0,1,0,0,1,1,1형: 단일 결핍형,교통,"서울동행맵, 저상버스·교통약자 이동지원, 마을버스 서비스 개선",교통밀도 하위30%,서울동행맵 이동지원 안내 / 외로움 없는 서울 프로그램 연계,서울동행맵·저상버스 이동지원 안내 / 중장년 취업사관학교·50+캠퍼스 연계,서울동행맵(AI 음성안내·보행경로) 우선 안내 / 저상버스·장애인콜택시·바우처택시 이동지원,현행·지속 + 2026년 확대 추진 중 + 2026년 시행 예정 연계,2026년 확대 추진 중 / 2026.3Q~4Q 예정,"서울동행맵(현행·고도화 추진), 저상버스 확대(2026년 추진), 장애인콜택시 증차(2026년 추진), 바우처택시(현행), 마을버스 서비스 개선(2026년 추진)","서울동행맵 AI 음성 안내(2026년 3분기 예정), 서울동행맵 보행경로 내비게이션(2026년 4분기 예정)"
11080680,길음2동,58.21699228109976,50.45219974709131,51.11427110592406,16.367447428864757,62.05673758865248,75.30201939966452,13.609622658020967,44.02366863905326,23.234566516001863,46.508875739644985,67.08722509743987,3,생활안정형,1.4138672095916751,2.115442731943185,1.3573125212080082,1,1,1,0,0,0,3,3형: 삼중 결핍형,의료·복지·교통,"동 중심 원스톱 통합돌봄, 돌봄SOS, 외로움 없는 서울(서울마음편의점·서울잇다플레이스), 고립가구 위기정보 기반 발굴·우리동네돌봄단, 1인가구 건강·이사·마음 동행서비스, 서울동행맵·저상버스·교통약자 이동지원, 자치구 마음상담소·심리상담바우처","의료밀도 중앙값 미만, 복지밀도 중앙값 미만, 교통밀도 중앙값 미만",서울청년기지개센터·기지개LAB 사회진입 지원 / 고립·은둔청년 온라인 서비스·지역거점 우선 안내 / 서울마음편의점·자치구 마음상담소·심리상담바우처 / 외로움 없는 서울 관계형성 프로그램 / 서울동행맵 이동 안내 / 365 서울챌린지·참여형 안부확인 적립금 연계,행정정보 기반 위기가구 선제 발굴 우선지역 지정 / 우리동네돌봄단 안부확인 / 1인가구 건강·이사·마음 동행서비스 / 중장년 취업사관학교(50+캠퍼스) 원스톱 취업지원 / 자치구 마음상담소·심리상담바우처 / 서울동행맵·저상버스·교통약자 이동지원 안내 / 손목닥터9988 우울·불안 자가검진 안내 / 365 서울챌린지·참여형 안부확인 적립금 연계,동 중심 원스톱 통합돌봄 우선 적용 / 돌봄SOS 긴급돌봄·중장기 돌봄연계 / 9988 서울 프로젝트(리액트 센터·라운지·시니어 동행상점·어르신 일자리) / 서울건강장수센터·방문건강관리 / 서울동행맵·저상버스·장애인콜택시 이동지원 / 어르신 돌봄시설 확충 우선 검토 / 손목닥터9988 우울·불안 자가검진 연계 / 365 서울챌린지·참여형 안부확인 적립금 연계 / 시니어 취업사관학교 5개소 연계,현행·지속 + 2026년 신규 시행 중 + 2026년 시행 예정 연계,2026.3 신규 시행·현재 시행 중 / 2026.3Q~4Q 예정,"동 중심 원스톱 통합돌봄(2026.3 신규 시행), 돌봄SOS(현행), 외로움 없는 서울(현행·확대), 우리동네돌봄단(현행), 고립가구 위기정보 기반 발굴 시스템(2026년 도입), 1인가구 건강·이사·마음 동행서비스(2026년 통합지원), 서울건강장수센터(2026년 33개소 확대), 방문건강관리(현행), 자치구 마음상담소(현행·확대), 심리상담바우처(현행·확대), 손목닥터9988(2026년 확대), 365 서울챌린지(2026년 추진), 참여형 안부확인 적립금(2026년 추진), 저상버스 확대(2026년 추진), 장애인콜택시 증차(2026년 추진), 바우처택시(현행)","서울동행맵 AI 음성 안내(2026년 3분기 예정), 서울동행맵 보행경로 내비게이션(2026년 4분기 예정), 9988 서울 프로젝트 리액트 센터(~2035년 중장기 조성)"
11080710,월곡1동,48.77359204312663,47.41577152271135,44.016762122810206,14.805129405217867,30.496453900709213,84.03496150449841,16.46455590633506,26.272189349112423,31.455214861116488,21.538461538461547,67.08279469361193,3,생활안정형,0.9266123054114158,2.3622047244094486,1.0656041512231282,1,1,1,1,0,1,3,3형: 삼중 결핍형,의료·복지·교통,"동 중심 원스톱 통합돌봄, 돌봄SOS, 외로움 없는 서울(서울마음편의점·서울잇다플레이스), 고립가구 위기정보 기반 발굴·우리동네돌봄단, 1인가구 건강·이사·마음 동행서비스, 서울동행맵·저상버스·교통약자 이동지원, 자치구 마음상담소·심리상담바우처","의료밀도 하위30%, 복지밀도 중앙값 미만, 교통밀도 하위30%",서울청년기지개센터·기지개LAB 사회진입 지원 / 고립·은둔청년 온라인 서비스·지역거점 우선 안내 / 서울마음편의점·자치구 마음상담소·심리상담바우처 / 외로움 없는 서울 관계형성 프로그램 / 서울동행맵 이동 안내 / 365 서울챌린지·참여형 안부확인 적립금 연계,행정정보 기반 위기가구 선제 발굴 우선지역 지정 / 우리동네돌봄단 안부확인 / 1인가구 건강·이사·마음 동행서비스 / 중장년 취업사관학교(50+캠퍼스) 원스톱 취업지원 / 자치구 마음상담소·심리상담바우처 / 서울동행맵·저상버스·교통약자 이동지원 안내 / 손목닥터9988 우울·불안 자가검진 안내 / 365 서울챌린지·참여형 안부확인 적립금 연계,동 중심 원스톱 통합돌봄 우선 적용 / 돌봄SOS 긴급돌봄·중장기 돌봄연계 / 9988 서울 프로젝트(리액트 센터·라운지·시니어 동행상점·어르신 일자리) / 서울건강장수센터·방문건강관리 / 서울동행맵·저상버스·장애인콜택시 이동지원 / 어르신 돌봄시설 확충 우선 검토 / 손목닥터9988 우울·불안 자가검진 연계 / 365 서울챌린지·참여형 안부확인 적립금 연계 / 시니어 취업사관학교 5개소 연계,현행·지속 + 2026년 신규 시행 중 + 2026년 시행 예정 연계,2026.3 신규 시행·현재 시행 중 / 2026.3Q~4Q 예정,"동 중심 원스톱 통합돌봄(2026.3 신규 시행), 돌봄SOS(현행), 외로움 없는 서울(현행·확대), 우리동네돌봄단(현행), 고립가구 위기정보 기반 발굴 시스템(2026년 도입), 1인가구 건강·이사·마음 동행서비스(2026년 통합지원), 서울건강장수센터(2026년 33개소 확대), 방문건강관리(현행), 자치구 마음상담소(현행·확대), 심리상담바우처(현행·확대), 손목닥터9988(2026년 확대), 365 서울챌린지(2026년 추진), 참여형 안부확인 적립금(2026년 추진), 저상버스 확대(2026년 추진), 장애인콜택시 증차(2026년 추진), 바우처택시(현행)","서울동행맵 AI 음성 안내(2026년 3분기 예정), 서울동행맵 보행경로 내비게이션(2026년 4분기 예정), 9988 서울 프로젝트 리액트 센터(~2035년 중장기 조성)"
11080720,월곡2동,54.45898949971348,50.32944636299786,36.52020490740706,48.825939081488514,44.91725768321513,66.8172465253243,25.46836006611582,46.27218934911242,32.196272709750964,40.82840236686391,35.09113230456555,3,생활안정형,1.7263959995237528,4.186289900575615,1.7263959995237528,0,0,0,0,0,0,0,0형: 인프라 양호형,없음,"외로움 없는 서울, 1인가구 맞춤형 지원, 마음건강서비스 안내 및 정기 모니터링",인프라 상대 양호,서울마음편의점·외로움 없는 서울 관계형성 프로그램 안내 / 정기 모니터링 / 365 서울챌린지·참여형 안부확인 적립금 연계,1인가구 건강·이사·마음 동행서비스 안내 / 정기 모니터링 / 365 서울챌린지·참여형 안부확인 적립금 연계,노인맞춤돌봄서비스 안내 / 9988 서울 프로젝트 정보 제공 / 정기 모니터링 / 365 서울챌린지·참여형 안부확인 적립금 연계 / 시니어 취업사관학교 5개소 연계,현행·지속 운영 + 정기 모니터링,2026년 지속,"외로움 없는 서울(현행·확대), 우리동네돌봄단(현행), 1인가구 건강·이사·마음 동행서비스(2026년 통합지원)",1인가구 지원 5개년 종합계획(2027~2031 수립 추진)
11080760,장위1동,60.9162679553645,58.3018570265364,62.16389160557487,19.58392210153915,65.48463356973996,77.01407526790172,26.001844656050093,55.73964497041421,41.67551311038808,52.18934911242605,79.02781509810697,2,활동적 도심형,0.6928635058893398,1.384402399630826,1.6331782638820154,1,1,0,1,1,0,2,2형: 복합 결핍형,의료·복지,"동 중심 원스톱 통합돌봄, 돌봄SOS, 자치구 마음상담소·심리상담바우처, 1인가구 건강·마음 동행서비스, 고립가구 위기정보 기반 발굴","의료밀도 하위30%, 복지밀도 하위30%",서울청년기지개센터·기지개LAB 기반 사회진입 지원 / 서울마음편의점·자치구 마음상담소·심리상담바우처 연계 / 외로움 없는 서울 관계형성 프로그램 / 고립·은둔청년 온라인 진입 서비스 우선 안내,행정정보 기반 위기가구 선제 발굴(실직·폐업·이혼 등) 우선지역 지정 / 1인가구 건강·이사·마음 동행서비스 / 중장년 취업사관학교(50+캠퍼스) 원스톱 취업지원 연계 / 자치구 마음상담소·심리상담바우처 / 손목닥터9988 우울·불안 자가검진 안내,동 중심 원스톱 통합돌봄 우선 적용 / 돌봄SOS 긴급돌봄·중장기 돌봄서비스 연계 / 서울건강장수센터·방문건강관리 / 노인맞춤돌봄서비스 중점돌봄군 우선 지정 / 어르신 돌봄시설 확충 우선 검토 / 손목닥터9988 우울·불안 자가검진 연계,현행·지속 + 2026년 신규 시행 중,2026.3 신규 시행·현재 시행 중 / 2026년 확대 추진 중,"동 중심 원스톱 통합돌봄(2026.3 신규 시행), 돌봄SOS(현행), 우리동네돌봄단(현행), 서울건강장수센터(2026년 33개소 확대), 방문건강관리(현행), 자치구 마음상담소(현행·확대), 심리상담바우처(현행·확대), 손목닥터9988(2026년 확대), 1인가구 건강·이사·마음 동행서비스(2026년 통합지원), 고립가구 위기정보 기반 발굴 시스템(2026년 도입)","9988 서울 프로젝트 리액트 센터(~2035년 중장기 조성), 1인가구 지원 5개년 종합계획(2027~2031 수립 추진)"
11080770,장위2동,60.97021327758468,63.04340667307297,68.79311237244167,33.84208814194001,82.74231678486998,52.76217233812172,37.85836916249418,85.9171597633136,41.53908153754247,74.31952662721895,76.60769276757011,2,활동적 도심형,1.5936923335010906,0.92793071450665,2.68411340379131,0,1,0,0,1,0,1,1형: 단일 결핍형,복지,"동 중심 원스톱 통합돌봄, 돌봄SOS, 1인가구 건강·이사·마음 동행서비스, 고립가구 위기정보 기반 발굴",복지밀도 하위30%,서울청년기지개센터·기지개LAB 집중 발굴 / 외로움 없는 서울 관계형성 프로그램,행정정보 기반 위기가구 선제 발굴 / 우리동네돌봄단 안부확인 / 중장년 취업사관학교·50+캠퍼스 연계,동 중심 원스톱 통합돌봄 우선 적용 / 돌봄SOS / 9988 서울 프로젝트 리액트 라운지 연계 / 시니어 취업사관학교 5개소 연계,현행·지속 + 2026년 신규 시행 중,2026.3 신규 시행·현재 시행 중 / 2026년 확대 추진 중,"동 중심 원스톱 통합돌봄(2026.3 신규 시행), 돌봄SOS(현행), 우리동네돌봄단(현행), 고립가구 위기정보 기반 발굴 시스템(2026년 도입), 1인가구 건강·이사·마음 동행서비스(2026년 통합지원)",9988 서울 프로젝트 리액트 센터(~2035년 중장기 조성)
11080780,장위3동,63.82249569728663,63.25822352609768,58.33966489512896,20.915246049494527,93.49881796690308,55.59979825156622,17.87258621611337,93.6094674556213,31.661863643923883,92.89940828402366,43.31666503763533,2,활동적 도심형,0.7053291536050156,3.4797738147020443,2.978056426332288,1,0,0,1,0,0,1,1형: 단일 결핍형,의료,"서울건강장수센터·방문건강관리, 자치구 마음상담소·심리상담바우처, 공공의료 접근성 안내",의료밀도 하위30%,자치구 마음상담소·심리상담바우처 / 고립·은둔청년 온라인 진입 서비스 안내,행정정보 기반 위기가구 선제 발굴 / 자치구 마음상담소·심리상담바우처 / 손목닥터9988 우울·불안 자가검진 안내,서울건강장수센터·방문건강관리 연계 / 돌봄SOS 안내 / 손목닥터9988 우울·불안 자가검진 연계,현행·지속 + 2026년 확대 추진 중,2026년 확대 추진 중,"서울건강장수센터(2026년 33개소 확대), 방문건강관리(현행), 자치구 마음상담소(현행·확대), 심리상담바우처(현행·확대), 손목닥터9988(2026년 확대)","서울동행맵 AI 음성 안내(2026년 3분기 예정), 서울동행맵 보행경로 내비게이션(2026년 4분기 예정)"
11080810,성북동,45.60453303972493,39.281945584353664,45.88179688839477,42.78070092084179,49.17257683215131,43.4484053067401,30.933035651483355,39.28994082840237,32.868411368786006,41.30177514792901,55.22776291747203,3,생활안정형,1.6824395373291272,2.2479126525369297,3.2246757798808274,0,1,0,0,0,0,1,1형: 단일 결핍형,복지,"동 중심 원스톱 통합돌봄, 돌봄SOS, 1인가구 건강·이사·마음 동행서비스, 고립가구 위기정보 기반 발굴",복지밀도 중앙값 미만,서울청년기지개센터·기지개LAB 집중 발굴 / 외로움 없는 서울 관계형성 프로그램,행정정보 기반 위기가구 선제 발굴 / 우리동네돌봄단 안부확인 / 중장년 취업사관학교·50+캠퍼스 연계,동 중심 원스톱 통합돌봄 우선 적용 / 돌봄SOS / 9988 서울 프로젝트 리액트 라운지 연계 / 시니어 취업사관학교 5개소 연계,현행·지속 + 2026년 신규 시행 중,2026.3 신규 시행·현재 시행 중 / 2026년 확대 추진 중,"동 중심 원스톱 통합돌봄(2026.3 신규 시행), 돌봄SOS(현행), 우리동네돌봄단(현행), 고립가구 위기정보 기반 발굴 시스템(2026년 도입), 1인가구 건강·이사·마음 동행서비스(2026년 통합지원)",9988 서울 프로젝트 리액트 센터(~2035년 중장기 조성)
11080820,삼선동,42.16899515159489,41.18646625778312,43.137985823412,47.24154572662704,28.959810874704488,52.84190414096921,30.89941058094164,34.67455621301775,38.906196782407456,35.62130177514794,50.86509076806385,3,생활안정형,2.4343239679480675,2.6711996114618746,2.231463637285729,0,0,0,0,0,0,0,0형: 인프라 양호형,없음,"외로움 없는 서울, 1인가구 맞춤형 지원, 마음건강서비스 안내 및 정기 모니터링",인프라 상대 양호,서울마음편의점·외로움 없는 서울 관계형성 프로그램 안내 / 정기 모니터링 / 365 서울챌린지·참여형 안부확인 적립금 연계,1인가구 건강·이사·마음 동행서비스 안내 / 정기 모니터링 / 365 서울챌린지·참여형 안부확인 적립금 연계,노인맞춤돌봄서비스 안내 / 9988 서울 프로젝트 정보 제공 / 정기 모니터링 / 365 서울챌린지·참여형 안부확인 적립금 연계 / 시니어 취업사관학교 5개소 연계,현행·지속 운영 + 정기 모니터링,2026년 지속,"외로움 없는 서울(현행·확대), 우리동네돌봄단(현행), 1인가구 건강·이사·마음 동행서비스(2026년 통합지원)",1인가구 지원 5개년 종합계획(2027~2031 수립 추진)
11080830,동선동,42.90156763931742,46.04502889858477,39.54520608993854,76.98795263036521,18.55791962174941,50.20202316136153,46.50748870274514,41.65680473372782,39.48863793348056,54.55621301775148,27.895119882287567,1,도심상업형,4.070950857807502,4.061371841155235,1.5266065716778134,0,0,0,0,0,0,0,0형: 인프라 양호형,없음,"외로움 없는 서울, 1인가구 맞춤형 지원, 마음건강서비스 안내 및 정기 모니터링",인프라 상대 양호,서울마음편의점·외로움 없는 서울 관계형성 프로그램 안내 / 정기 모니터링 / 365 서울챌린지·참여형 안부확인 적립금 연계,1인가구 건강·이사·마음 동행서비스 안내 / 정기 모니터링 / 365 서울챌린지·참여형 안부확인 적립금 연계,노인맞춤돌봄서비스 안내 / 9988 서울 프로젝트 정보 제공 / 정기 모니터링 / 365 서울챌린지·참여형 안부확인 적립금 연계 / 시니어 취업사관학교 5개소 연계,현행·지속 운영 + 정기 모니터링,2026년 지속,"외로움 없는 서울(현행·확대), 우리동네돌봄단(현행), 1인가구 건강·이사·마음 동행서비스(2026년 통합지원)",1인가구 지원 5개년 종합계획(2027~2031 수립 추진)
11080840,종암동,43.716682375963806,40.94743989975481,34.28854957653418,33.84048375818726,25.650118203309688,66.7213458575062,19.46018825713444,25.91715976331362,33.255001191780835,15.502958579881678,49.35891963382095,3,생활안정형,1.4267547532644769,3.198887343532684,1.8920008684594152,1,0,0,0,0,0,1,1형: 단일 결핍형,의료,"서울건강장수센터·방문건강관리, 자치구 마음상담소·심리상담바우처, 공공의료 접근성 안내",의료밀도 중앙값 미만,자치구 마음상담소·심리상담바우처 / 고립·은둔청년 온라인 진입 서비스 안내,행정정보 기반 위기가구 선제 발굴 / 자치구 마음상담소·심리상담바우처 / 손목닥터9988 우울·불안 자가검진 안내,서울건강장수센터·방문건강관리 연계 / 돌봄SOS 안내 / 손목닥터9988 우울·불안 자가검진 연계,현행·지속 + 2026년 확대 추진 중,2026년 확대 추진 중,"서울건강장수센터(2026년 33개소 확대), 방문건강관리(현행), 자치구 마음상담소(현행·확대), 심리상담바우처(현행·확대), 손목닥터9988(2026년 확대)","서울동행맵 AI 음성 안내(2026년 3분기 예정), 서울동행맵 보행경로 내비게이션(2026년 4분기 예정)"
11080850,석관동,57.04266637909139,56.99101402322322,53.4303247391076,32.118750062795115,44.91725768321513,81.6300332331158,29.860684123257265,45.91715976331362,36.21456013537493,30.532544378698248,78.89116039886274,3,생활안정형,1.2243142185897222,1.429128231778615,1.0588663512127328,1,1,1,0,1,1,3,3형: 삼중 결핍형,의료·복지·교통,"동 중심 원스톱 통합돌봄, 돌봄SOS, 외로움 없는 서울(서울마음편의점·서울잇다플레이스), 고립가구 위기정보 기반 발굴·우리동네돌봄단, 1인가구 건강·이사·마음 동행서비스, 서울동행맵·저상버스·교통약자 이동지원, 자치구 마음상담소·심리상담바우처","의료밀도 중앙값 미만, 복지밀도 하위30%, 교통밀도 하위30%",서울청년기지개센터·기지개LAB 사회진입 지원 / 고립·은둔청년 온라인 서비스·지역거점 우선 안내 / 서울마음편의점·자치구 마음상담소·심리상담바우처 / 외로움 없는 서울 관계형성 프로그램 / 서울동행맵 이동 안내 / 365 서울챌린지·참여형 안부확인 적립금 연계,행정정보 기반 위기가구 선제 발굴 우선지역 지정 / 우리동네돌봄단 안부확인 / 1인가구 건강·이사·마음 동행서비스 / 중장년 취업사관학교(50+캠퍼스) 원스톱 취업지원 / 자치구 마음상담소·심리상담바우처 / 서울동행맵·저상버스·교통약자 이동지원 안내 / 손목닥터9988 우울·불안 자가검진 안내 / 365 서울챌린지·참여형 안부확인 적립금 연계,동 중심 원스톱 통합돌봄 우선 적용 / 돌봄SOS 긴급돌봄·중장기 돌봄연계 / 9988 서울 프로젝트(리액트 센터·라운지·시니어 동행상점·어르신 일자리) / 서울건강장수센터·방문건강관리 / 서울동행맵·저상버스·장애인콜택시 이동지원 / 어르신 돌봄시설 확충 우선 검토 / 손목닥터9988 우울·불안 자가검진 연계 / 365 서울챌린지·참여형 안부확인 적립금 연계 / 시니어 취업사관학교 5개소 연계,현행·지속 + 2026년 신규 시행 중 + 2026년 시행 예정 연계,2026.3 신규 시행·현재 시행 중 / 2026.3Q~4Q 예정,"동 중심 원스톱 통합돌봄(2026.3 신규 시행), 돌봄SOS(현행), 외로움 없는 서울(현행·확대), 우리동네돌봄단(현행), 고립가구 위기정보 기반 발굴 시스템(2026년 도입), 1인가구 건강·이사·마음 동행서비스(2026년 통합지원), 서울건강장수센터(2026년 33개소 확대), 방문건강관리(현행), 자치구 마음상담소(현행·확대), 심리상담바우처(현행·확대), 손목닥터9988(2026년 확대), 365 서울챌린지(2026년 추진), 참여형 안부확인 적립금(2026년 추진), 저상버스 확대(2026년 추진), 장애인콜택시 증차(2026년 추진), 바우처택시(현행)","서울동행맵 AI 음성 안내(2026년 3분기 예정), 서울동행맵 보행경로 내비게이션(2026년 4분기 예정), 9988 서울 프로젝트 리액트 센터(~2035년 중장기 조성)"
11090600,번1동,51.06102371019071,50.38862249262591,52.65106710855073,53.02881489348855,39.47990543735224,61.65824639138025,45.31301021291341,41.65680473372782,42.65713596692217,38.34319526627221,68.22115904882449,0,1인가구 집중형,2.8184547515470864,1.5715034049240442,1.4704981312419585,0,1,0,0,1,0,1,1형: 단일 결핍형,복지,"동 중심 원스톱 통합돌봄, 돌봄SOS, 1인가구 건강·이사·마음 동행서비스, 고립가구 위기정보 기반 발굴",복지밀도 하위30%,서울청년기지개센터·기지개LAB 집중 발굴 / 외로움 없는 서울 관계형성 프로그램,행정정보 기반 위기가구 선제 발굴 / 우리동네돌봄단 안부확인 / 중장년 취업사관학교·50+캠퍼스 연계,동 중심 원스톱 통합돌봄 우선 적용 / 돌봄SOS / 9988 서울 프로젝트 리액트 라운지 연계 / 시니어 취업사관학교 5개소 연계,현행·지속 + 2026년 신규 시행 중,2026.3 신규 시행·현재 시행 중 / 2026년 확대 추진 중,"동 중심 원스톱 통합돌봄(2026.3 신규 시행), 돌봄SOS(현행), 우리동네돌봄단(현행), 고립가구 위기정보 기반 발굴 시스템(2026년 도입), 1인가구 건강·이사·마음 동행서비스(2026년 통합지원)",9988 서울 프로젝트 리액트 센터(~2035년 중장기 조성)
11090610,번2동,60.34088742079642,60.69266150439296,54.99249517183608,21.86211000217485,87.58865248226951,52.33251106863409,29.33082976339479,84.73372781065089,46.867020998215445,64.73372781065089,51.02730275214485,2,활동적 도심형,0.7366482504604052,2.853745541022592,3.167587476979742,1,0,0,1,0,0,1,1형: 단일 결핍형,의료,"서울건강장수센터·방문건강관리, 자치구 마음상담소·심리상담바우처, 공공의료 접근성 안내",의료밀도 하위30%,자치구 마음상담소·심리상담바우처 / 고립·은둔청년 온라인 진입 서비스 안내,행정정보 기반 위기가구 선제 발굴 / 자치구 마음상담소·심리상담바우처 / 손목닥터9988 우울·불안 자가검진 안내,서울건강장수센터·방문건강관리 연계 / 돌봄SOS 안내 / 손목닥터9988 우울·불안 자가검진 연계,현행·지속 + 2026년 확대 추진 중,2026년 확대 추진 중,"서울건강장수센터(2026년 33개소 확대), 방문건강관리(현행), 자치구 마음상담소(현행·확대), 심리상담바우처(현행·확대), 손목닥터9988(2026년 확대)","서울동행맵 AI 음성 안내(2026년 3분기 예정), 서울동행맵 보행경로 내비게이션(2026년 4분기 예정)"
11090620,번3동,,,,,94.79905437352248,62.60603769637254,,85.32544378698225,,70.29585798816568,54.20731002011845,-1,미분류,0.9600877794541216,2.8197381671701915,2.400219448635304,1,0,0,1,0,0,1,1형: 단일 결핍형,의료,"서울건강장수센터·방문건강관리, 자치구 마음상담소·심리상담바우처, 공공의료 접근성 안내",의료밀도 하위30%,자치구 마음상담소·심리상담바우처 / 고립·은둔청년 온라인 진입 서비스 안내,행정정보 기반 위기가구 선제 발굴 / 자치구 마음상담소·심리상담바우처 / 손목닥터9988 우울·불안 자가검진 안내,서울건강장수센터·방문건강관리 연계 / 돌봄SOS 안내 / 손목닥터9988 우울·불안 자가검진 연계,현행·지속 + 2026년 확대 추진 중,2026년 확대 추진 중,"서울건강장수센터(2026년 33개소 확대), 방문건강관리(현행), 자치구 마음상담소(현행·확대), 심리상담바우처(현행·확대), 손목닥터9988(2026년 확대)","서울동행맵 AI 음성 안내(2026년 3분기 예정), 서울동행맵 보행경로 내비게이션(2026년 4분기 예정)"
11090630,수유1동,64.75437623229394,64.78580506806662,59.97532367925084,36.454577085021,82.26950354609929,61.389148492125024,37.60043249809487,81.77514792899407,46.13038955012589,64.26035502958581,62.79582557526805,2,활동적 도심형,1.3335555925987663,2.1335609131640707,2.278157470689559,1,1,0,0,0,0,2,2형: 복합 결핍형,의료·복지,"동 중심 원스톱 통합돌봄, 돌봄SOS, 자치구 마음상담소·심리상담바우처, 1인가구 건강·마음 동행서비스, 고립가구 위기정보 기반 발굴","의료밀도 중앙값 미만, 복지밀도 중앙값 미만",서울청년기지개센터·기지개LAB 기반 사회진입 지원 / 서울마음편의점·자치구 마음상담소·심리상담바우처 연계 / 외로움 없는 서울 관계형성 프로그램 / 고립·은둔청년 온라인 진입 서비스 우선 안내,행정정보 기반 위기가구 선제 발굴(실직·폐업·이혼 등) 우선지역 지정 / 1인가구 건강·이사·마음 동행서비스 / 중장년 취업사관학교(50+캠퍼스) 원스톱 취업지원 연계 / 자치구 마음상담소·심리상담바우처 / 손목닥터9988 우울·불안 자가검진 안내,동 중심 원스톱 통합돌봄 우선 적용 / 돌봄SOS 긴급돌봄·중장기 돌봄서비스 연계 / 서울건강장수센터·방문건강관리 / 노인맞춤돌봄서비스 중점돌봄군 우선 지정 / 어르신 돌봄시설 확충 우선 검토 / 손목닥터9988 우울·불안 자가검진 연계,현행·지속 + 2026년 신규 시행 중,2026.3 신규 시행·현재 시행 중 / 2026년 확대 추진 중,"동 중심 원스톱 통합돌봄(2026.3 신규 시행), 돌봄SOS(현행), 우리동네돌봄단(현행), 서울건강장수센터(2026년 33개소 확대), 방문건강관리(현행), 자치구 마음상담소(현행·확대), 심리상담바우처(현행·확대), 손목닥터9988(2026년 확대), 1인가구 건강·이사·마음 동행서비스(2026년 통합지원), 고립가구 위기정보 기반 발굴 시스템(2026년 도입)","9988 서울 프로젝트 리액트 센터(~2035년 중장기 조성), 1인가구 지원 5개년 종합계획(2027~2031 수립 추진)"
11090640,수유2동,66.07663424399647,64.40840736418579,49.61759344724035,21.70757126146152,71.63120567375887,82.70659430550154,26.924706198091503,64.85207100591717,33.65275760563529,43.4319526627219,61.52412998702363,2,활동적 도심형,1.5650296815974096,2.654531664770573,0.809498111171074,0,0,1,0,0,1,1,1형: 단일 결핍형,교통,"서울동행맵, 저상버스·교통약자 이동지원, 마을버스 서비스 개선",교통밀도 하위30%,서울동행맵 이동지원 안내 / 외로움 없는 서울 프로그램 연계,서울동행맵·저상버스 이동지원 안내 / 중장년 취업사관학교·50+캠퍼스 연계,서울동행맵(AI 음성안내·보행경로) 우선 안내 / 저상버스·장애인콜택시·바우처택시 이동지원,현행·지속 + 2026년 확대 추진 중 + 2026년 시행 예정 연계,2026년 확대 추진 중 / 2026.3Q~4Q 예정,"서울동행맵(현행·고도화 추진), 저상버스 확대(2026년 추진), 장애인콜택시 증차(2026년 추진), 바우처택시(현행), 마을버스 서비스 개선(2026년 추진)","서울동행맵 AI 음성 안내(2026년 3분기 예정), 서울동행맵 보행경로 내비게이션(2026년 4분기 예정)"
11090650,수유3동,47.31878288969985,49.659898157782585,49.53731849206365,54.25588281142295,25.29550827423168,65.87350754430645,50.99034552278522,32.7810650887574,48.99553890240442,24.615384615384627,69.16183576932922,0,1인가구 집중형,2.7106603729494787,1.607717041800643,1.261859139131654,0,1,1,0,1,0,2,2형: 복합 결핍형,복지·교통,"돌봄SOS, 우리동네돌봄단 안부확인, 서울동행맵, 저상버스·교통약자 이동지원","복지밀도 하위30%, 교통밀도 중앙값 미만",외로움 없는 서울 관계형성 프로그램 / 서울청년기지개센터 집중 발굴 / 서울동행맵·저상버스 등 이동지원 안내,1인가구 건강·이사·마음 동행서비스 / 우리동네돌봄단 안부확인 / 중장년 취업사관학교·50+캠퍼스 연계 / 서울동행맵·마을버스 서비스 개선 활용,돌봄SOS 긴급돌봄·중장기 돌봄서비스 연계 / 9988 서울 프로젝트(리액트 라운지·시니어 동행상점) / 서울동행맵·저상버스·교통약자 이동지원 / 안심돌봄가정 확충 / 시니어 취업사관학교 5개소 연계,현행·지속 + 2026년 신규 시행 중 + 2026년 시행 예정 연계,2026.3 신규 시행·현재 시행 중 / 2026.3Q~4Q 예정,"동 중심 원스톱 통합돌봄(2026.3 신규 시행), 돌봄SOS(현행), 우리동네돌봄단(현행), 서울동행맵(현행·고도화 추진), 저상버스 확대(2026년 추진), 장애인콜택시 증차(2026년 추진), 바우처택시(현행), 1인가구 건강·이사·마음 동행서비스(2026년 통합지원)","서울동행맵 AI 음성 안내(2026년 3분기 예정), 서울동행맵 보행경로 내비게이션(2026년 4분기 예정), 9988 서울 프로젝트 리액트 센터(~2035년 중장기 조성)"
11090690,삼양동,,,,,76.35933806146572,65.82366356760552,,68.04733727810651,,56.09467455621302,60.11272335026831,-1,미분류,2.0627892936204466,2.3328149300155525,1.6099818877037633,0,1,0,0,0,0,1,1형: 단일 결핍형,복지,"동 중심 원스톱 통합돌봄, 돌봄SOS, 1인가구 건강·이사·마음 동행서비스, 고립가구 위기정보 기반 발굴",복지밀도 중앙값 미만,서울청년기지개센터·기지개LAB 집중 발굴 / 외로움 없는 서울 관계형성 프로그램,행정정보 기반 위기가구 선제 발굴 / 우리동네돌봄단 안부확인 / 중장년 취업사관학교·50+캠퍼스 연계,동 중심 원스톱 통합돌봄 우선 적용 / 돌봄SOS / 9988 서울 프로젝트 리액트 라운지 연계 / 시니어 취업사관학교 5개소 연계,현행·지속 + 2026년 신규 시행 중,2026.3 신규 시행·현재 시행 중 / 2026년 확대 추진 중,"동 중심 원스톱 통합돌봄(2026.3 신규 시행), 돌봄SOS(현행), 우리동네돌봄단(현행), 고립가구 위기정보 기반 발굴 시스템(2026년 도입), 1인가구 건강·이사·마음 동행서비스(2026년 통합지원)",9988 서울 프로젝트 리액트 센터(~2035년 중장기 조성)
11090700,미아동,51.84496392001477,55.55373949504641,48.31365459700915,16.388596486156352,58.51063829787234,62.9074732590864,36.45079237717757,57.75147928994084,53.85503792025141,34.79289940828404,56.36696048902101,0,1인가구 집중형,2.397581569894715,2.497918401332224,1.6157614927551338,0,0,0,0,0,0,0,0형: 인프라 양호형,없음,"외로움 없는 서울, 1인가구 맞춤형 지원, 마음건강서비스 안내 및 정기 모니터링",인프라 상대 양호,서울마음편의점·외로움 없는 서울 관계형성 프로그램 안내 / 정기 모니터링 / 365 서울챌린지·참여형 안부확인 적립금 연계,1인가구 건강·이사·마음 동행서비스 안내 / 정기 모니터링 / 365 서울챌린지·참여형 안부확인 적립금 연계,노인맞춤돌봄서비스 안내 / 9988 서울 프로젝트 정보 제공 / 정기 모니터링 / 365 서울챌린지·참여형 안부확인 적립금 연계 / 시니어 취업사관학교 5개소 연계,현행·지속 운영 + 정기 모니터링,2026년 지속,"외로움 없는 서울(현행·확대), 우리동네돌봄단(현행), 1인가구 건강·이사·마음 동행서비스(2026년 통합지원)",1인가구 지원 5개년 종합계획(2027~2031 수립 추진)
11090710,송중동,40.36720768549985,37.05985162438583,38.1695925210296,28.67431384577004,32.62411347517731,53.956748815687305,30.52185516511072,23.431952662721898,37.49416756956224,10.059171597633153,60.33344210654566,3,생활안정형,2.1538220551378444,2.0511202272010096,2.3104636591478696,0,1,0,0,0,0,1,1형: 단일 결핍형,복지,"동 중심 원스톱 통합돌봄, 돌봄SOS, 1인가구 건강·이사·마음 동행서비스, 고립가구 위기정보 기반 발굴",복지밀도 중앙값 미만,서울청년기지개센터·기지개LAB 집중 발굴 / 외로움 없는 서울 관계형성 프로그램,행정정보 기반 위기가구 선제 발굴 / 우리동네돌봄단 안부확인 / 중장년 취업사관학교·50+캠퍼스 연계,동 중심 원스톱 통합돌봄 우선 적용 / 돌봄SOS / 9988 서울 프로젝트 리액트 라운지 연계 / 시니어 취업사관학교 5개소 연계,현행·지속 + 2026년 신규 시행 중,2026.3 신규 시행·현재 시행 중 / 2026년 확대 추진 중,"동 중심 원스톱 통합돌봄(2026.3 신규 시행), 돌봄SOS(현행), 우리동네돌봄단(현행), 고립가구 위기정보 기반 발굴 시스템(2026년 도입), 1인가구 건강·이사·마음 동행서비스(2026년 통합지원)",9988 서울 프로젝트 리액트 센터(~2035년 중장기 조성)
11090720,송천동,56.24880810702875,50.359844244192,49.047100705011545,24.85556180026198,47.04491725768322,81.14932210975766,34.58933439789437,27.45562130177516,45.2983045996765,10.295857988165691,80.85308775381834,3,생활안정형,1.5374478365912585,1.240502403473407,0.9224687019547552,0,1,1,0,1,1,2,2형: 복합 결핍형,복지·교통,"돌봄SOS, 우리동네돌봄단 안부확인, 서울동행맵, 저상버스·교통약자 이동지원","복지밀도 하위30%, 교통밀도 하위30%",외로움 없는 서울 관계형성 프로그램 / 서울청년기지개센터 집중 발굴 / 서울동행맵·저상버스 등 이동지원 안내,1인가구 건강·이사·마음 동행서비스 / 우리동네돌봄단 안부확인 / 중장년 취업사관학교·50+캠퍼스 연계 / 서울동행맵·마을버스 서비스 개선 활용,돌봄SOS 긴급돌봄·중장기 돌봄서비스 연계 / 9988 서울 프로젝트(리액트 라운지·시니어 동행상점) / 서울동행맵·저상버스·교통약자 이동지원 / 안심돌봄가정 확충 / 시니어 취업사관학교 5개소 연계,현행·지속 + 2026년 신규 시행 중 + 2026년 시행 예정 연계,2026.3 신규 시행·현재 시행 중 / 2026.3Q~4Q 예정,"동 중심 원스톱 통합돌봄(2026.3 신규 시행), 돌봄SOS(현행), 우리동네돌봄단(현행), 서울동행맵(현행·고도화 추진), 저상버스 확대(2026년 추진), 장애인콜택시 증차(2026년 추진), 바우처택시(현행), 1인가구 건강·이사·마음 동행서비스(2026년 통합지원)","서울동행맵 AI 음성 안내(2026년 3분기 예정), 서울동행맵 보행경로 내비게이션(2026년 4분기 예정), 9988 서울 프로젝트 리액트 센터(~2035년 중장기 조성)"
11090730,삼각산동,67.55919885714408,62.72684912380473,66.70439675065754,3.110986110547345,82.97872340425532,84.3637806833312,11.178873601473668,66.8639053254438,33.11141910005892,68.75739644970415,80.03783149610958,2,활동적 도심형,0.977198697068404,1.435602953240361,1.017915309446254,1,1,1,1,1,1,3,3형: 삼중 결핍형,의료·복지·교통,"동 중심 원스톱 통합돌봄, 돌봄SOS, 외로움 없는 서울(서울마음편의점·서울잇다플레이스), 고립가구 위기정보 기반 발굴·우리동네돌봄단, 1인가구 건강·이사·마음 동행서비스, 서울동행맵·저상버스·교통약자 이동지원, 자치구 마음상담소·심리상담바우처","의료밀도 하위30%, 복지밀도 하위30%, 교통밀도 하위30%",서울청년기지개센터·기지개LAB 사회진입 지원 / 고립·은둔청년 온라인 서비스·지역거점 우선 안내 / 서울마음편의점·자치구 마음상담소·심리상담바우처 / 외로움 없는 서울 관계형성 프로그램 / 서울동행맵 이동 안내 / 365 서울챌린지·참여형 안부확인 적립금 연계,행정정보 기반 위기가구 선제 발굴 우선지역 지정 / 우리동네돌봄단 안부확인 / 1인가구 건강·이사·마음 동행서비스 / 중장년 취업사관학교(50+캠퍼스) 원스톱 취업지원 / 자치구 마음상담소·심리상담바우처 / 서울동행맵·저상버스·교통약자 이동지원 안내 / 손목닥터9988 우울·불안 자가검진 안내 / 365 서울챌린지·참여형 안부확인 적립금 연계,동 중심 원스톱 통합돌봄 우선 적용 / 돌봄SOS 긴급돌봄·중장기 돌봄연계 / 9988 서울 프로젝트(리액트 센터·라운지·시니어 동행상점·어르신 일자리) / 서울건강장수센터·방문건강관리 / 서울동행맵·저상버스·장애인콜택시 이동지원 / 어르신 돌봄시설 확충 우선 검토 / 손목닥터9988 우울·불안 자가검진 연계 / 365 서울챌린지·참여형 안부확인 적립금 연계 / 시니어 취업사관학교 5개소 연계,현행·지속 + 2026년 신규 시행 중 + 2026년 시행 예정 연계,2026.3 신규 시행·현재 시행 중 / 2026.3Q~4Q 예정,"동 중심 원스톱 통합돌봄(2026.3 신규 시행), 돌봄SOS(현행), 외로움 없는 서울(현행·확대), 우리동네돌봄단(현행), 고립가구 위기정보 기반 발굴 시스템(2026년 도입), 1인가구 건강·이사·마음 동행서비스(2026년 통합지원), 서울건강장수센터(2026년 33개소 확대), 방문건강관리(현행), 자치구 마음상담소(현행·확대), 심리상담바우처(현행·확대), 손목닥터9988(2026년 확대), 365 서울챌린지(2026년 추진), 참여형 안부확인 적립금(2026년 추진), 저상버스 확대(2026년 추진), 장애인콜택시 증차(2026년 추진), 바우처택시(현행)","서울동행맵 AI 음성 안내(2026년 3분기 예정), 서울동행맵 보행경로 내비게이션(2026년 4분기 예정), 9988 서울 프로젝트 리액트 센터(~2035년 중장기 조성)"
11090740,우이동,59.5276278408854,51.676934012187374,48.6646415819736,23.52663983380496,65.72104018912529,71.33470949618574,26.95785461886122,44.37869822485207,41.01841218984041,19.881656804733737,74.44973169410824,3,생활안정형,0.8433125316242199,1.5720180782078994,1.9115084050148985,1,1,0,1,1,0,2,2형: 복합 결핍형,의료·복지,"동 중심 원스톱 통합돌봄, 돌봄SOS, 자치구 마음상담소·심리상담바우처, 1인가구 건강·마음 동행서비스, 고립가구 위기정보 기반 발굴","의료밀도 하위30%, 복지밀도 하위30%",서울청년기지개센터·기지개LAB 기반 사회진입 지원 / 서울마음편의점·자치구 마음상담소·심리상담바우처 연계 / 외로움 없는 서울 관계형성 프로그램 / 고립·은둔청년 온라인 진입 서비스 우선 안내,행정정보 기반 위기가구 선제 발굴(실직·폐업·이혼 등) 우선지역 지정 / 1인가구 건강·이사·마음 동행서비스 / 중장년 취업사관학교(50+캠퍼스) 원스톱 취업지원 연계 / 자치구 마음상담소·심리상담바우처 / 손목닥터9988 우울·불안 자가검진 안내,동 중심 원스톱 통합돌봄 우선 적용 / 돌봄SOS 긴급돌봄·중장기 돌봄서비스 연계 / 서울건강장수센터·방문건강관리 / 노인맞춤돌봄서비스 중점돌봄군 우선 지정 / 어르신 돌봄시설 확충 우선 검토 / 손목닥터9988 우울·불안 자가검진 연계,현행·지속 + 2026년 신규 시행 중,2026.3 신규 시행·현재 시행 중 / 2026년 확대 추진 중,"동 중심 원스톱 통합돌봄(2026.3 신규 시행), 돌봄SOS(현행), 우리동네돌봄단(현행), 서울건강장수센터(2026년 33개소 확대), 방문건강관리(현행), 자치구 마음상담소(현행·확대), 심리상담바우처(현행·확대), 손목닥터9988(2026년 확대), 1인가구 건강·이사·마음 동행서비스(2026년 통합지원), 고립가구 위기정보 기반 발굴 시스템(2026년 도입)","9988 서울 프로젝트 리액트 센터(~2035년 중장기 조성), 1인가구 지원 5개년 종합계획(2027~2031 수립 추진)"
11090750,인수동,59.839724277385926,55.075236431301335,48.011223566931214,21.877391159359373,67.13947990543736,71.52113520834777,31.742195763479724,50.295857988165686,40.70750704223208,28.52071005917161,66.41660808394386,3,생활안정형,0.882037122258015,2.1464985242822645,1.8791225648105536,1,1,0,1,0,0,2,2형: 복합 결핍형,의료·복지,"동 중심 원스톱 통합돌봄, 돌봄SOS, 자치구 마음상담소·심리상담바우처, 1인가구 건강·마음 동행서비스, 고립가구 위기정보 기반 발굴","의료밀도 하위30%, 복지밀도 중앙값 미만",서울청년기지개센터·기지개LAB 기반 사회진입 지원 / 서울마음편의점·자치구 마음상담소·심리상담바우처 연계 / 외로움 없는 서울 관계형성 프로그램 / 고립·은둔청년 온라인 진입 서비스 우선 안내,행정정보 기반 위기가구 선제 발굴(실직·폐업·이혼 등) 우선지역 지정 / 1인가구 건강·이사·마음 동행서비스 / 중장년 취업사관학교(50+캠퍼스) 원스톱 취업지원 연계 / 자치구 마음상담소·심리상담바우처 / 손목닥터9988 우울·불안 자가검진 안내,동 중심 원스톱 통합돌봄 우선 적용 / 돌봄SOS 긴급돌봄·중장기 돌봄서비스 연계 / 서울건강장수센터·방문건강관리 / 노인맞춤돌봄서비스 중점돌봄군 우선 지정 / 어르신 돌봄시설 확충 우선 검토 / 손목닥터9988 우울·불안 자가검진 연계,현행·지속 + 2026년 신규 시행 중,2026.3 신규 시행·현재 시행 중 / 2026년 확대 추진 중,"동 중심 원스톱 통합돌봄(2026.3 신규 시행), 돌봄SOS(현행), 우리동네돌봄단(현행), 서울건강장수센터(2026년 33개소 확대), 방문건강관리(현행), 자치구 마음상담소(현행·확대), 심리상담바우처(현행·확대), 손목닥터9988(2026년 확대), 1인가구 건강·이사·마음 동행서비스(2026년 통합지원), 고립가구 위기정보 기반 발굴 시스템(2026년 도입)","9988 서울 프로젝트 리액트 센터(~2035년 중장기 조성), 1인가구 지원 5개년 종합계획(2027~2031 수립 추진)"
11100510,쌍문1동,59.81566346880615,63.716266759368885,57.11611907456518,24.168478970605666,72.10401891252955,65.35090027418299,24.3292373904903,81.77514792899407,33.534144483172064,65.32544378698225,61.21196633885995,2,활동적 도심형,0.4358485426314356,2.4405125076266017,2.5061291201307543,1,0,0,1,0,0,1,1형: 단일 결핍형,의료,"서울건강장수센터·방문건강관리, 자치구 마음상담소·심리상담바우처, 공공의료 접근성 안내",의료밀도 하위30%,자치구 마음상담소·심리상담바우처 / 고립·은둔청년 온라인 진입 서비스 안내,행정정보 기반 위기가구 선제 발굴 / 자치구 마음상담소·심리상담바우처 / 손목닥터9988 우울·불안 자가검진 안내,서울건강장수센터·방문건강관리 연계 / 돌봄SOS 안내 / 손목닥터9988 우울·불안 자가검진 연계,현행·지속 + 2026년 확대 추진 중,2026년 확대 추진 중,"서울건강장수센터(2026년 33개소 확대), 방문건강관리(현행), 자치구 마음상담소(현행·확대), 심리상담바우처(현행·확대), 손목닥터9988(2026년 확대)","서울동행맵 AI 음성 안내(2026년 3분기 예정), 서울동행맵 보행경로 내비게이션(2026년 4분기 예정)"
11100520,쌍문2동,62.75515838503732,62.56938922060067,39.25768143659476,17.08462639498462,69.73995271867612,78.60563004642486,27.82503512257965,63.905325443786985,41.53438682510468,48.875739644970416,30.76510043518706,2,활동적 도심형,1.8115942028985508,5.465779467680608,0.9370314842578712,0,0,1,0,0,1,1,1형: 단일 결핍형,교통,"서울동행맵, 저상버스·교통약자 이동지원, 마을버스 서비스 개선",교통밀도 하위30%,서울동행맵 이동지원 안내 / 외로움 없는 서울 프로그램 연계,서울동행맵·저상버스 이동지원 안내 / 중장년 취업사관학교·50+캠퍼스 연계,서울동행맵(AI 음성안내·보행경로) 우선 안내 / 저상버스·장애인콜택시·바우처택시 이동지원,현행·지속 + 2026년 확대 추진 중 + 2026년 시행 예정 연계,2026년 확대 추진 중 / 2026.3Q~4Q 예정,"서울동행맵(현행·고도화 추진), 저상버스 확대(2026년 추진), 장애인콜택시 증차(2026년 추진), 바우처택시(현행), 마을버스 서비스 개선(2026년 추진)","서울동행맵 AI 음성 안내(2026년 3분기 예정), 서울동행맵 보행경로 내비게이션(2026년 4분기 예정)"
11100530,쌍문3동,69.58342388915374,70.38918635312906,65.08099783397293,34.13875205516963,77.65957446808511,79.22960922721441,29.93641745322837,81.77514792899407,38.20792100595816,63.19526627218936,78.49126763892227,2,활동적 도심형,1.478295927966671,1.375515818431912,1.075124311248488,1,1,1,0,1,1,3,3형: 삼중 결핍형,의료·복지·교통,"동 중심 원스톱 통합돌봄, 돌봄SOS, 외로움 없는 서울(서울마음편의점·서울잇다플레이스), 고립가구 위기정보 기반 발굴·우리동네돌봄단, 1인가구 건강·이사·마음 동행서비스, 서울동행맵·저상버스·교통약자 이동지원, 자치구 마음상담소·심리상담바우처","의료밀도 중앙값 미만, 복지밀도 하위30%, 교통밀도 하위30%",서울청년기지개센터·기지개LAB 사회진입 지원 / 고립·은둔청년 온라인 서비스·지역거점 우선 안내 / 서울마음편의점·자치구 마음상담소·심리상담바우처 / 외로움 없는 서울 관계형성 프로그램 / 서울동행맵 이동 안내 / 365 서울챌린지·참여형 안부확인 적립금 연계,행정정보 기반 위기가구 선제 발굴 우선지역 지정 / 우리동네돌봄단 안부확인 / 1인가구 건강·이사·마음 동행서비스 / 중장년 취업사관학교(50+캠퍼스) 원스톱 취업지원 / 자치구 마음상담소·심리상담바우처 / 서울동행맵·저상버스·교통약자 이동지원 안내 / 손목닥터9988 우울·불안 자가검진 안내 / 365 서울챌린지·참여형 안부확인 적립금 연계,동 중심 원스톱 통합돌봄 우선 적용 / 돌봄SOS 긴급돌봄·중장기 돌봄연계 / 9988 서울 프로젝트(리액트 센터·라운지·시니어 동행상점·어르신 일자리) / 서울건강장수센터·방문건강관리 / 서울동행맵·저상버스·장애인콜택시 이동지원 / 어르신 돌봄시설 확충 우선 검토 / 손목닥터9988 우울·불안 자가검진 연계 / 365 서울챌린지·참여형 안부확인 적립금 연계 / 시니어 취업사관학교 5개소 연계,현행·지속 + 2026년 신규 시행 중 + 2026년 시행 예정 연계,2026.3 신규 시행·현재 시행 중 / 2026.3Q~4Q 예정,"동 중심 원스톱 통합돌봄(2026.3 신규 시행), 돌봄SOS(현행), 외로움 없는 서울(현행·확대), 우리동네돌봄단(현행), 고립가구 위기정보 기반 발굴 시스템(2026년 도입), 1인가구 건강·이사·마음 동행서비스(2026년 통합지원), 서울건강장수센터(2026년 33개소 확대), 방문건강관리(현행), 자치구 마음상담소(현행·확대), 심리상담바우처(현행·확대), 손목닥터9988(2026년 확대), 365 서울챌린지(2026년 추진), 참여형 안부확인 적립금(2026년 추진), 저상버스 확대(2026년 추진), 장애인콜택시 증차(2026년 추진), 바우처택시(현행)","서울동행맵 AI 음성 안내(2026년 3분기 예정), 서울동행맵 보행경로 내비게이션(2026년 4분기 예정), 9988 서울 프로젝트 리액트 센터(~2035년 중장기 조성)"
11100540,쌍문4동,,,,,93.49881796690308,84.66043036110659,,84.73372781065089,,80.0,52.01981072580546,-1,미분류,0.6514657980456027,3.487358326068004,1.1726384364820848,1,0,1,1,0,0,2,2형: 복합 결핍형,의료·교통,"서울건강장수센터·방문건강관리, 서울동행맵, 저상버스·교통약자 이동지원, 마을버스 서비스 개선","의료밀도 하위30%, 교통밀도 중앙값 미만",고립·은둔청년 온라인 진입 서비스 및 지역거점 15개소 우선 안내 / 자치구 마음상담소·심리상담바우처 / 서울동행맵 기반 이동지원 안내,행정정보 기반 위기가구 선제 발굴 우선지역 지정 / 중장년 취업사관학교·50+캠퍼스 상담·훈련·취업·사후관리 / 서울동행맵·저상버스 이동지원 안내 / 자치구 마음상담소 연계 / 손목닥터9988 우울·불안 자가검진 안내,서울건강장수센터·방문건강관리 연계 / 서울동행맵(AI 음성안내·보행경로) 우선 안내 / 저상버스·장애인콜택시·바우처택시 이동지원 / 9988 서울 프로젝트 우리동네 리액트 라운지 연계 / 손목닥터9988 우울·불안 자가검진 연계,현행·지속 + 2026년 확대 추진 중 + 2026년 시행 예정 연계,2026년 확대 추진 중 / 2026.3Q~4Q 예정,"서울건강장수센터(2026년 33개소 확대), 방문건강관리(현행), 서울동행맵(현행·고도화 추진), 저상버스 확대(2026년 추진), 장애인콜택시 증차(2026년 추진), 바우처택시(현행), 마을버스 서비스 개선(2026년 추진), 손목닥터9988(2026년 확대), 자치구 마음상담소(현행·확대)","서울동행맵 AI 음성 안내(2026년 3분기 예정), 서울동행맵 보행경로 내비게이션(2026년 4분기 예정)"
11100550,방학1동,55.256012439692775,48.04044445623233,29.78459550760681,22.63928997806764,56.73758865248227,70.08279745771583,29.504082987031733,35.266272189349124,38.39103925957998,27.573964497041416,27.67888907050292,3,생활안정형,2.125311644255528,5.320813771517996,1.3078840887726326,0,0,1,0,0,0,1,1형: 단일 결핍형,교통,"서울동행맵, 저상버스·교통약자 이동지원, 마을버스 서비스 개선",교통밀도 중앙값 미만,서울동행맵 이동지원 안내 / 외로움 없는 서울 프로그램 연계,서울동행맵·저상버스 이동지원 안내 / 중장년 취업사관학교·50+캠퍼스 연계,서울동행맵(AI 음성안내·보행경로) 우선 안내 / 저상버스·장애인콜택시·바우처택시 이동지원,현행·지속 + 2026년 확대 추진 중 + 2026년 시행 예정 연계,2026년 확대 추진 중 / 2026.3Q~4Q 예정,"서울동행맵(현행·고도화 추진), 저상버스 확대(2026년 추진), 장애인콜택시 증차(2026년 추진), 바우처택시(현행), 마을버스 서비스 개선(2026년 추진)","서울동행맵 AI 음성 안내(2026년 3분기 예정), 서울동행맵 보행경로 내비게이션(2026년 4분기 예정)"
11100560,방학2동,73.90876537030766,75.61987418738775,74.54760779338216,15.45754767993905,97.16312056737588,79.88001901842375,33.72394828470666,92.3076923076923,50.63108046648526,79.40828402366864,81.39664953733575,2,활동적 도심형,0.8372204281784476,1.258917331095258,1.375433560578878,1,1,0,1,1,0,2,2형: 복합 결핍형,의료·복지,"동 중심 원스톱 통합돌봄, 돌봄SOS, 자치구 마음상담소·심리상담바우처, 1인가구 건강·마음 동행서비스, 고립가구 위기정보 기반 발굴","의료밀도 하위30%, 복지밀도 하위30%",서울청년기지개센터·기지개LAB 기반 사회진입 지원 / 서울마음편의점·자치구 마음상담소·심리상담바우처 연계 / 외로움 없는 서울 관계형성 프로그램 / 고립·은둔청년 온라인 진입 서비스 우선 안내,행정정보 기반 위기가구 선제 발굴(실직·폐업·이혼 등) 우선지역 지정 / 1인가구 건강·이사·마음 동행서비스 / 중장년 취업사관학교(50+캠퍼스) 원스톱 취업지원 연계 / 자치구 마음상담소·심리상담바우처 / 손목닥터9988 우울·불안 자가검진 안내,동 중심 원스톱 통합돌봄 우선 적용 / 돌봄SOS 긴급돌봄·중장기 돌봄서비스 연계 / 서울건강장수센터·방문건강관리 / 노인맞춤돌봄서비스 중점돌봄군 우선 지정 / 어르신 돌봄시설 확충 우선 검토 / 손목닥터9988 우울·불안 자가검진 연계,현행·지속 + 2026년 신규 시행 중,2026.3 신규 시행·현재 시행 중 / 2026년 확대 추진 중,"동 중심 원스톱 통합돌봄(2026.3 신규 시행), 돌봄SOS(현행), 우리동네돌봄단(현행), 서울건강장수센터(2026년 33개소 확대), 방문건강관리(현행), 자치구 마음상담소(현행·확대), 심리상담바우처(현행·확대), 손목닥터9988(2026년 확대), 1인가구 건강·이사·마음 동행서비스(2026년 통합지원), 고립가구 위기정보 기반 발굴 시스템(2026년 도입)","9988 서울 프로젝트 리액트 센터(~2035년 중장기 조성), 1인가구 지원 5개년 종합계획(2027~2031 수립 추진)"
11100570,방학3동,68.11692560797746,62.239054603227096,41.887836747206336,3.2262056008076736,84.63356973995272,84.04564147958706,8.902806625008651,67.10059171597634,19.81036656931159,45.325443786982255,49.026351350889385,2,활동적 도심형,0.6331976481230213,3.690685413005272,1.2211668928086838,1,0,1,1,0,0,2,2형: 복합 결핍형,의료·교통,"서울건강장수센터·방문건강관리, 서울동행맵, 저상버스·교통약자 이동지원, 마을버스 서비스 개선","의료밀도 하위30%, 교통밀도 중앙값 미만",고립·은둔청년 온라인 진입 서비스 및 지역거점 15개소 우선 안내 / 자치구 마음상담소·심리상담바우처 / 서울동행맵 기반 이동지원 안내,행정정보 기반 위기가구 선제 발굴 우선지역 지정 / 중장년 취업사관학교·50+캠퍼스 상담·훈련·취업·사후관리 / 서울동행맵·저상버스 이동지원 안내 / 자치구 마음상담소 연계 / 손목닥터9988 우울·불안 자가검진 안내,서울건강장수센터·방문건강관리 연계 / 서울동행맵(AI 음성안내·보행경로) 우선 안내 / 저상버스·장애인콜택시·바우처택시 이동지원 / 9988 서울 프로젝트 우리동네 리액트 라운지 연계 / 손목닥터9988 우울·불안 자가검진 연계,현행·지속 + 2026년 확대 추진 중 + 2026년 시행 예정 연계,2026년 확대 추진 중 / 2026.3Q~4Q 예정,"서울건강장수센터(2026년 33개소 확대), 방문건강관리(현행), 서울동행맵(현행·고도화 추진), 저상버스 확대(2026년 추진), 장애인콜택시 증차(2026년 추진), 바우처택시(현행), 마을버스 서비스 개선(2026년 추진), 손목닥터9988(2026년 확대), 자치구 마음상담소(현행·확대)","서울동행맵 AI 음성 안내(2026년 3분기 예정), 서울동행맵 보행경로 내비게이션(2026년 4분기 예정)"
11100590,창1동,,,,,70.44917257683215,79.78809498347182,,66.15384615384616,,51.1242603550296,78.87036305986877,-1,미분류,1.2854082361342536,1.383672662581538,1.1425850987860031,1,1,1,0,1,0,3,3형: 삼중 결핍형,의료·복지·교통,"동 중심 원스톱 통합돌봄, 돌봄SOS, 외로움 없는 서울(서울마음편의점·서울잇다플레이스), 고립가구 위기정보 기반 발굴·우리동네돌봄단, 1인가구 건강·이사·마음 동행서비스, 서울동행맵·저상버스·교통약자 이동지원, 자치구 마음상담소·심리상담바우처","의료밀도 중앙값 미만, 복지밀도 하위30%, 교통밀도 중앙값 미만",서울청년기지개센터·기지개LAB 사회진입 지원 / 고립·은둔청년 온라인 서비스·지역거점 우선 안내 / 서울마음편의점·자치구 마음상담소·심리상담바우처 / 외로움 없는 서울 관계형성 프로그램 / 서울동행맵 이동 안내 / 365 서울챌린지·참여형 안부확인 적립금 연계,행정정보 기반 위기가구 선제 발굴 우선지역 지정 / 우리동네돌봄단 안부확인 / 1인가구 건강·이사·마음 동행서비스 / 중장년 취업사관학교(50+캠퍼스) 원스톱 취업지원 / 자치구 마음상담소·심리상담바우처 / 서울동행맵·저상버스·교통약자 이동지원 안내 / 손목닥터9988 우울·불안 자가검진 안내 / 365 서울챌린지·참여형 안부확인 적립금 연계,동 중심 원스톱 통합돌봄 우선 적용 / 돌봄SOS 긴급돌봄·중장기 돌봄연계 / 9988 서울 프로젝트(리액트 센터·라운지·시니어 동행상점·어르신 일자리) / 서울건강장수센터·방문건강관리 / 서울동행맵·저상버스·장애인콜택시 이동지원 / 어르신 돌봄시설 확충 우선 검토 / 손목닥터9988 우울·불안 자가검진 연계 / 365 서울챌린지·참여형 안부확인 적립금 연계 / 시니어 취업사관학교 5개소 연계,현행·지속 + 2026년 신규 시행 중 + 2026년 시행 예정 연계,2026.3 신규 시행·현재 시행 중 / 2026.3Q~4Q 예정,"동 중심 원스톱 통합돌봄(2026.3 신규 시행), 돌봄SOS(현행), 외로움 없는 서울(현행·확대), 우리동네돌봄단(현행), 고립가구 위기정보 기반 발굴 시스템(2026년 도입), 1인가구 건강·이사·마음 동행서비스(2026년 통합지원), 서울건강장수센터(2026년 33개소 확대), 방문건강관리(현행), 자치구 마음상담소(현행·확대), 심리상담바우처(현행·확대), 손목닥터9988(2026년 확대), 365 서울챌린지(2026년 추진), 참여형 안부확인 적립금(2026년 추진), 저상버스 확대(2026년 추진), 장애인콜택시 증차(2026년 추진), 바우처택시(현행)","서울동행맵 AI 음성 안내(2026년 3분기 예정), 서울동행맵 보행경로 내비게이션(2026년 4분기 예정), 9988 서울 프로젝트 리액트 센터(~2035년 중장기 조성)"
11100600,창2동,51.46397310593255,48.55504086521141,35.73761158245097,18.01553525336632,32.97872340425532,86.6734417338929,18.54074689377416,25.44378698224854,26.09471915639532,10.532544378698232,59.627282708061166,3,생활안정형,0.645421540943929,2.9866479269149684,1.0488100040338846,1,0,1,1,0,1,2,2형: 복합 결핍형,의료·교통,"서울건강장수센터·방문건강관리, 서울동행맵, 저상버스·교통약자 이동지원, 마을버스 서비스 개선","의료밀도 하위30%, 교통밀도 하위30%",고립·은둔청년 온라인 진입 서비스 및 지역거점 15개소 우선 안내 / 자치구 마음상담소·심리상담바우처 / 서울동행맵 기반 이동지원 안내,행정정보 기반 위기가구 선제 발굴 우선지역 지정 / 중장년 취업사관학교·50+캠퍼스 상담·훈련·취업·사후관리 / 서울동행맵·저상버스 이동지원 안내 / 자치구 마음상담소 연계 / 손목닥터9988 우울·불안 자가검진 안내,서울건강장수센터·방문건강관리 연계 / 서울동행맵(AI 음성안내·보행경로) 우선 안내 / 저상버스·장애인콜택시·바우처택시 이동지원 / 9988 서울 프로젝트 우리동네 리액트 라운지 연계 / 손목닥터9988 우울·불안 자가검진 연계,현행·지속 + 2026년 확대 추진 중 + 2026년 시행 예정 연계,2026년 확대 추진 중 / 2026.3Q~4Q 예정,"서울건강장수센터(2026년 33개소 확대), 방문건강관리(현행), 서울동행맵(현행·고도화 추진), 저상버스 확대(2026년 추진), 장애인콜택시 증차(2026년 추진), 바우처택시(현행), 마을버스 서비스 개선(2026년 추진), 손목닥터9988(2026년 확대), 자치구 마음상담소(현행·확대)","서울동행맵 AI 음성 안내(2026년 3분기 예정), 서울동행맵 보행경로 내비게이션(2026년 4분기 예정)"
11100610,창3동,,,,,97.87234042553192,77.80157291210435,,94.79289940828404,,91.24260355029584,61.65272620005331,-1,미분류,1.4398238333192177,2.5550942190993293,1.1857372744981791,1,0,1,0,0,0,2,2형: 복합 결핍형,의료·교통,"서울건강장수센터·방문건강관리, 서울동행맵, 저상버스·교통약자 이동지원, 마을버스 서비스 개선","의료밀도 중앙값 미만, 교통밀도 중앙값 미만",고립·은둔청년 온라인 진입 서비스 및 지역거점 15개소 우선 안내 / 자치구 마음상담소·심리상담바우처 / 서울동행맵 기반 이동지원 안내,행정정보 기반 위기가구 선제 발굴 우선지역 지정 / 중장년 취업사관학교·50+캠퍼스 상담·훈련·취업·사후관리 / 서울동행맵·저상버스 이동지원 안내 / 자치구 마음상담소 연계 / 손목닥터9988 우울·불안 자가검진 안내,서울건강장수센터·방문건강관리 연계 / 서울동행맵(AI 음성안내·보행경로) 우선 안내 / 저상버스·장애인콜택시·바우처택시 이동지원 / 9988 서울 프로젝트 우리동네 리액트 라운지 연계 / 손목닥터9988 우울·불안 자가검진 연계,현행·지속 + 2026년 확대 추진 중 + 2026년 시행 예정 연계,2026년 확대 추진 중 / 2026.3Q~4Q 예정,"서울건강장수센터(2026년 33개소 확대), 방문건강관리(현행), 서울동행맵(현행·고도화 추진), 저상버스 확대(2026년 추진), 장애인콜택시 증차(2026년 추진), 바우처택시(현행), 마을버스 서비스 개선(2026년 추진), 손목닥터9988(2026년 확대), 자치구 마음상담소(현행·확대)","서울동행맵 AI 음성 안내(2026년 3분기 예정), 서울동행맵 보행경로 내비게이션(2026년 4분기 예정)"
11100620,창4동,,,,,50.354609929078016,70.51017300694953,,23.431952662721898,,6.508875739644978,63.22458305058256,-1,미분류,1.2530767509509957,2.308499475341028,1.7453569031103155,1,1,0,0,0,0,2,2형: 복합 결핍형,의료·복지,"동 중심 원스톱 통합돌봄, 돌봄SOS, 자치구 마음상담소·심리상담바우처, 1인가구 건강·마음 동행서비스, 고립가구 위기정보 기반 발굴","의료밀도 중앙값 미만, 복지밀도 중앙값 미만",서울청년기지개센터·기지개LAB 기반 사회진입 지원 / 서울마음편의점·자치구 마음상담소·심리상담바우처 연계 / 외로움 없는 서울 관계형성 프로그램 / 고립·은둔청년 온라인 진입 서비스 우선 안내,행정정보 기반 위기가구 선제 발굴(실직·폐업·이혼 등) 우선지역 지정 / 1인가구 건강·이사·마음 동행서비스 / 중장년 취업사관학교(50+캠퍼스) 원스톱 취업지원 연계 / 자치구 마음상담소·심리상담바우처 / 손목닥터9988 우울·불안 자가검진 안내,동 중심 원스톱 통합돌봄 우선 적용 / 돌봄SOS 긴급돌봄·중장기 돌봄서비스 연계 / 서울건강장수센터·방문건강관리 / 노인맞춤돌봄서비스 중점돌봄군 우선 지정 / 어르신 돌봄시설 확충 우선 검토 / 손목닥터9988 우울·불안 자가검진 연계,현행·지속 + 2026년 신규 시행 중,2026.3 신규 시행·현재 시행 중 / 2026년 확대 추진 중,"동 중심 원스톱 통합돌봄(2026.3 신규 시행), 돌봄SOS(현행), 우리동네돌봄단(현행), 서울건강장수센터(2026년 33개소 확대), 방문건강관리(현행), 자치구 마음상담소(현행·확대), 심리상담바우처(현행·확대), 손목닥터9988(2026년 확대), 1인가구 건강·이사·마음 동행서비스(2026년 통합지원), 고립가구 위기정보 기반 발굴 시스템(2026년 도입)","9988 서울 프로젝트 리액트 센터(~2035년 중장기 조성), 1인가구 지원 5개년 종합계획(2027~2031 수립 추진)"
11100630,창5동,,,,,66.31205673758865,79.9406559088604,,60.94674556213018,,52.42603550295858,40.02957364215455,-1,미분류,1.714122464527188,4.116073266104136,0.904675745167127,0,0,1,0,0,1,1,1형: 단일 결핍형,교통,"서울동행맵, 저상버스·교통약자 이동지원, 마을버스 서비스 개선",교통밀도 하위30%,서울동행맵 이동지원 안내 / 외로움 없는 서울 프로그램 연계,서울동행맵·저상버스 이동지원 안내 / 중장년 취업사관학교·50+캠퍼스 연계,서울동행맵(AI 음성안내·보행경로) 우선 안내 / 저상버스·장애인콜택시·바우처택시 이동지원,현행·지속 + 2026년 확대 추진 중 + 2026년 시행 예정 연계,2026년 확대 추진 중 / 2026.3Q~4Q 예정,"서울동행맵(현행·고도화 추진), 저상버스 확대(2026년 추진), 장애인콜택시 증차(2026년 추진), 바우처택시(현행), 마을버스 서비스 개선(2026년 추진)","서울동행맵 AI 음성 안내(2026년 3분기 예정), 서울동행맵 보행경로 내비게이션(2026년 4분기 예정)"
11100640,도봉1동,,,,,81.67848699763593,70.10314332698886,,53.846153846153854,,14.082840236686394,59.43987737017368,-1,미분류,0.9200627807544516,2.610966057441253,1.948368241597662,1,0,0,1,0,0,1,1형: 단일 결핍형,의료,"서울건강장수센터·방문건강관리, 자치구 마음상담소·심리상담바우처, 공공의료 접근성 안내",의료밀도 하위30%,자치구 마음상담소·심리상담바우처 / 고립·은둔청년 온라인 진입 서비스 안내,행정정보 기반 위기가구 선제 발굴 / 자치구 마음상담소·심리상담바우처 / 손목닥터9988 우울·불안 자가검진 안내,서울건강장수센터·방문건강관리 연계 / 돌봄SOS 안내 / 손목닥터9988 우울·불안 자가검진 연계,현행·지속 + 2026년 확대 추진 중,2026년 확대 추진 중,"서울건강장수센터(2026년 33개소 확대), 방문건강관리(현행), 자치구 마음상담소(현행·확대), 심리상담바우처(현행·확대), 손목닥터9988(2026년 확대)","서울동행맵 AI 음성 안내(2026년 3분기 예정), 서울동행맵 보행경로 내비게이션(2026년 4분기 예정)"
11100650,도봉2동,63.3783493619228,58.96259577391432,44.64456080224622,12.43051997111928,80.1418439716312,72.08876944761616,27.085144116351096,61.77514792899409,39.45478338719763,31.360946745562146,57.2828283641332,2,활동적 도심형,0.6914732702363975,2.835672763363108,1.944768572539868,1,0,0,1,0,0,1,1형: 단일 결핍형,의료,"서울건강장수센터·방문건강관리, 자치구 마음상담소·심리상담바우처, 공공의료 접근성 안내",의료밀도 하위30%,자치구 마음상담소·심리상담바우처 / 고립·은둔청년 온라인 진입 서비스 안내,행정정보 기반 위기가구 선제 발굴 / 자치구 마음상담소·심리상담바우처 / 손목닥터9988 우울·불안 자가검진 안내,서울건강장수센터·방문건강관리 연계 / 돌봄SOS 안내 / 손목닥터9988 우울·불안 자가검진 연계,현행·지속 + 2026년 확대 추진 중,2026년 확대 추진 중,"서울건강장수센터(2026년 33개소 확대), 방문건강관리(현행), 자치구 마음상담소(현행·확대), 심리상담바우처(현행·확대), 손목닥터9988(2026년 확대)","서울동행맵 AI 음성 안내(2026년 3분기 예정), 서울동행맵 보행경로 내비게이션(2026년 4분기 예정)"
11110510,월계1동,46.65472064192364,48.84788313798724,36.353667256547205,45.53044076900834,40.54373522458627,53.32784599571864,23.50088346181248,57.0414201183432,29.075844951415885,46.15384615384615,31.96589358315084,3,생활안정형,2.031181379007466,4.083484573502722,2.415458937198068,0,0,0,0,0,0,0,0형: 인프라 양호형,없음,"외로움 없는 서울, 1인가구 맞춤형 지원, 마음건강서비스 안내 및 정기 모니터링",인프라 상대 양호,서울마음편의점·외로움 없는 서울 관계형성 프로그램 안내 / 정기 모니터링 / 365 서울챌린지·참여형 안부확인 적립금 연계,1인가구 건강·이사·마음 동행서비스 안내 / 정기 모니터링 / 365 서울챌린지·참여형 안부확인 적립금 연계,노인맞춤돌봄서비스 안내 / 9988 서울 프로젝트 정보 제공 / 정기 모니터링 / 365 서울챌린지·참여형 안부확인 적립금 연계 / 시니어 취업사관학교 5개소 연계,현행·지속 운영 + 정기 모니터링,2026년 지속,"외로움 없는 서울(현행·확대), 우리동네돌봄단(현행), 1인가구 건강·이사·마음 동행서비스(2026년 통합지원)",1인가구 지원 5개년 종합계획(2027~2031 수립 추진)
11110520,월계2동,62.4385939035169,62.90704270934568,57.76225189067415,11.802921193928242,75.177304964539,75.01771919728913,21.77788166102588,71.36094674556213,45.80407060409011,61.65680473372781,60.04790247344754,2,활동적 도심형,0.6278308444324857,2.708300143380596,1.793802412664245,1,0,0,1,0,0,1,1형: 단일 결핍형,의료,"서울건강장수센터·방문건강관리, 자치구 마음상담소·심리상담바우처, 공공의료 접근성 안내",의료밀도 하위30%,자치구 마음상담소·심리상담바우처 / 고립·은둔청년 온라인 진입 서비스 안내,행정정보 기반 위기가구 선제 발굴 / 자치구 마음상담소·심리상담바우처 / 손목닥터9988 우울·불안 자가검진 안내,서울건강장수센터·방문건강관리 연계 / 돌봄SOS 안내 / 손목닥터9988 우울·불안 자가검진 연계,현행·지속 + 2026년 확대 추진 중,2026년 확대 추진 중,"서울건강장수센터(2026년 33개소 확대), 방문건강관리(현행), 자치구 마음상담소(현행·확대), 심리상담바우처(현행·확대), 손목닥터9988(2026년 확대)","서울동행맵 AI 음성 안내(2026년 3분기 예정), 서울동행맵 보행경로 내비게이션(2026년 4분기 예정)"
11110530,월계3동,59.64204323832335,55.53537683095245,53.0622392992627,14.101800259871329,55.43735224586289,86.61685572000982,19.23607212302659,42.60355029585801,38.24988373959158,32.30769230769232,75.78793387478237,3,생활안정형,0.6770750358451489,1.8245400638589024,1.035526525410228,1,1,1,1,1,1,3,3형: 삼중 결핍형,의료·복지·교통,"동 중심 원스톱 통합돌봄, 돌봄SOS, 외로움 없는 서울(서울마음편의점·서울잇다플레이스), 고립가구 위기정보 기반 발굴·우리동네돌봄단, 1인가구 건강·이사·마음 동행서비스, 서울동행맵·저상버스·교통약자 이동지원, 자치구 마음상담소·심리상담바우처","의료밀도 하위30%, 복지밀도 하위30%, 교통밀도 하위30%",서울청년기지개센터·기지개LAB 사회진입 지원 / 고립·은둔청년 온라인 서비스·지역거점 우선 안내 / 서울마음편의점·자치구 마음상담소·심리상담바우처 / 외로움 없는 서울 관계형성 프로그램 / 서울동행맵 이동 안내 / 365 서울챌린지·참여형 안부확인 적립금 연계,행정정보 기반 위기가구 선제 발굴 우선지역 지정 / 우리동네돌봄단 안부확인 / 1인가구 건강·이사·마음 동행서비스 / 중장년 취업사관학교(50+캠퍼스) 원스톱 취업지원 / 자치구 마음상담소·심리상담바우처 / 서울동행맵·저상버스·교통약자 이동지원 안내 / 손목닥터9988 우울·불안 자가검진 안내 / 365 서울챌린지·참여형 안부확인 적립금 연계,동 중심 원스톱 통합돌봄 우선 적용 / 돌봄SOS 긴급돌봄·중장기 돌봄연계 / 9988 서울 프로젝트(리액트 센터·라운지·시니어 동행상점·어르신 일자리) / 서울건강장수센터·방문건강관리 / 서울동행맵·저상버스·장애인콜택시 이동지원 / 어르신 돌봄시설 확충 우선 검토 / 손목닥터9988 우울·불안 자가검진 연계 / 365 서울챌린지·참여형 안부확인 적립금 연계 / 시니어 취업사관학교 5개소 연계,현행·지속 + 2026년 신규 시행 중 + 2026년 시행 예정 연계,2026.3 신규 시행·현재 시행 중 / 2026.3Q~4Q 예정,"동 중심 원스톱 통합돌봄(2026.3 신규 시행), 돌봄SOS(현행), 외로움 없는 서울(현행·확대), 우리동네돌봄단(현행), 고립가구 위기정보 기반 발굴 시스템(2026년 도입), 1인가구 건강·이사·마음 동행서비스(2026년 통합지원), 서울건강장수센터(2026년 33개소 확대), 방문건강관리(현행), 자치구 마음상담소(현행·확대), 심리상담바우처(현행·확대), 손목닥터9988(2026년 확대), 365 서울챌린지(2026년 추진), 참여형 안부확인 적립금(2026년 추진), 저상버스 확대(2026년 추진), 장애인콜택시 증차(2026년 추진), 바우처택시(현행)","서울동행맵 AI 음성 안내(2026년 3분기 예정), 서울동행맵 보행경로 내비게이션(2026년 4분기 예정), 9988 서울 프로젝트 리액트 센터(~2035년 중장기 조성)"
11110560,공릉2동,42.69943632328906,39.70241597181652,29.2380155286645,32.5759009555957,14.893617021276595,75.5670233091482,13.05850661356725,17.159763313609474,25.018762096087727,22.130177514792905,36.64155773170986,3,생활안정형,1.101289668164034,4.338743371364293,1.50702796696131,1,0,0,0,0,0,1,1형: 단일 결핍형,의료,"서울건강장수센터·방문건강관리, 자치구 마음상담소·심리상담바우처, 공공의료 접근성 안내",의료밀도 중앙값 미만,자치구 마음상담소·심리상담바우처 / 고립·은둔청년 온라인 진입 서비스 안내,행정정보 기반 위기가구 선제 발굴 / 자치구 마음상담소·심리상담바우처 / 손목닥터9988 우울·불안 자가검진 안내,서울건강장수센터·방문건강관리 연계 / 돌봄SOS 안내 / 손목닥터9988 우울·불안 자가검진 연계,현행·지속 + 2026년 확대 추진 중,2026년 확대 추진 중,"서울건강장수센터(2026년 33개소 확대), 방문건강관리(현행), 자치구 마음상담소(현행·확대), 심리상담바우처(현행·확대), 손목닥터9988(2026년 확대)","서울동행맵 AI 음성 안내(2026년 3분기 예정), 서울동행맵 보행경로 내비게이션(2026년 4분기 예정)"
11110580,하계1동,52.477322416016136,44.61208805891784,45.45962125072966,33.27723980630136,36.99763593380615,77.55705020308352,17.532138704990196,25.207100591715985,50.54565082025595,19.171597633136106,63.64540425573519,3,생활안정형,0.9353287012292892,2.4681201151789387,1.469802244788883,1,0,0,1,0,0,1,1형: 단일 결핍형,의료,"서울건강장수센터·방문건강관리, 자치구 마음상담소·심리상담바우처, 공공의료 접근성 안내",의료밀도 하위30%,자치구 마음상담소·심리상담바우처 / 고립·은둔청년 온라인 진입 서비스 안내,행정정보 기반 위기가구 선제 발굴 / 자치구 마음상담소·심리상담바우처 / 손목닥터9988 우울·불안 자가검진 안내,서울건강장수센터·방문건강관리 연계 / 돌봄SOS 안내 / 손목닥터9988 우울·불안 자가검진 연계,현행·지속 + 2026년 확대 추진 중,2026년 확대 추진 중,"서울건강장수센터(2026년 33개소 확대), 방문건강관리(현행), 자치구 마음상담소(현행·확대), 심리상담바우처(현행·확대), 손목닥터9988(2026년 확대)","서울동행맵 AI 음성 안내(2026년 3분기 예정), 서울동행맵 보행경로 내비게이션(2026년 4분기 예정)"
11110590,하계2동,,,,,94.56264775413712,84.7079385724019,,90.29585798816568,,93.37278106508876,73.73082660148955,-1,미분류,0.3971856559237403,1.9646365422396848,1.3050385837494325,1,1,1,1,0,0,3,3형: 삼중 결핍형,의료·복지·교통,"동 중심 원스톱 통합돌봄, 돌봄SOS, 외로움 없는 서울(서울마음편의점·서울잇다플레이스), 고립가구 위기정보 기반 발굴·우리동네돌봄단, 1인가구 건강·이사·마음 동행서비스, 서울동행맵·저상버스·교통약자 이동지원, 자치구 마음상담소·심리상담바우처","의료밀도 하위30%, 복지밀도 중앙값 미만, 교통밀도 중앙값 미만",서울청년기지개센터·기지개LAB 사회진입 지원 / 고립·은둔청년 온라인 서비스·지역거점 우선 안내 / 서울마음편의점·자치구 마음상담소·심리상담바우처 / 외로움 없는 서울 관계형성 프로그램 / 서울동행맵 이동 안내 / 365 서울챌린지·참여형 안부확인 적립금 연계,행정정보 기반 위기가구 선제 발굴 우선지역 지정 / 우리동네돌봄단 안부확인 / 1인가구 건강·이사·마음 동행서비스 / 중장년 취업사관학교(50+캠퍼스) 원스톱 취업지원 / 자치구 마음상담소·심리상담바우처 / 서울동행맵·저상버스·교통약자 이동지원 안내 / 손목닥터9988 우울·불안 자가검진 안내 / 365 서울챌린지·참여형 안부확인 적립금 연계,동 중심 원스톱 통합돌봄 우선 적용 / 돌봄SOS 긴급돌봄·중장기 돌봄연계 / 9988 서울 프로젝트(리액트 센터·라운지·시니어 동행상점·어르신 일자리) / 서울건강장수센터·방문건강관리 / 서울동행맵·저상버스·장애인콜택시 이동지원 / 어르신 돌봄시설 확충 우선 검토 / 손목닥터9988 우울·불안 자가검진 연계 / 365 서울챌린지·참여형 안부확인 적립금 연계 / 시니어 취업사관학교 5개소 연계,현행·지속 + 2026년 신규 시행 중 + 2026년 시행 예정 연계,2026.3 신규 시행·현재 시행 중 / 2026.3Q~4Q 예정,"동 중심 원스톱 통합돌봄(2026.3 신규 시행), 돌봄SOS(현행), 외로움 없는 서울(현행·확대), 우리동네돌봄단(현행), 고립가구 위기정보 기반 발굴 시스템(2026년 도입), 1인가구 건강·이사·마음 동행서비스(2026년 통합지원), 서울건강장수센터(2026년 33개소 확대), 방문건강관리(현행), 자치구 마음상담소(현행·확대), 심리상담바우처(현행·확대), 손목닥터9988(2026년 확대), 365 서울챌린지(2026년 추진), 참여형 안부확인 적립금(2026년 추진), 저상버스 확대(2026년 추진), 장애인콜택시 증차(2026년 추진), 바우처택시(현행)","서울동행맵 AI 음성 안내(2026년 3분기 예정), 서울동행맵 보행경로 내비게이션(2026년 4분기 예정), 9988 서울 프로젝트 리액트 센터(~2035년 중장기 조성)"
11110600,중계본동,,,,,83.21513002364065,79.80606432278483,,46.508875739644985,,84.37869822485207,31.612755127631285,-1,미분류,1.5226708775095872,5.460502366217693,1.0151139183397249,0,0,1,0,0,1,1,1형: 단일 결핍형,교통,"서울동행맵, 저상버스·교통약자 이동지원, 마을버스 서비스 개선",교통밀도 하위30%,서울동행맵 이동지원 안내 / 외로움 없는 서울 프로그램 연계,서울동행맵·저상버스 이동지원 안내 / 중장년 취업사관학교·50+캠퍼스 연계,서울동행맵(AI 음성안내·보행경로) 우선 안내 / 저상버스·장애인콜택시·바우처택시 이동지원,현행·지속 + 2026년 확대 추진 중 + 2026년 시행 예정 연계,2026년 확대 추진 중 / 2026.3Q~4Q 예정,"서울동행맵(현행·고도화 추진), 저상버스 확대(2026년 추진), 장애인콜택시 증차(2026년 추진), 바우처택시(현행), 마을버스 서비스 개선(2026년 추진)","서울동행맵 AI 음성 안내(2026년 3분기 예정), 서울동행맵 보행경로 내비게이션(2026년 4분기 예정)"
11110610,중계1동,68.80032875885689,54.80971262667492,55.2592981226191,3.397567512347395,85.34278959810875,84.95924854285981,4.958468414518834,49.58579881656806,27.563747292119977,73.2544378698225,53.57221202168273,2,활동적 도심형,1.0799136069114472,3.3308660251665434,0.925640234495526,1,0,1,0,0,1,2,2형: 복합 결핍형,의료·교통,"서울건강장수센터·방문건강관리, 서울동행맵, 저상버스·교통약자 이동지원, 마을버스 서비스 개선","의료밀도 중앙값 미만, 교통밀도 하위30%",고립·은둔청년 온라인 진입 서비스 및 지역거점 15개소 우선 안내 / 자치구 마음상담소·심리상담바우처 / 서울동행맵 기반 이동지원 안내,행정정보 기반 위기가구 선제 발굴 우선지역 지정 / 중장년 취업사관학교·50+캠퍼스 상담·훈련·취업·사후관리 / 서울동행맵·저상버스 이동지원 안내 / 자치구 마음상담소 연계 / 손목닥터9988 우울·불안 자가검진 안내,서울건강장수센터·방문건강관리 연계 / 서울동행맵(AI 음성안내·보행경로) 우선 안내 / 저상버스·장애인콜택시·바우처택시 이동지원 / 9988 서울 프로젝트 우리동네 리액트 라운지 연계 / 손목닥터9988 우울·불안 자가검진 연계,현행·지속 + 2026년 확대 추진 중 + 2026년 시행 예정 연계,2026년 확대 추진 중 / 2026.3Q~4Q 예정,"서울건강장수센터(2026년 33개소 확대), 방문건강관리(현행), 서울동행맵(현행·고도화 추진), 저상버스 확대(2026년 추진), 장애인콜택시 증차(2026년 추진), 바우처택시(현행), 마을버스 서비스 개선(2026년 추진), 손목닥터9988(2026년 확대), 자치구 마음상담소(현행·확대)","서울동행맵 AI 음성 안내(2026년 3분기 예정), 서울동행맵 보행경로 내비게이션(2026년 4분기 예정)"
11110640,중계4동,,,,,87.23404255319149,84.4625674354055,,70.53254437869823,,57.63313609467456,49.18022813034577,-1,미분류,1.9579050416054824,3.5285815102328866,0.4894762604013706,0,0,1,0,0,1,1,1형: 단일 결핍형,교통,"서울동행맵, 저상버스·교통약자 이동지원, 마을버스 서비스 개선",교통밀도 하위30%,서울동행맵 이동지원 안내 / 외로움 없는 서울 프로그램 연계,서울동행맵·저상버스 이동지원 안내 / 중장년 취업사관학교·50+캠퍼스 연계,서울동행맵(AI 음성안내·보행경로) 우선 안내 / 저상버스·장애인콜택시·바우처택시 이동지원,현행·지속 + 2026년 확대 추진 중 + 2026년 시행 예정 연계,2026년 확대 추진 중 / 2026.3Q~4Q 예정,"서울동행맵(현행·고도화 추진), 저상버스 확대(2026년 추진), 장애인콜택시 증차(2026년 추진), 바우처택시(현행), 마을버스 서비스 개선(2026년 추진)","서울동행맵 AI 음성 안내(2026년 3분기 예정), 서울동행맵 보행경로 내비게이션(2026년 4분기 예정)"
11110650,상계1동,58.22136490806326,49.369418804726685,27.82208527414405,11.70991079447682,55.43735224586289,84.26110462705685,18.443227964785976,29.94082840236688,29.879091474255905,9.585798816568072,41.091638652208985,3,생활안정형,1.2105410187168266,4.193671368661837,0.900145885712512,1,0,1,0,0,1,2,2형: 복합 결핍형,의료·교통,"서울건강장수센터·방문건강관리, 서울동행맵, 저상버스·교통약자 이동지원, 마을버스 서비스 개선","의료밀도 중앙값 미만, 교통밀도 하위30%",고립·은둔청년 온라인 진입 서비스 및 지역거점 15개소 우선 안내 / 자치구 마음상담소·심리상담바우처 / 서울동행맵 기반 이동지원 안내,행정정보 기반 위기가구 선제 발굴 우선지역 지정 / 중장년 취업사관학교·50+캠퍼스 상담·훈련·취업·사후관리 / 서울동행맵·저상버스 이동지원 안내 / 자치구 마음상담소 연계 / 손목닥터9988 우울·불안 자가검진 안내,서울건강장수센터·방문건강관리 연계 / 서울동행맵(AI 음성안내·보행경로) 우선 안내 / 저상버스·장애인콜택시·바우처택시 이동지원 / 9988 서울 프로젝트 우리동네 리액트 라운지 연계 / 손목닥터9988 우울·불안 자가검진 연계,현행·지속 + 2026년 확대 추진 중 + 2026년 시행 예정 연계,2026년 확대 추진 중 / 2026.3Q~4Q 예정,"서울건강장수센터(2026년 33개소 확대), 방문건강관리(현행), 서울동행맵(현행·고도화 추진), 저상버스 확대(2026년 추진), 장애인콜택시 증차(2026년 추진), 바우처택시(현행), 마을버스 서비스 개선(2026년 추진), 손목닥터9988(2026년 확대), 자치구 마음상담소(현행·확대)","서울동행맵 AI 음성 안내(2026년 3분기 예정), 서울동행맵 보행경로 내비게이션(2026년 4분기 예정)"
11110660,상계2동,35.38290499518311,33.8800925227239,20.46258123072968,22.35188091461936,20.92198581560284,56.35933621504526,23.782381899505296,16.44970414201184,37.23155423207773,9.23076923076924,21.74555811898866,3,생활안정형,3.2017075773746,5.114401076716017,1.6008537886873,0,0,0,0,0,0,0,0형: 인프라 양호형,없음,"외로움 없는 서울, 1인가구 맞춤형 지원, 마음건강서비스 안내 및 정기 모니터링",인프라 상대 양호,서울마음편의점·외로움 없는 서울 관계형성 프로그램 안내 / 정기 모니터링 / 365 서울챌린지·참여형 안부확인 적립금 연계,1인가구 건강·이사·마음 동행서비스 안내 / 정기 모니터링 / 365 서울챌린지·참여형 안부확인 적립금 연계,노인맞춤돌봄서비스 안내 / 9988 서울 프로젝트 정보 제공 / 정기 모니터링 / 365 서울챌린지·참여형 안부확인 적립금 연계 / 시니어 취업사관학교 5개소 연계,현행·지속 운영 + 정기 모니터링,2026년 지속,"외로움 없는 서울(현행·확대), 우리동네돌봄단(현행), 1인가구 건강·이사·마음 동행서비스(2026년 통합지원)",1인가구 지원 5개년 종합계획(2027~2031 수립 추진)
11110690,상계5동,69.60341260157747,67.70349805043911,52.48295282902331,17.495383849694484,87.58865248226951,77.67218709682692,29.090275821855275,77.0414201183432,43.90411749308405,61.893491124260365,48.97646097092306,2,활동적 도심형,1.0246401561356429,3.5100683539626822,1.4149792632349354,1,0,0,1,0,0,1,1형: 단일 결핍형,의료,"서울건강장수센터·방문건강관리, 자치구 마음상담소·심리상담바우처, 공공의료 접근성 안내",의료밀도 하위30%,자치구 마음상담소·심리상담바우처 / 고립·은둔청년 온라인 진입 서비스 안내,행정정보 기반 위기가구 선제 발굴 / 자치구 마음상담소·심리상담바우처 / 손목닥터9988 우울·불안 자가검진 안내,서울건강장수센터·방문건강관리 연계 / 돌봄SOS 안내 / 손목닥터9988 우울·불안 자가검진 연계,현행·지속 + 2026년 확대 추진 중,2026년 확대 추진 중,"서울건강장수센터(2026년 33개소 확대), 방문건강관리(현행), 자치구 마음상담소(현행·확대), 심리상담바우처(현행·확대), 손목닥터9988(2026년 확대)","서울동행맵 AI 음성 안내(2026년 3분기 예정), 서울동행맵 보행경로 내비게이션(2026년 4분기 예정)"
11110720,상계8동,61.57774282796246,61.011065161329,61.708671214652846,11.554587344824848,62.765957446808514,85.4011059506852,15.19985946740475,59.52662721893493,26.9206595208814,49.70414201183433,86.50686579185457,2,활동적 도심형,1.4264552586821748,0.9404388714733544,0.7132276293410874,1,1,1,0,1,1,3,3형: 삼중 결핍형,의료·복지·교통,"동 중심 원스톱 통합돌봄, 돌봄SOS, 외로움 없는 서울(서울마음편의점·서울잇다플레이스), 고립가구 위기정보 기반 발굴·우리동네돌봄단, 1인가구 건강·이사·마음 동행서비스, 서울동행맵·저상버스·교통약자 이동지원, 자치구 마음상담소·심리상담바우처","의료밀도 중앙값 미만, 복지밀도 하위30%, 교통밀도 하위30%",서울청년기지개센터·기지개LAB 사회진입 지원 / 고립·은둔청년 온라인 서비스·지역거점 우선 안내 / 서울마음편의점·자치구 마음상담소·심리상담바우처 / 외로움 없는 서울 관계형성 프로그램 / 서울동행맵 이동 안내 / 365 서울챌린지·참여형 안부확인 적립금 연계,행정정보 기반 위기가구 선제 발굴 우선지역 지정 / 우리동네돌봄단 안부확인 / 1인가구 건강·이사·마음 동행서비스 / 중장년 취업사관학교(50+캠퍼스) 원스톱 취업지원 / 자치구 마음상담소·심리상담바우처 / 서울동행맵·저상버스·교통약자 이동지원 안내 / 손목닥터9988 우울·불안 자가검진 안내 / 365 서울챌린지·참여형 안부확인 적립금 연계,동 중심 원스톱 통합돌봄 우선 적용 / 돌봄SOS 긴급돌봄·중장기 돌봄연계 / 9988 서울 프로젝트(리액트 센터·라운지·시니어 동행상점·어르신 일자리) / 서울건강장수센터·방문건강관리 / 서울동행맵·저상버스·장애인콜택시 이동지원 / 어르신 돌봄시설 확충 우선 검토 / 손목닥터9988 우울·불안 자가검진 연계 / 365 서울챌린지·참여형 안부확인 적립금 연계 / 시니어 취업사관학교 5개소 연계,현행·지속 + 2026년 신규 시행 중 + 2026년 시행 예정 연계,2026.3 신규 시행·현재 시행 중 / 2026.3Q~4Q 예정,"동 중심 원스톱 통합돌봄(2026.3 신규 시행), 돌봄SOS(현행), 외로움 없는 서울(현행·확대), 우리동네돌봄단(현행), 고립가구 위기정보 기반 발굴 시스템(2026년 도입), 1인가구 건강·이사·마음 동행서비스(2026년 통합지원), 서울건강장수센터(2026년 33개소 확대), 방문건강관리(현행), 자치구 마음상담소(현행·확대), 심리상담바우처(현행·확대), 손목닥터9988(2026년 확대), 365 서울챌린지(2026년 추진), 참여형 안부확인 적립금(2026년 추진), 저상버스 확대(2026년 추진), 장애인콜택시 증차(2026년 추진), 바우처택시(현행)","서울동행맵 AI 음성 안내(2026년 3분기 예정), 서울동행맵 보행경로 내비게이션(2026년 4분기 예정), 9988 서울 프로젝트 리액트 센터(~2035년 중장기 조성)"
11110730,상계9동,67.17661206425538,64.2399953418194,64.51930899365722,12.636113620152983,81.20567375886525,80.4177995916967,16.459052081916596,71.95266272189349,29.2528793286682,69.11242603550295,76.62085336777234,2,활동적 도심형,1.2435601350151004,1.563314226159458,1.1251258364422336,1,1,1,0,1,1,3,3형: 삼중 결핍형,의료·복지·교통,"동 중심 원스톱 통합돌봄, 돌봄SOS, 외로움 없는 서울(서울마음편의점·서울잇다플레이스), 고립가구 위기정보 기반 발굴·우리동네돌봄단, 1인가구 건강·이사·마음 동행서비스, 서울동행맵·저상버스·교통약자 이동지원, 자치구 마음상담소·심리상담바우처","의료밀도 중앙값 미만, 복지밀도 하위30%, 교통밀도 하위30%",서울청년기지개센터·기지개LAB 사회진입 지원 / 고립·은둔청년 온라인 서비스·지역거점 우선 안내 / 서울마음편의점·자치구 마음상담소·심리상담바우처 / 외로움 없는 서울 관계형성 프로그램 / 서울동행맵 이동 안내 / 365 서울챌린지·참여형 안부확인 적립금 연계,행정정보 기반 위기가구 선제 발굴 우선지역 지정 / 우리동네돌봄단 안부확인 / 1인가구 건강·이사·마음 동행서비스 / 중장년 취업사관학교(50+캠퍼스) 원스톱 취업지원 / 자치구 마음상담소·심리상담바우처 / 서울동행맵·저상버스·교통약자 이동지원 안내 / 손목닥터9988 우울·불안 자가검진 안내 / 365 서울챌린지·참여형 안부확인 적립금 연계,동 중심 원스톱 통합돌봄 우선 적용 / 돌봄SOS 긴급돌봄·중장기 돌봄연계 / 9988 서울 프로젝트(리액트 센터·라운지·시니어 동행상점·어르신 일자리) / 서울건강장수센터·방문건강관리 / 서울동행맵·저상버스·장애인콜택시 이동지원 / 어르신 돌봄시설 확충 우선 검토 / 손목닥터9988 우울·불안 자가검진 연계 / 365 서울챌린지·참여형 안부확인 적립금 연계 / 시니어 취업사관학교 5개소 연계,현행·지속 + 2026년 신규 시행 중 + 2026년 시행 예정 연계,2026.3 신규 시행·현재 시행 중 / 2026.3Q~4Q 예정,"동 중심 원스톱 통합돌봄(2026.3 신규 시행), 돌봄SOS(현행), 외로움 없는 서울(현행·확대), 우리동네돌봄단(현행), 고립가구 위기정보 기반 발굴 시스템(2026년 도입), 1인가구 건강·이사·마음 동행서비스(2026년 통합지원), 서울건강장수센터(2026년 33개소 확대), 방문건강관리(현행), 자치구 마음상담소(현행·확대), 심리상담바우처(현행·확대), 손목닥터9988(2026년 확대), 365 서울챌린지(2026년 추진), 참여형 안부확인 적립금(2026년 추진), 저상버스 확대(2026년 추진), 장애인콜택시 증차(2026년 추진), 바우처택시(현행)","서울동행맵 AI 음성 안내(2026년 3분기 예정), 서울동행맵 보행경로 내비게이션(2026년 4분기 예정), 9988 서울 프로젝트 리액트 센터(~2035년 중장기 조성)"
11110740,상계10동,71.0817035418323,73.34731216054612,72.33621427911656,15.823956891762569,90.18912529550828,79.60315511319118,16.52433341658496,95.50295857988166,22.47879204017808,95.02958579881656,76.84466853665589,2,활동적 도심형,0.1928888317366424,1.6567263088137838,1.735999485629782,1,1,0,1,1,0,2,2형: 복합 결핍형,의료·복지,"동 중심 원스톱 통합돌봄, 돌봄SOS, 자치구 마음상담소·심리상담바우처, 1인가구 건강·마음 동행서비스, 고립가구 위기정보 기반 발굴","의료밀도 하위30%, 복지밀도 하위30%",서울청년기지개센터·기지개LAB 기반 사회진입 지원 / 서울마음편의점·자치구 마음상담소·심리상담바우처 연계 / 외로움 없는 서울 관계형성 프로그램 / 고립·은둔청년 온라인 진입 서비스 우선 안내,행정정보 기반 위기가구 선제 발굴(실직·폐업·이혼 등) 우선지역 지정 / 1인가구 건강·이사·마음 동행서비스 / 중장년 취업사관학교(50+캠퍼스) 원스톱 취업지원 연계 / 자치구 마음상담소·심리상담바우처 / 손목닥터9988 우울·불안 자가검진 안내,동 중심 원스톱 통합돌봄 우선 적용 / 돌봄SOS 긴급돌봄·중장기 돌봄서비스 연계 / 서울건강장수센터·방문건강관리 / 노인맞춤돌봄서비스 중점돌봄군 우선 지정 / 어르신 돌봄시설 확충 우선 검토 / 손목닥터9988 우울·불안 자가검진 연계,현행·지속 + 2026년 신규 시행 중,2026.3 신규 시행·현재 시행 중 / 2026년 확대 추진 중,"동 중심 원스톱 통합돌봄(2026.3 신규 시행), 돌봄SOS(현행), 우리동네돌봄단(현행), 서울건강장수센터(2026년 33개소 확대), 방문건강관리(현행), 자치구 마음상담소(현행·확대), 심리상담바우처(현행·확대), 손목닥터9988(2026년 확대), 1인가구 건강·이사·마음 동행서비스(2026년 통합지원), 고립가구 위기정보 기반 발굴 시스템(2026년 도입)","9988 서울 프로젝트 리액트 센터(~2035년 중장기 조성), 1인가구 지원 5개년 종합계획(2027~2031 수립 추진)"
11110760,상계3·4동,68.86992347580478,62.55220635872688,51.62279392134864,9.823260578271103,79.55082742316785,87.71235097720856,25.146980726791192,56.09467455621302,47.548050806603406,33.96449704142013,67.16802176784647,2,활동적 도심형,0.8385041086701325,2.4457352491592785,0.8804293141036391,1,0,1,1,0,1,2,2형: 복합 결핍형,의료·교통,"서울건강장수센터·방문건강관리, 서울동행맵, 저상버스·교통약자 이동지원, 마을버스 서비스 개선","의료밀도 하위30%, 교통밀도 하위30%",고립·은둔청년 온라인 진입 서비스 및 지역거점 15개소 우선 안내 / 자치구 마음상담소·심리상담바우처 / 서울동행맵 기반 이동지원 안내,행정정보 기반 위기가구 선제 발굴 우선지역 지정 / 중장년 취업사관학교·50+캠퍼스 상담·훈련·취업·사후관리 / 서울동행맵·저상버스 이동지원 안내 / 자치구 마음상담소 연계 / 손목닥터9988 우울·불안 자가검진 안내,서울건강장수센터·방문건강관리 연계 / 서울동행맵(AI 음성안내·보행경로) 우선 안내 / 저상버스·장애인콜택시·바우처택시 이동지원 / 9988 서울 프로젝트 우리동네 리액트 라운지 연계 / 손목닥터9988 우울·불안 자가검진 연계,현행·지속 + 2026년 확대 추진 중 + 2026년 시행 예정 연계,2026년 확대 추진 중 / 2026.3Q~4Q 예정,"서울건강장수센터(2026년 33개소 확대), 방문건강관리(현행), 서울동행맵(현행·고도화 추진), 저상버스 확대(2026년 추진), 장애인콜택시 증차(2026년 추진), 바우처택시(현행), 마을버스 서비스 개선(2026년 추진), 손목닥터9988(2026년 확대), 자치구 마음상담소(현행·확대)","서울동행맵 AI 음성 안내(2026년 3분기 예정), 서울동행맵 보행경로 내비게이션(2026년 4분기 예정)"
11110770,상계6·7동,28.75482297271944,24.972293853081368,30.65441854542105,20.31370554135929,18.91252955082743,42.81767511029152,20.76458058328533,9.23076923076924,31.99527296888231,2.8402366863905684,51.69173580312865,3,생활안정형,5.578281889178133,2.016868353502017,1.190033469691335,0,1,1,0,0,0,2,2형: 복합 결핍형,복지·교통,"돌봄SOS, 우리동네돌봄단 안부확인, 서울동행맵, 저상버스·교통약자 이동지원","복지밀도 중앙값 미만, 교통밀도 중앙값 미만",외로움 없는 서울 관계형성 프로그램 / 서울청년기지개센터 집중 발굴 / 서울동행맵·저상버스 등 이동지원 안내,1인가구 건강·이사·마음 동행서비스 / 우리동네돌봄단 안부확인 / 중장년 취업사관학교·50+캠퍼스 연계 / 서울동행맵·마을버스 서비스 개선 활용,돌봄SOS 긴급돌봄·중장기 돌봄서비스 연계 / 9988 서울 프로젝트(리액트 라운지·시니어 동행상점) / 서울동행맵·저상버스·교통약자 이동지원 / 안심돌봄가정 확충 / 시니어 취업사관학교 5개소 연계,현행·지속 + 2026년 신규 시행 중 + 2026년 시행 예정 연계,2026.3 신규 시행·현재 시행 중 / 2026.3Q~4Q 예정,"동 중심 원스톱 통합돌봄(2026.3 신규 시행), 돌봄SOS(현행), 우리동네돌봄단(현행), 서울동행맵(현행·고도화 추진), 저상버스 확대(2026년 추진), 장애인콜택시 증차(2026년 추진), 바우처택시(현행), 1인가구 건강·이사·마음 동행서비스(2026년 통합지원)","서울동행맵 AI 음성 안내(2026년 3분기 예정), 서울동행맵 보행경로 내비게이션(2026년 4분기 예정), 9988 서울 프로젝트 리액트 센터(~2035년 중장기 조성)"
11110780,중계2·3동,,,,,61.11111111111111,80.1679284264305,,37.278106508875744,,30.05917159763314,78.87330790136498,-1,미분류,1.1995907278693152,1.401988274279888,1.1643086476378648,1,1,1,0,1,0,3,3형: 삼중 결핍형,의료·복지·교통,"동 중심 원스톱 통합돌봄, 돌봄SOS, 외로움 없는 서울(서울마음편의점·서울잇다플레이스), 고립가구 위기정보 기반 발굴·우리동네돌봄단, 1인가구 건강·이사·마음 동행서비스, 서울동행맵·저상버스·교통약자 이동지원, 자치구 마음상담소·심리상담바우처","의료밀도 중앙값 미만, 복지밀도 하위30%, 교통밀도 중앙값 미만",서울청년기지개센터·기지개LAB 사회진입 지원 / 고립·은둔청년 온라인 서비스·지역거점 우선 안내 / 서울마음편의점·자치구 마음상담소·심리상담바우처 / 외로움 없는 서울 관계형성 프로그램 / 서울동행맵 이동 안내 / 365 서울챌린지·참여형 안부확인 적립금 연계,행정정보 기반 위기가구 선제 발굴 우선지역 지정 / 우리동네돌봄단 안부확인 / 1인가구 건강·이사·마음 동행서비스 / 중장년 취업사관학교(50+캠퍼스) 원스톱 취업지원 / 자치구 마음상담소·심리상담바우처 / 서울동행맵·저상버스·교통약자 이동지원 안내 / 손목닥터9988 우울·불안 자가검진 안내 / 365 서울챌린지·참여형 안부확인 적립금 연계,동 중심 원스톱 통합돌봄 우선 적용 / 돌봄SOS 긴급돌봄·중장기 돌봄연계 / 9988 서울 프로젝트(리액트 센터·라운지·시니어 동행상점·어르신 일자리) / 서울건강장수센터·방문건강관리 / 서울동행맵·저상버스·장애인콜택시 이동지원 / 어르신 돌봄시설 확충 우선 검토 / 손목닥터9988 우울·불안 자가검진 연계 / 365 서울챌린지·참여형 안부확인 적립금 연계 / 시니어 취업사관학교 5개소 연계,현행·지속 + 2026년 신규 시행 중 + 2026년 시행 예정 연계,2026.3 신규 시행·현재 시행 중 / 2026.3Q~4Q 예정,"동 중심 원스톱 통합돌봄(2026.3 신규 시행), 돌봄SOS(현행), 외로움 없는 서울(현행·확대), 우리동네돌봄단(현행), 고립가구 위기정보 기반 발굴 시스템(2026년 도입), 1인가구 건강·이사·마음 동행서비스(2026년 통합지원), 서울건강장수센터(2026년 33개소 확대), 방문건강관리(현행), 자치구 마음상담소(현행·확대), 심리상담바우처(현행·확대), 손목닥터9988(2026년 확대), 365 서울챌린지(2026년 추진), 참여형 안부확인 적립금(2026년 추진), 저상버스 확대(2026년 추진), 장애인콜택시 증차(2026년 추진), 바우처택시(현행)","서울동행맵 AI 음성 안내(2026년 3분기 예정), 서울동행맵 보행경로 내비게이션(2026년 4분기 예정), 9988 서울 프로젝트 리액트 센터(~2035년 중장기 조성)"
11110790,공릉1동,45.89009322462788,40.942972883689535,36.827450715334535,48.45694796306393,21.5130023640662,68.98375671597152,28.64084211076493,19.053254437869853,42.441071644957816,7.9289940828402194,56.80908546077532,3,생활안정형,1.8407587670036192,2.66404935501963,1.5287657556470735,0,0,0,0,0,0,0,0형: 인프라 양호형,없음,"외로움 없는 서울, 1인가구 맞춤형 지원, 마음건강서비스 안내 및 정기 모니터링",인프라 상대 양호,서울마음편의점·외로움 없는 서울 관계형성 프로그램 안내 / 정기 모니터링 / 365 서울챌린지·참여형 안부확인 적립금 연계,1인가구 건강·이사·마음 동행서비스 안내 / 정기 모니터링 / 365 서울챌린지·참여형 안부확인 적립금 연계,노인맞춤돌봄서비스 안내 / 9988 서울 프로젝트 정보 제공 / 정기 모니터링 / 365 서울챌린지·참여형 안부확인 적립금 연계 / 시니어 취업사관학교 5개소 연계,현행·지속 운영 + 정기 모니터링,2026년 지속,"외로움 없는 서울(현행·확대), 우리동네돌봄단(현행), 1인가구 건강·이사·마음 동행서비스(2026년 통합지원)",1인가구 지원 5개년 종합계획(2027~2031 수립 추진)
11120510,녹번동,54.30399883307253,50.69866328859062,45.92525026955673,26.700780363225068,35.69739952718676,86.71220737388202,28.707954949626902,25.68047337278108,43.1065564069335,12.307692307692308,73.32499262328382,3,생활안정형,0.8457321848081442,1.9825535289452807,0.9397024275646044,1,1,1,1,0,1,3,3형: 삼중 결핍형,의료·복지·교통,"동 중심 원스톱 통합돌봄, 돌봄SOS, 외로움 없는 서울(서울마음편의점·서울잇다플레이스), 고립가구 위기정보 기반 발굴·우리동네돌봄단, 1인가구 건강·이사·마음 동행서비스, 서울동행맵·저상버스·교통약자 이동지원, 자치구 마음상담소·심리상담바우처","의료밀도 하위30%, 복지밀도 중앙값 미만, 교통밀도 하위30%",서울청년기지개센터·기지개LAB 사회진입 지원 / 고립·은둔청년 온라인 서비스·지역거점 우선 안내 / 서울마음편의점·자치구 마음상담소·심리상담바우처 / 외로움 없는 서울 관계형성 프로그램 / 서울동행맵 이동 안내 / 365 서울챌린지·참여형 안부확인 적립금 연계,행정정보 기반 위기가구 선제 발굴 우선지역 지정 / 우리동네돌봄단 안부확인 / 1인가구 건강·이사·마음 동행서비스 / 중장년 취업사관학교(50+캠퍼스) 원스톱 취업지원 / 자치구 마음상담소·심리상담바우처 / 서울동행맵·저상버스·교통약자 이동지원 안내 / 손목닥터9988 우울·불안 자가검진 안내 / 365 서울챌린지·참여형 안부확인 적립금 연계,동 중심 원스톱 통합돌봄 우선 적용 / 돌봄SOS 긴급돌봄·중장기 돌봄연계 / 9988 서울 프로젝트(리액트 센터·라운지·시니어 동행상점·어르신 일자리) / 서울건강장수센터·방문건강관리 / 서울동행맵·저상버스·장애인콜택시 이동지원 / 어르신 돌봄시설 확충 우선 검토 / 손목닥터9988 우울·불안 자가검진 연계 / 365 서울챌린지·참여형 안부확인 적립금 연계 / 시니어 취업사관학교 5개소 연계,현행·지속 + 2026년 신규 시행 중 + 2026년 시행 예정 연계,2026.3 신규 시행·현재 시행 중 / 2026.3Q~4Q 예정,"동 중심 원스톱 통합돌봄(2026.3 신규 시행), 돌봄SOS(현행), 외로움 없는 서울(현행·확대), 우리동네돌봄단(현행), 고립가구 위기정보 기반 발굴 시스템(2026년 도입), 1인가구 건강·이사·마음 동행서비스(2026년 통합지원), 서울건강장수센터(2026년 33개소 확대), 방문건강관리(현행), 자치구 마음상담소(현행·확대), 심리상담바우처(현행·확대), 손목닥터9988(2026년 확대), 365 서울챌린지(2026년 추진), 참여형 안부확인 적립금(2026년 추진), 저상버스 확대(2026년 추진), 장애인콜택시 증차(2026년 추진), 바우처택시(현행)","서울동행맵 AI 음성 안내(2026년 3분기 예정), 서울동행맵 보행경로 내비게이션(2026년 4분기 예정), 9988 서울 프로젝트 리액트 센터(~2035년 중장기 조성)"
11120520,불광1동,58.52038164039939,51.3472908552164,39.602423741584005,27.038582123871457,57.56501182033096,75.21665121873178,20.14930568477225,43.07692307692308,30.688196898879323,15.857988165680482,62.03219667515548,3,생활안정형,1.772570226828902,2.4322023592362885,1.171698963497071,0,0,1,0,0,0,1,1형: 단일 결핍형,교통,"서울동행맵, 저상버스·교통약자 이동지원, 마을버스 서비스 개선",교통밀도 중앙값 미만,서울동행맵 이동지원 안내 / 외로움 없는 서울 프로그램 연계,서울동행맵·저상버스 이동지원 안내 / 중장년 취업사관학교·50+캠퍼스 연계,서울동행맵(AI 음성안내·보행경로) 우선 안내 / 저상버스·장애인콜택시·바우처택시 이동지원,현행·지속 + 2026년 확대 추진 중 + 2026년 시행 예정 연계,2026년 확대 추진 중 / 2026.3Q~4Q 예정,"서울동행맵(현행·고도화 추진), 저상버스 확대(2026년 추진), 장애인콜택시 증차(2026년 추진), 바우처택시(현행), 마을버스 서비스 개선(2026년 추진)","서울동행맵 AI 음성 안내(2026년 3분기 예정), 서울동행맵 보행경로 내비게이션(2026년 4분기 예정)"
11120550,갈현1동,,,,,53.78250591016548,40.88568230916584,,62.72189349112427,,51.83431952662723,52.75747419809531,-1,미분류,3.0425192059024875,2.205419029615627,2.6622043051646767,0,1,0,0,0,0,1,1형: 단일 결핍형,복지,"동 중심 원스톱 통합돌봄, 돌봄SOS, 1인가구 건강·이사·마음 동행서비스, 고립가구 위기정보 기반 발굴",복지밀도 중앙값 미만,서울청년기지개센터·기지개LAB 집중 발굴 / 외로움 없는 서울 관계형성 프로그램,행정정보 기반 위기가구 선제 발굴 / 우리동네돌봄단 안부확인 / 중장년 취업사관학교·50+캠퍼스 연계,동 중심 원스톱 통합돌봄 우선 적용 / 돌봄SOS / 9988 서울 프로젝트 리액트 라운지 연계 / 시니어 취업사관학교 5개소 연계,현행·지속 + 2026년 신규 시행 중,2026.3 신규 시행·현재 시행 중 / 2026년 확대 추진 중,"동 중심 원스톱 통합돌봄(2026.3 신규 시행), 돌봄SOS(현행), 우리동네돌봄단(현행), 고립가구 위기정보 기반 발굴 시스템(2026년 도입), 1인가구 건강·이사·마음 동행서비스(2026년 통합지원)",9988 서울 프로젝트 리액트 센터(~2035년 중장기 조성)
11120560,갈현2동,61.59961016323081,58.64436612266724,58.10515404516043,17.733220486865555,68.43971631205673,76.69269885258751,14.392645925912634,62.72189349112427,15.1881634397275,58.57988165680474,76.81013950518505,2,활동적 도심형,1.2388503468780971,1.4703179562580406,1.362735381565907,1,1,1,0,1,0,3,3형: 삼중 결핍형,의료·복지·교통,"동 중심 원스톱 통합돌봄, 돌봄SOS, 외로움 없는 서울(서울마음편의점·서울잇다플레이스), 고립가구 위기정보 기반 발굴·우리동네돌봄단, 1인가구 건강·이사·마음 동행서비스, 서울동행맵·저상버스·교통약자 이동지원, 자치구 마음상담소·심리상담바우처","의료밀도 중앙값 미만, 복지밀도 하위30%, 교통밀도 중앙값 미만",서울청년기지개센터·기지개LAB 사회진입 지원 / 고립·은둔청년 온라인 서비스·지역거점 우선 안내 / 서울마음편의점·자치구 마음상담소·심리상담바우처 / 외로움 없는 서울 관계형성 프로그램 / 서울동행맵 이동 안내 / 365 서울챌린지·참여형 안부확인 적립금 연계,행정정보 기반 위기가구 선제 발굴 우선지역 지정 / 우리동네돌봄단 안부확인 / 1인가구 건강·이사·마음 동행서비스 / 중장년 취업사관학교(50+캠퍼스) 원스톱 취업지원 / 자치구 마음상담소·심리상담바우처 / 서울동행맵·저상버스·교통약자 이동지원 안내 / 손목닥터9988 우울·불안 자가검진 안내 / 365 서울챌린지·참여형 안부확인 적립금 연계,동 중심 원스톱 통합돌봄 우선 적용 / 돌봄SOS 긴급돌봄·중장기 돌봄연계 / 9988 서울 프로젝트(리액트 센터·라운지·시니어 동행상점·어르신 일자리) / 서울건강장수센터·방문건강관리 / 서울동행맵·저상버스·장애인콜택시 이동지원 / 어르신 돌봄시설 확충 우선 검토 / 손목닥터9988 우울·불안 자가검진 연계 / 365 서울챌린지·참여형 안부확인 적립금 연계 / 시니어 취업사관학교 5개소 연계,현행·지속 + 2026년 신규 시행 중 + 2026년 시행 예정 연계,2026.3 신규 시행·현재 시행 중 / 2026.3Q~4Q 예정,"동 중심 원스톱 통합돌봄(2026.3 신규 시행), 돌봄SOS(현행), 외로움 없는 서울(현행·확대), 우리동네돌봄단(현행), 고립가구 위기정보 기반 발굴 시스템(2026년 도입), 1인가구 건강·이사·마음 동행서비스(2026년 통합지원), 서울건강장수센터(2026년 33개소 확대), 방문건강관리(현행), 자치구 마음상담소(현행·확대), 심리상담바우처(현행·확대), 손목닥터9988(2026년 확대), 365 서울챌린지(2026년 추진), 참여형 안부확인 적립금(2026년 추진), 저상버스 확대(2026년 추진), 장애인콜택시 증차(2026년 추진), 바우처택시(현행)","서울동행맵 AI 음성 안내(2026년 3분기 예정), 서울동행맵 보행경로 내비게이션(2026년 4분기 예정), 9988 서울 프로젝트 리액트 센터(~2035년 중장기 조성)"
11120570,구산동,60.92499647692679,53.5698260010198,52.47764278136705,20.120863331378,60.28368794326241,81.96837158336558,19.88871819931453,42.01183431952664,28.26556395512145,38.34319526627221,74.23202588254998,3,생활안정형,0.7956312610755487,1.8217701533323207,1.265777006256555,1,1,1,1,1,0,3,3형: 삼중 결핍형,의료·복지·교통,"동 중심 원스톱 통합돌봄, 돌봄SOS, 외로움 없는 서울(서울마음편의점·서울잇다플레이스), 고립가구 위기정보 기반 발굴·우리동네돌봄단, 1인가구 건강·이사·마음 동행서비스, 서울동행맵·저상버스·교통약자 이동지원, 자치구 마음상담소·심리상담바우처","의료밀도 하위30%, 복지밀도 하위30%, 교통밀도 중앙값 미만",서울청년기지개센터·기지개LAB 사회진입 지원 / 고립·은둔청년 온라인 서비스·지역거점 우선 안내 / 서울마음편의점·자치구 마음상담소·심리상담바우처 / 외로움 없는 서울 관계형성 프로그램 / 서울동행맵 이동 안내 / 365 서울챌린지·참여형 안부확인 적립금 연계,행정정보 기반 위기가구 선제 발굴 우선지역 지정 / 우리동네돌봄단 안부확인 / 1인가구 건강·이사·마음 동행서비스 / 중장년 취업사관학교(50+캠퍼스) 원스톱 취업지원 / 자치구 마음상담소·심리상담바우처 / 서울동행맵·저상버스·교통약자 이동지원 안내 / 손목닥터9988 우울·불안 자가검진 안내 / 365 서울챌린지·참여형 안부확인 적립금 연계,동 중심 원스톱 통합돌봄 우선 적용 / 돌봄SOS 긴급돌봄·중장기 돌봄연계 / 9988 서울 프로젝트(리액트 센터·라운지·시니어 동행상점·어르신 일자리) / 서울건강장수센터·방문건강관리 / 서울동행맵·저상버스·장애인콜택시 이동지원 / 어르신 돌봄시설 확충 우선 검토 / 손목닥터9988 우울·불안 자가검진 연계 / 365 서울챌린지·참여형 안부확인 적립금 연계 / 시니어 취업사관학교 5개소 연계,현행·지속 + 2026년 신규 시행 중 + 2026년 시행 예정 연계,2026.3 신규 시행·현재 시행 중 / 2026.3Q~4Q 예정,"동 중심 원스톱 통합돌봄(2026.3 신규 시행), 돌봄SOS(현행), 외로움 없는 서울(현행·확대), 우리동네돌봄단(현행), 고립가구 위기정보 기반 발굴 시스템(2026년 도입), 1인가구 건강·이사·마음 동행서비스(2026년 통합지원), 서울건강장수센터(2026년 33개소 확대), 방문건강관리(현행), 자치구 마음상담소(현행·확대), 심리상담바우처(현행·확대), 손목닥터9988(2026년 확대), 365 서울챌린지(2026년 추진), 참여형 안부확인 적립금(2026년 추진), 저상버스 확대(2026년 추진), 장애인콜택시 증차(2026년 추진), 바우처택시(현행)","서울동행맵 AI 음성 안내(2026년 3분기 예정), 서울동행맵 보행경로 내비게이션(2026년 4분기 예정), 9988 서울 프로젝트 리액트 센터(~2035년 중장기 조성)"
11120580,대조동,39.52810968187504,34.40667572924496,45.061499719837045,49.45987494801036,15.839243498817964,58.25109323186446,39.90989040734793,7.810650887573971,47.73350898669669,2.366863905325431,77.08087901251956,0,1인가구 집중형,3.7264094242096406,0.7542900245144257,1.2020675561966585,0,1,1,0,1,0,2,2형: 복합 결핍형,복지·교통,"돌봄SOS, 우리동네돌봄단 안부확인, 서울동행맵, 저상버스·교통약자 이동지원","복지밀도 하위30%, 교통밀도 중앙값 미만",외로움 없는 서울 관계형성 프로그램 / 서울청년기지개센터 집중 발굴 / 서울동행맵·저상버스 등 이동지원 안내,1인가구 건강·이사·마음 동행서비스 / 우리동네돌봄단 안부확인 / 중장년 취업사관학교·50+캠퍼스 연계 / 서울동행맵·마을버스 서비스 개선 활용,돌봄SOS 긴급돌봄·중장기 돌봄서비스 연계 / 9988 서울 프로젝트(리액트 라운지·시니어 동행상점) / 서울동행맵·저상버스·교통약자 이동지원 / 안심돌봄가정 확충 / 시니어 취업사관학교 5개소 연계,현행·지속 + 2026년 신규 시행 중 + 2026년 시행 예정 연계,2026.3 신규 시행·현재 시행 중 / 2026.3Q~4Q 예정,"동 중심 원스톱 통합돌봄(2026.3 신규 시행), 돌봄SOS(현행), 우리동네돌봄단(현행), 서울동행맵(현행·고도화 추진), 저상버스 확대(2026년 추진), 장애인콜택시 증차(2026년 추진), 바우처택시(현행), 1인가구 건강·이사·마음 동행서비스(2026년 통합지원)","서울동행맵 AI 음성 안내(2026년 3분기 예정), 서울동행맵 보행경로 내비게이션(2026년 4분기 예정), 9988 서울 프로젝트 리액트 센터(~2035년 중장기 조성)"
11120590,응암1동,53.38256745163839,47.88272466388979,51.21897757957212,31.210655106195308,43.73522458628841,74.1158664897099,24.673014600384093,33.25443786982251,31.2118520279903,29.34911242603552,77.12092849969251,3,생활안정형,2.412762432928805,1.2508934953538242,0.900284489898808,0,1,1,0,1,1,2,2형: 복합 결핍형,복지·교통,"돌봄SOS, 우리동네돌봄단 안부확인, 서울동행맵, 저상버스·교통약자 이동지원","복지밀도 하위30%, 교통밀도 하위30%",외로움 없는 서울 관계형성 프로그램 / 서울청년기지개센터 집중 발굴 / 서울동행맵·저상버스 등 이동지원 안내,1인가구 건강·이사·마음 동행서비스 / 우리동네돌봄단 안부확인 / 중장년 취업사관학교·50+캠퍼스 연계 / 서울동행맵·마을버스 서비스 개선 활용,돌봄SOS 긴급돌봄·중장기 돌봄서비스 연계 / 9988 서울 프로젝트(리액트 라운지·시니어 동행상점) / 서울동행맵·저상버스·교통약자 이동지원 / 안심돌봄가정 확충 / 시니어 취업사관학교 5개소 연계,현행·지속 + 2026년 신규 시행 중 + 2026년 시행 예정 연계,2026.3 신규 시행·현재 시행 중 / 2026.3Q~4Q 예정,"동 중심 원스톱 통합돌봄(2026.3 신규 시행), 돌봄SOS(현행), 우리동네돌봄단(현행), 서울동행맵(현행·고도화 추진), 저상버스 확대(2026년 추진), 장애인콜택시 증차(2026년 추진), 바우처택시(현행), 1인가구 건강·이사·마음 동행서비스(2026년 통합지원)","서울동행맵 AI 음성 안내(2026년 3분기 예정), 서울동행맵 보행경로 내비게이션(2026년 4분기 예정), 9988 서울 프로젝트 리액트 센터(~2035년 중장기 조성)"
11120600,응암2동,64.1948598856035,61.68588266617866,60.30761980850773,10.757553594640818,78.01418439716312,77.09418851952523,16.01618422083689,69.11242603550295,28.970591407134727,75.7396449704142,62.23250174985736,2,활동적 도심형,0.681013347861618,2.5900635742877323,1.6344320348678834,1,0,0,1,0,0,1,1형: 단일 결핍형,의료,"서울건강장수센터·방문건강관리, 자치구 마음상담소·심리상담바우처, 공공의료 접근성 안내",의료밀도 하위30%,자치구 마음상담소·심리상담바우처 / 고립·은둔청년 온라인 진입 서비스 안내,행정정보 기반 위기가구 선제 발굴 / 자치구 마음상담소·심리상담바우처 / 손목닥터9988 우울·불안 자가검진 안내,서울건강장수센터·방문건강관리 연계 / 돌봄SOS 안내 / 손목닥터9988 우울·불안 자가검진 연계,현행·지속 + 2026년 확대 추진 중,2026년 확대 추진 중,"서울건강장수센터(2026년 33개소 확대), 방문건강관리(현행), 자치구 마음상담소(현행·확대), 심리상담바우처(현행·확대), 손목닥터9988(2026년 확대)","서울동행맵 AI 음성 안내(2026년 3분기 예정), 서울동행맵 보행경로 내비게이션(2026년 4분기 예정)"
11120650,신사1동,60.29256604592946,57.12340520932272,49.50467910471687,24.045761610240763,57.56501182033096,81.14352248937232,21.79151952940741,50.76923076923077,27.003313466600925,44.85207100591716,63.12398124294595,3,생활안정형,1.1919458516027417,2.5514853289593584,1.1068068622025455,1,0,1,0,0,1,2,2형: 복합 결핍형,의료·교통,"서울건강장수센터·방문건강관리, 서울동행맵, 저상버스·교통약자 이동지원, 마을버스 서비스 개선","의료밀도 중앙값 미만, 교통밀도 하위30%",고립·은둔청년 온라인 진입 서비스 및 지역거점 15개소 우선 안내 / 자치구 마음상담소·심리상담바우처 / 서울동행맵 기반 이동지원 안내,행정정보 기반 위기가구 선제 발굴 우선지역 지정 / 중장년 취업사관학교·50+캠퍼스 상담·훈련·취업·사후관리 / 서울동행맵·저상버스 이동지원 안내 / 자치구 마음상담소 연계 / 손목닥터9988 우울·불안 자가검진 안내,서울건강장수센터·방문건강관리 연계 / 서울동행맵(AI 음성안내·보행경로) 우선 안내 / 저상버스·장애인콜택시·바우처택시 이동지원 / 9988 서울 프로젝트 우리동네 리액트 라운지 연계 / 손목닥터9988 우울·불안 자가검진 연계,현행·지속 + 2026년 확대 추진 중 + 2026년 시행 예정 연계,2026년 확대 추진 중 / 2026.3Q~4Q 예정,"서울건강장수센터(2026년 33개소 확대), 방문건강관리(현행), 서울동행맵(현행·고도화 추진), 저상버스 확대(2026년 추진), 장애인콜택시 증차(2026년 추진), 바우처택시(현행), 마을버스 서비스 개선(2026년 추진), 손목닥터9988(2026년 확대), 자치구 마음상담소(현행·확대)","서울동행맵 AI 음성 안내(2026년 3분기 예정), 서울동행맵 보행경로 내비게이션(2026년 4분기 예정)"
11120660,신사2동,,,,,86.7612293144208,71.94038586723744,,87.6923076923077,,80.0,55.27750245334816,-1,미분류,0.7756563245823389,2.9658922392486406,1.909307875894988,1,0,0,1,0,0,1,1형: 단일 결핍형,의료,"서울건강장수센터·방문건강관리, 자치구 마음상담소·심리상담바우처, 공공의료 접근성 안내",의료밀도 하위30%,자치구 마음상담소·심리상담바우처 / 고립·은둔청년 온라인 진입 서비스 안내,행정정보 기반 위기가구 선제 발굴 / 자치구 마음상담소·심리상담바우처 / 손목닥터9988 우울·불안 자가검진 안내,서울건강장수센터·방문건강관리 연계 / 돌봄SOS 안내 / 손목닥터9988 우울·불안 자가검진 연계,현행·지속 + 2026년 확대 추진 중,2026년 확대 추진 중,"서울건강장수센터(2026년 33개소 확대), 방문건강관리(현행), 자치구 마음상담소(현행·확대), 심리상담바우처(현행·확대), 손목닥터9988(2026년 확대)","서울동행맵 AI 음성 안내(2026년 3분기 예정), 서울동행맵 보행경로 내비게이션(2026년 4분기 예정)"
11120670,증산동,73.29643845300734,73.7852952830822,62.91591621814223,14.326389559633466,91.371158392435,84.70674296026664,16.55441061322092,91.4792899408284,16.384764725327898,90.53254437869822,62.11682831229394,2,활동적 도심형,1.1948182618538548,2.6997840172786174,0.8803924034712616,1,0,1,0,0,1,2,2형: 복합 결핍형,의료·교통,"서울건강장수센터·방문건강관리, 서울동행맵, 저상버스·교통약자 이동지원, 마을버스 서비스 개선","의료밀도 중앙값 미만, 교통밀도 하위30%",고립·은둔청년 온라인 진입 서비스 및 지역거점 15개소 우선 안내 / 자치구 마음상담소·심리상담바우처 / 서울동행맵 기반 이동지원 안내,행정정보 기반 위기가구 선제 발굴 우선지역 지정 / 중장년 취업사관학교·50+캠퍼스 상담·훈련·취업·사후관리 / 서울동행맵·저상버스 이동지원 안내 / 자치구 마음상담소 연계 / 손목닥터9988 우울·불안 자가검진 안내,서울건강장수센터·방문건강관리 연계 / 서울동행맵(AI 음성안내·보행경로) 우선 안내 / 저상버스·장애인콜택시·바우처택시 이동지원 / 9988 서울 프로젝트 우리동네 리액트 라운지 연계 / 손목닥터9988 우울·불안 자가검진 연계,현행·지속 + 2026년 확대 추진 중 + 2026년 시행 예정 연계,2026년 확대 추진 중 / 2026.3Q~4Q 예정,"서울건강장수센터(2026년 33개소 확대), 방문건강관리(현행), 서울동행맵(현행·고도화 추진), 저상버스 확대(2026년 추진), 장애인콜택시 증차(2026년 추진), 바우처택시(현행), 마을버스 서비스 개선(2026년 추진), 손목닥터9988(2026년 확대), 자치구 마음상담소(현행·확대)","서울동행맵 AI 음성 안내(2026년 3분기 예정), 서울동행맵 보행경로 내비게이션(2026년 4분기 예정)"
11120680,수색동,60.34429425860269,60.73043756369921,47.881993552104326,11.360466207523768,63.2387706855792,81.94173185716562,14.32493712191624,62.72189349112427,29.80937268781578,76.80473372781066,33.4188049106832,2,활동적 도심형,0.8320456436467372,5.251066622907778,1.2480684654701055,1,0,1,1,0,0,2,2형: 복합 결핍형,의료·교통,"서울건강장수센터·방문건강관리, 서울동행맵, 저상버스·교통약자 이동지원, 마을버스 서비스 개선","의료밀도 하위30%, 교통밀도 중앙값 미만",고립·은둔청년 온라인 진입 서비스 및 지역거점 15개소 우선 안내 / 자치구 마음상담소·심리상담바우처 / 서울동행맵 기반 이동지원 안내,행정정보 기반 위기가구 선제 발굴 우선지역 지정 / 중장년 취업사관학교·50+캠퍼스 상담·훈련·취업·사후관리 / 서울동행맵·저상버스 이동지원 안내 / 자치구 마음상담소 연계 / 손목닥터9988 우울·불안 자가검진 안내,서울건강장수센터·방문건강관리 연계 / 서울동행맵(AI 음성안내·보행경로) 우선 안내 / 저상버스·장애인콜택시·바우처택시 이동지원 / 9988 서울 프로젝트 우리동네 리액트 라운지 연계 / 손목닥터9988 우울·불안 자가검진 연계,현행·지속 + 2026년 확대 추진 중 + 2026년 시행 예정 연계,2026년 확대 추진 중 / 2026.3Q~4Q 예정,"서울건강장수센터(2026년 33개소 확대), 방문건강관리(현행), 서울동행맵(현행·고도화 추진), 저상버스 확대(2026년 추진), 장애인콜택시 증차(2026년 추진), 바우처택시(현행), 마을버스 서비스 개선(2026년 추진), 손목닥터9988(2026년 확대), 자치구 마음상담소(현행·확대)","서울동행맵 AI 음성 안내(2026년 3분기 예정), 서울동행맵 보행경로 내비게이션(2026년 4분기 예정)"
11120710,진관동,41.31330316032714,32.513409263975966,17.500052888716436,27.437163001757582,17.966903073286062,71.597773326653,11.087475997934757,4.142011834319533,15.922530047209364,1.0650887573964667,30.983924031524,3,생활안정형,1.3660891145465723,4.626569729015202,1.6165387855467772,1,0,0,0,0,0,1,1형: 단일 결핍형,의료,"서울건강장수센터·방문건강관리, 자치구 마음상담소·심리상담바우처, 공공의료 접근성 안내",의료밀도 중앙값 미만,자치구 마음상담소·심리상담바우처 / 고립·은둔청년 온라인 진입 서비스 안내,행정정보 기반 위기가구 선제 발굴 / 자치구 마음상담소·심리상담바우처 / 손목닥터9988 우울·불안 자가검진 안내,서울건강장수센터·방문건강관리 연계 / 돌봄SOS 안내 / 손목닥터9988 우울·불안 자가검진 연계,현행·지속 + 2026년 확대 추진 중,2026년 확대 추진 중,"서울건강장수센터(2026년 33개소 확대), 방문건강관리(현행), 자치구 마음상담소(현행·확대), 심리상담바우처(현행·확대), 손목닥터9988(2026년 확대)","서울동행맵 AI 음성 안내(2026년 3분기 예정), 서울동행맵 보행경로 내비게이션(2026년 4분기 예정)"
11120720,불광2동,65.56396254022874,63.69599476370797,58.44002269796336,33.4377670429388,64.77541371158392,82.41560911751851,36.25230587936078,58.69822485207101,50.32048437176889,32.662721893491124,82.09771813530598,0,1인가구 집중형,0.8976294422457057,1.2558869701726845,1.1832388102329756,1,1,1,1,1,0,3,3형: 삼중 결핍형,의료·복지·교통,"동 중심 원스톱 통합돌봄, 돌봄SOS, 외로움 없는 서울(서울마음편의점·서울잇다플레이스), 고립가구 위기정보 기반 발굴·우리동네돌봄단, 1인가구 건강·이사·마음 동행서비스, 서울동행맵·저상버스·교통약자 이동지원, 자치구 마음상담소·심리상담바우처","의료밀도 하위30%, 복지밀도 하위30%, 교통밀도 중앙값 미만",서울청년기지개센터·기지개LAB 사회진입 지원 / 고립·은둔청년 온라인 서비스·지역거점 우선 안내 / 서울마음편의점·자치구 마음상담소·심리상담바우처 / 외로움 없는 서울 관계형성 프로그램 / 서울동행맵 이동 안내 / 365 서울챌린지·참여형 안부확인 적립금 연계,행정정보 기반 위기가구 선제 발굴 우선지역 지정 / 우리동네돌봄단 안부확인 / 1인가구 건강·이사·마음 동행서비스 / 중장년 취업사관학교(50+캠퍼스) 원스톱 취업지원 / 자치구 마음상담소·심리상담바우처 / 서울동행맵·저상버스·교통약자 이동지원 안내 / 손목닥터9988 우울·불안 자가검진 안내 / 365 서울챌린지·참여형 안부확인 적립금 연계,동 중심 원스톱 통합돌봄 우선 적용 / 돌봄SOS 긴급돌봄·중장기 돌봄연계 / 9988 서울 프로젝트(리액트 센터·라운지·시니어 동행상점·어르신 일자리) / 서울건강장수센터·방문건강관리 / 서울동행맵·저상버스·장애인콜택시 이동지원 / 어르신 돌봄시설 확충 우선 검토 / 손목닥터9988 우울·불안 자가검진 연계 / 365 서울챌린지·참여형 안부확인 적립금 연계 / 시니어 취업사관학교 5개소 연계,현행·지속 + 2026년 신규 시행 중 + 2026년 시행 예정 연계,2026.3 신규 시행·현재 시행 중 / 2026.3Q~4Q 예정,"동 중심 원스톱 통합돌봄(2026.3 신규 시행), 돌봄SOS(현행), 외로움 없는 서울(현행·확대), 우리동네돌봄단(현행), 고립가구 위기정보 기반 발굴 시스템(2026년 도입), 1인가구 건강·이사·마음 동행서비스(2026년 통합지원), 서울건강장수센터(2026년 33개소 확대), 방문건강관리(현행), 자치구 마음상담소(현행·확대), 심리상담바우처(현행·확대), 손목닥터9988(2026년 확대), 365 서울챌린지(2026년 추진), 참여형 안부확인 적립금(2026년 추진), 저상버스 확대(2026년 추진), 장애인콜택시 증차(2026년 추진), 바우처택시(현행)","서울동행맵 AI 음성 안내(2026년 3분기 예정), 서울동행맵 보행경로 내비게이션(2026년 4분기 예정), 9988 서울 프로젝트 리액트 센터(~2035년 중장기 조성)"
11120730,응암3동,61.4947643859805,57.89428519071407,59.45082508527897,36.516500930489855,61.5839243498818,73.89473614982452,37.30325542906921,52.18934911242605,48.943877151305806,31.12426035502959,86.15235229057211,0,1인가구 집중형,1.7690875232774674,0.6772773450728073,1.2569832402234635,0,1,1,0,1,0,2,2형: 복합 결핍형,복지·교통,"돌봄SOS, 우리동네돌봄단 안부확인, 서울동행맵, 저상버스·교통약자 이동지원","복지밀도 하위30%, 교통밀도 중앙값 미만",외로움 없는 서울 관계형성 프로그램 / 서울청년기지개센터 집중 발굴 / 서울동행맵·저상버스 등 이동지원 안내,1인가구 건강·이사·마음 동행서비스 / 우리동네돌봄단 안부확인 / 중장년 취업사관학교·50+캠퍼스 연계 / 서울동행맵·마을버스 서비스 개선 활용,돌봄SOS 긴급돌봄·중장기 돌봄서비스 연계 / 9988 서울 프로젝트(리액트 라운지·시니어 동행상점) / 서울동행맵·저상버스·교통약자 이동지원 / 안심돌봄가정 확충 / 시니어 취업사관학교 5개소 연계,현행·지속 + 2026년 신규 시행 중 + 2026년 시행 예정 연계,2026.3 신규 시행·현재 시행 중 / 2026.3Q~4Q 예정,"동 중심 원스톱 통합돌봄(2026.3 신규 시행), 돌봄SOS(현행), 우리동네돌봄단(현행), 서울동행맵(현행·고도화 추진), 저상버스 확대(2026년 추진), 장애인콜택시 증차(2026년 추진), 바우처택시(현행), 1인가구 건강·이사·마음 동행서비스(2026년 통합지원)","서울동행맵 AI 음성 안내(2026년 3분기 예정), 서울동행맵 보행경로 내비게이션(2026년 4분기 예정), 9988 서울 프로젝트 리액트 센터(~2035년 중장기 조성)"
11120740,역촌동,51.426271104660046,45.496450635306616,49.55360289144896,26.502385653807963,36.99763593380615,78.31684900093998,26.35151375453472,22.2485207100592,35.766011684906054,10.769230769230788,85.84704396719327,3,생활안정형,1.0519024039818354,0.8807662666519872,1.3597762783179823,1,1,1,1,1,0,3,3형: 삼중 결핍형,의료·복지·교통,"동 중심 원스톱 통합돌봄, 돌봄SOS, 외로움 없는 서울(서울마음편의점·서울잇다플레이스), 고립가구 위기정보 기반 발굴·우리동네돌봄단, 1인가구 건강·이사·마음 동행서비스, 서울동행맵·저상버스·교통약자 이동지원, 자치구 마음상담소·심리상담바우처","의료밀도 하위30%, 복지밀도 하위30%, 교통밀도 중앙값 미만",서울청년기지개센터·기지개LAB 사회진입 지원 / 고립·은둔청년 온라인 서비스·지역거점 우선 안내 / 서울마음편의점·자치구 마음상담소·심리상담바우처 / 외로움 없는 서울 관계형성 프로그램 / 서울동행맵 이동 안내 / 365 서울챌린지·참여형 안부확인 적립금 연계,행정정보 기반 위기가구 선제 발굴 우선지역 지정 / 우리동네돌봄단 안부확인 / 1인가구 건강·이사·마음 동행서비스 / 중장년 취업사관학교(50+캠퍼스) 원스톱 취업지원 / 자치구 마음상담소·심리상담바우처 / 서울동행맵·저상버스·교통약자 이동지원 안내 / 손목닥터9988 우울·불안 자가검진 안내 / 365 서울챌린지·참여형 안부확인 적립금 연계,동 중심 원스톱 통합돌봄 우선 적용 / 돌봄SOS 긴급돌봄·중장기 돌봄연계 / 9988 서울 프로젝트(리액트 센터·라운지·시니어 동행상점·어르신 일자리) / 서울건강장수센터·방문건강관리 / 서울동행맵·저상버스·장애인콜택시 이동지원 / 어르신 돌봄시설 확충 우선 검토 / 손목닥터9988 우울·불안 자가검진 연계 / 365 서울챌린지·참여형 안부확인 적립금 연계 / 시니어 취업사관학교 5개소 연계,현행·지속 + 2026년 신규 시행 중 + 2026년 시행 예정 연계,2026.3 신규 시행·현재 시행 중 / 2026.3Q~4Q 예정,"동 중심 원스톱 통합돌봄(2026.3 신규 시행), 돌봄SOS(현행), 외로움 없는 서울(현행·확대), 우리동네돌봄단(현행), 고립가구 위기정보 기반 발굴 시스템(2026년 도입), 1인가구 건강·이사·마음 동행서비스(2026년 통합지원), 서울건강장수센터(2026년 33개소 확대), 방문건강관리(현행), 자치구 마음상담소(현행·확대), 심리상담바우처(현행·확대), 손목닥터9988(2026년 확대), 365 서울챌린지(2026년 추진), 참여형 안부확인 적립금(2026년 추진), 저상버스 확대(2026년 추진), 장애인콜택시 증차(2026년 추진), 바우처택시(현행)","서울동행맵 AI 음성 안내(2026년 3분기 예정), 서울동행맵 보행경로 내비게이션(2026년 4분기 예정), 9988 서울 프로젝트 리액트 센터(~2035년 중장기 조성)"
11130520,천연동,60.225237235617925,59.377680342584426,52.831343322900686,20.829778146082138,81.20567375886525,58.942530257138486,24.210441790361106,77.39644970414201,40.456746813610096,73.2544378698225,42.44653490164622,2,활동적 도심형,1.047851903597625,3.572491813039595,2.5847013622074746,1,0,0,1,0,0,1,1형: 단일 결핍형,의료,"서울건강장수센터·방문건강관리, 자치구 마음상담소·심리상담바우처, 공공의료 접근성 안내",의료밀도 하위30%,자치구 마음상담소·심리상담바우처 / 고립·은둔청년 온라인 진입 서비스 안내,행정정보 기반 위기가구 선제 발굴 / 자치구 마음상담소·심리상담바우처 / 손목닥터9988 우울·불안 자가검진 안내,서울건강장수센터·방문건강관리 연계 / 돌봄SOS 안내 / 손목닥터9988 우울·불안 자가검진 연계,현행·지속 + 2026년 확대 추진 중,2026년 확대 추진 중,"서울건강장수센터(2026년 33개소 확대), 방문건강관리(현행), 자치구 마음상담소(현행·확대), 심리상담바우처(현행·확대), 손목닥터9988(2026년 확대)","서울동행맵 AI 음성 안내(2026년 3분기 예정), 서울동행맵 보행경로 내비게이션(2026년 4분기 예정)"
11130620,홍제1동,59.34473717741544,53.75938357291029,45.19358950720024,21.92585803685608,59.69267139479905,77.7062425303115,23.206918011029007,45.08875739644971,30.37396722605621,30.05917159763314,63.55130222848312,3,생활안정형,1.5814689055304898,2.4,1.1163309921391693,0,0,1,0,0,1,1,1형: 단일 결핍형,교통,"서울동행맵, 저상버스·교통약자 이동지원, 마을버스 서비스 개선",교통밀도 하위30%,서울동행맵 이동지원 안내 / 외로움 없는 서울 프로그램 연계,서울동행맵·저상버스 이동지원 안내 / 중장년 취업사관학교·50+캠퍼스 연계,서울동행맵(AI 음성안내·보행경로) 우선 안내 / 저상버스·장애인콜택시·바우처택시 이동지원,현행·지속 + 2026년 확대 추진 중 + 2026년 시행 예정 연계,2026년 확대 추진 중 / 2026.3Q~4Q 예정,"서울동행맵(현행·고도화 추진), 저상버스 확대(2026년 추진), 장애인콜택시 증차(2026년 추진), 바우처택시(현행), 마을버스 서비스 개선(2026년 추진)","서울동행맵 AI 음성 안내(2026년 3분기 예정), 서울동행맵 보행경로 내비게이션(2026년 4분기 예정)"
11130640,홍제3동,48.87836287247036,46.24597154577309,43.54800226606156,18.155409442081645,70.2127659574468,42.90543650268828,21.868688865500715,61.77514792899409,33.66328027621305,40.11834319526627,50.60872464994611,2,활동적 도심형,2.627531402204563,2.452783909737552,2.755703665726737,0,0,0,0,0,0,0,0형: 인프라 양호형,없음,"외로움 없는 서울, 1인가구 맞춤형 지원, 마음건강서비스 안내 및 정기 모니터링",인프라 상대 양호,서울마음편의점·외로움 없는 서울 관계형성 프로그램 안내 / 정기 모니터링 / 365 서울챌린지·참여형 안부확인 적립금 연계,1인가구 건강·이사·마음 동행서비스 안내 / 정기 모니터링 / 365 서울챌린지·참여형 안부확인 적립금 연계,노인맞춤돌봄서비스 안내 / 9988 서울 프로젝트 정보 제공 / 정기 모니터링 / 365 서울챌린지·참여형 안부확인 적립금 연계 / 시니어 취업사관학교 5개소 연계,현행·지속 운영 + 정기 모니터링,2026년 지속,"외로움 없는 서울(현행·확대), 우리동네돌봄단(현행), 1인가구 건강·이사·마음 동행서비스(2026년 통합지원)",1인가구 지원 5개년 종합계획(2027~2031 수립 추진)
11130650,홍제2동,75.2077600356367,75.58622993620722,63.87724084102592,12.444751857586734,95.98108747044915,85.8159366898492,15.293359141574332,95.50295857988166,28.8814238236793,93.37278106508876,56.489961563353305,2,활동적 도심형,0.943962928001373,3.156787092248334,0.943962928001373,1,0,1,1,0,1,2,2형: 복합 결핍형,의료·교통,"서울건강장수센터·방문건강관리, 서울동행맵, 저상버스·교통약자 이동지원, 마을버스 서비스 개선","의료밀도 하위30%, 교통밀도 하위30%",고립·은둔청년 온라인 진입 서비스 및 지역거점 15개소 우선 안내 / 자치구 마음상담소·심리상담바우처 / 서울동행맵 기반 이동지원 안내,행정정보 기반 위기가구 선제 발굴 우선지역 지정 / 중장년 취업사관학교·50+캠퍼스 상담·훈련·취업·사후관리 / 서울동행맵·저상버스 이동지원 안내 / 자치구 마음상담소 연계 / 손목닥터9988 우울·불안 자가검진 안내,서울건강장수센터·방문건강관리 연계 / 서울동행맵(AI 음성안내·보행경로) 우선 안내 / 저상버스·장애인콜택시·바우처택시 이동지원 / 9988 서울 프로젝트 우리동네 리액트 라운지 연계 / 손목닥터9988 우울·불안 자가검진 연계,현행·지속 + 2026년 확대 추진 중 + 2026년 시행 예정 연계,2026년 확대 추진 중 / 2026.3Q~4Q 예정,"서울건강장수센터(2026년 33개소 확대), 방문건강관리(현행), 서울동행맵(현행·고도화 추진), 저상버스 확대(2026년 추진), 장애인콜택시 증차(2026년 추진), 바우처택시(현행), 마을버스 서비스 개선(2026년 추진), 손목닥터9988(2026년 확대), 자치구 마음상담소(현행·확대)","서울동행맵 AI 음성 안내(2026년 3분기 예정), 서울동행맵 보행경로 내비게이션(2026년 4분기 예정)"
11130660,홍은1동,69.6332683450992,68.64731576497275,61.44413936424744,18.42813748274869,87.94326241134752,76.92583971002611,21.57424851723752,83.90532544378698,32.034739718113755,83.55029585798817,57.3213063785085,2,활동적 도심형,0.7724393635099646,2.927033242734685,1.59637468458726,1,0,0,1,0,0,1,1형: 단일 결핍형,의료,"서울건강장수센터·방문건강관리, 자치구 마음상담소·심리상담바우처, 공공의료 접근성 안내",의료밀도 하위30%,자치구 마음상담소·심리상담바우처 / 고립·은둔청년 온라인 진입 서비스 안내,행정정보 기반 위기가구 선제 발굴 / 자치구 마음상담소·심리상담바우처 / 손목닥터9988 우울·불안 자가검진 안내,서울건강장수센터·방문건강관리 연계 / 돌봄SOS 안내 / 손목닥터9988 우울·불안 자가검진 연계,현행·지속 + 2026년 확대 추진 중,2026년 확대 추진 중,"서울건강장수센터(2026년 33개소 확대), 방문건강관리(현행), 자치구 마음상담소(현행·확대), 심리상담바우처(현행·확대), 손목닥터9988(2026년 확대)","서울동행맵 AI 음성 안내(2026년 3분기 예정), 서울동행맵 보행경로 내비게이션(2026년 4분기 예정)"
11130680,홍은2동,52.468599588991296,50.54020533703724,50.2136049983374,27.49336689967352,57.91962174940898,59.5051937732325,22.684721978957853,55.502958579881664,26.60465145276768,46.74556213017752,63.40383991604829,3,생활안정형,0.4817922672341109,2.1524663677130045,2.8506042478018228,1,1,0,1,0,0,2,2형: 복합 결핍형,의료·복지,"동 중심 원스톱 통합돌봄, 돌봄SOS, 자치구 마음상담소·심리상담바우처, 1인가구 건강·마음 동행서비스, 고립가구 위기정보 기반 발굴","의료밀도 하위30%, 복지밀도 중앙값 미만",서울청년기지개센터·기지개LAB 기반 사회진입 지원 / 서울마음편의점·자치구 마음상담소·심리상담바우처 연계 / 외로움 없는 서울 관계형성 프로그램 / 고립·은둔청년 온라인 진입 서비스 우선 안내,행정정보 기반 위기가구 선제 발굴(실직·폐업·이혼 등) 우선지역 지정 / 1인가구 건강·이사·마음 동행서비스 / 중장년 취업사관학교(50+캠퍼스) 원스톱 취업지원 연계 / 자치구 마음상담소·심리상담바우처 / 손목닥터9988 우울·불안 자가검진 안내,동 중심 원스톱 통합돌봄 우선 적용 / 돌봄SOS 긴급돌봄·중장기 돌봄서비스 연계 / 서울건강장수센터·방문건강관리 / 노인맞춤돌봄서비스 중점돌봄군 우선 지정 / 어르신 돌봄시설 확충 우선 검토 / 손목닥터9988 우울·불안 자가검진 연계,현행·지속 + 2026년 신규 시행 중,2026.3 신규 시행·현재 시행 중 / 2026년 확대 추진 중,"동 중심 원스톱 통합돌봄(2026.3 신규 시행), 돌봄SOS(현행), 우리동네돌봄단(현행), 서울건강장수센터(2026년 33개소 확대), 방문건강관리(현행), 자치구 마음상담소(현행·확대), 심리상담바우처(현행·확대), 손목닥터9988(2026년 확대), 1인가구 건강·이사·마음 동행서비스(2026년 통합지원), 고립가구 위기정보 기반 발굴 시스템(2026년 도입)","9988 서울 프로젝트 리액트 센터(~2035년 중장기 조성), 1인가구 지원 5개년 종합계획(2027~2031 수립 추진)"
11130690,남가좌1동,66.0716528352255,65.19517596024949,64.50017400884303,11.343845285362711,88.77068557919623,70.73652386618619,8.171471122129482,88.16568047337279,21.02924896878805,82.24852071005917,70.01631548125492,2,활동적 도심형,2.172563625077592,1.716001716001716,1.2414649286157666,0,1,1,0,1,0,2,2형: 복합 결핍형,복지·교통,"돌봄SOS, 우리동네돌봄단 안부확인, 서울동행맵, 저상버스·교통약자 이동지원","복지밀도 하위30%, 교통밀도 중앙값 미만",외로움 없는 서울 관계형성 프로그램 / 서울청년기지개센터 집중 발굴 / 서울동행맵·저상버스 등 이동지원 안내,1인가구 건강·이사·마음 동행서비스 / 우리동네돌봄단 안부확인 / 중장년 취업사관학교·50+캠퍼스 연계 / 서울동행맵·마을버스 서비스 개선 활용,돌봄SOS 긴급돌봄·중장기 돌봄서비스 연계 / 9988 서울 프로젝트(리액트 라운지·시니어 동행상점) / 서울동행맵·저상버스·교통약자 이동지원 / 안심돌봄가정 확충 / 시니어 취업사관학교 5개소 연계,현행·지속 + 2026년 신규 시행 중 + 2026년 시행 예정 연계,2026.3 신규 시행·현재 시행 중 / 2026.3Q~4Q 예정,"동 중심 원스톱 통합돌봄(2026.3 신규 시행), 돌봄SOS(현행), 우리동네돌봄단(현행), 서울동행맵(현행·고도화 추진), 저상버스 확대(2026년 추진), 장애인콜택시 증차(2026년 추진), 바우처택시(현행), 1인가구 건강·이사·마음 동행서비스(2026년 통합지원)","서울동행맵 AI 음성 안내(2026년 3분기 예정), 서울동행맵 보행경로 내비게이션(2026년 4분기 예정), 9988 서울 프로젝트 리액트 센터(~2035년 중장기 조성)"
11130700,남가좌2동,52.37039771732268,59.29237114106808,58.728021132831536,32.18511220809454,34.75177304964538,80.08166513961403,20.7955668462306,57.75147928994084,34.59201243701053,60.591715976331365,68.00559567491878,3,생활안정형,1.4740203906154037,2.145085803432137,1.0236252712606968,1,1,1,0,0,1,3,3형: 삼중 결핍형,의료·복지·교통,"동 중심 원스톱 통합돌봄, 돌봄SOS, 외로움 없는 서울(서울마음편의점·서울잇다플레이스), 고립가구 위기정보 기반 발굴·우리동네돌봄단, 1인가구 건강·이사·마음 동행서비스, 서울동행맵·저상버스·교통약자 이동지원, 자치구 마음상담소·심리상담바우처","의료밀도 중앙값 미만, 복지밀도 중앙값 미만, 교통밀도 하위30%",서울청년기지개센터·기지개LAB 사회진입 지원 / 고립·은둔청년 온라인 서비스·지역거점 우선 안내 / 서울마음편의점·자치구 마음상담소·심리상담바우처 / 외로움 없는 서울 관계형성 프로그램 / 서울동행맵 이동 안내 / 365 서울챌린지·참여형 안부확인 적립금 연계,행정정보 기반 위기가구 선제 발굴 우선지역 지정 / 우리동네돌봄단 안부확인 / 1인가구 건강·이사·마음 동행서비스 / 중장년 취업사관학교(50+캠퍼스) 원스톱 취업지원 / 자치구 마음상담소·심리상담바우처 / 서울동행맵·저상버스·교통약자 이동지원 안내 / 손목닥터9988 우울·불안 자가검진 안내 / 365 서울챌린지·참여형 안부확인 적립금 연계,동 중심 원스톱 통합돌봄 우선 적용 / 돌봄SOS 긴급돌봄·중장기 돌봄연계 / 9988 서울 프로젝트(리액트 센터·라운지·시니어 동행상점·어르신 일자리) / 서울건강장수센터·방문건강관리 / 서울동행맵·저상버스·장애인콜택시 이동지원 / 어르신 돌봄시설 확충 우선 검토 / 손목닥터9988 우울·불안 자가검진 연계 / 365 서울챌린지·참여형 안부확인 적립금 연계 / 시니어 취업사관학교 5개소 연계,현행·지속 + 2026년 신규 시행 중 + 2026년 시행 예정 연계,2026.3 신규 시행·현재 시행 중 / 2026.3Q~4Q 예정,"동 중심 원스톱 통합돌봄(2026.3 신규 시행), 돌봄SOS(현행), 외로움 없는 서울(현행·확대), 우리동네돌봄단(현행), 고립가구 위기정보 기반 발굴 시스템(2026년 도입), 1인가구 건강·이사·마음 동행서비스(2026년 통합지원), 서울건강장수센터(2026년 33개소 확대), 방문건강관리(현행), 자치구 마음상담소(현행·확대), 심리상담바우처(현행·확대), 손목닥터9988(2026년 확대), 365 서울챌린지(2026년 추진), 참여형 안부확인 적립금(2026년 추진), 저상버스 확대(2026년 추진), 장애인콜택시 증차(2026년 추진), 바우처택시(현행)","서울동행맵 AI 음성 안내(2026년 3분기 예정), 서울동행맵 보행경로 내비게이션(2026년 4분기 예정), 9988 서울 프로젝트 리액트 센터(~2035년 중장기 조성)"
11130710,북가좌1동,70.91755822749424,67.18771058895449,60.63973338853131,9.430319274494767,90.66193853427896,81.91679739720925,10.92152619769121,80.59171597633136,20.387210289983816,84.97041420118343,59.60588080026745,2,활동적 도심형,1.2393280088129992,2.814258911819888,1.0327733406774993,1,0,1,0,0,1,2,2형: 복합 결핍형,의료·교통,"서울건강장수센터·방문건강관리, 서울동행맵, 저상버스·교통약자 이동지원, 마을버스 서비스 개선","의료밀도 중앙값 미만, 교통밀도 하위30%",고립·은둔청년 온라인 진입 서비스 및 지역거점 15개소 우선 안내 / 자치구 마음상담소·심리상담바우처 / 서울동행맵 기반 이동지원 안내,행정정보 기반 위기가구 선제 발굴 우선지역 지정 / 중장년 취업사관학교·50+캠퍼스 상담·훈련·취업·사후관리 / 서울동행맵·저상버스 이동지원 안내 / 자치구 마음상담소 연계 / 손목닥터9988 우울·불안 자가검진 안내,서울건강장수센터·방문건강관리 연계 / 서울동행맵(AI 음성안내·보행경로) 우선 안내 / 저상버스·장애인콜택시·바우처택시 이동지원 / 9988 서울 프로젝트 우리동네 리액트 라운지 연계 / 손목닥터9988 우울·불안 자가검진 연계,현행·지속 + 2026년 확대 추진 중 + 2026년 시행 예정 연계,2026년 확대 추진 중 / 2026.3Q~4Q 예정,"서울건강장수센터(2026년 33개소 확대), 방문건강관리(현행), 서울동행맵(현행·고도화 추진), 저상버스 확대(2026년 추진), 장애인콜택시 증차(2026년 추진), 바우처택시(현행), 마을버스 서비스 개선(2026년 추진), 손목닥터9988(2026년 확대), 자치구 마음상담소(현행·확대)","서울동행맵 AI 음성 안내(2026년 3분기 예정), 서울동행맵 보행경로 내비게이션(2026년 4분기 예정)"
11130720,북가좌2동,52.7071503083377,48.79650123577205,45.59394586513813,27.886397532999503,39.12529550827423,78.69938149607026,25.99202721038833,30.295857988165693,33.7925353236458,19.171597633136106,71.38973250846962,3,생활안정형,1.0225695712511869,1.9276393831553973,1.3512526477247828,1,1,1,1,0,0,3,3형: 삼중 결핍형,의료·복지·교통,"동 중심 원스톱 통합돌봄, 돌봄SOS, 외로움 없는 서울(서울마음편의점·서울잇다플레이스), 고립가구 위기정보 기반 발굴·우리동네돌봄단, 1인가구 건강·이사·마음 동행서비스, 서울동행맵·저상버스·교통약자 이동지원, 자치구 마음상담소·심리상담바우처","의료밀도 하위30%, 복지밀도 중앙값 미만, 교통밀도 중앙값 미만",서울청년기지개센터·기지개LAB 사회진입 지원 / 고립·은둔청년 온라인 서비스·지역거점 우선 안내 / 서울마음편의점·자치구 마음상담소·심리상담바우처 / 외로움 없는 서울 관계형성 프로그램 / 서울동행맵 이동 안내 / 365 서울챌린지·참여형 안부확인 적립금 연계,행정정보 기반 위기가구 선제 발굴 우선지역 지정 / 우리동네돌봄단 안부확인 / 1인가구 건강·이사·마음 동행서비스 / 중장년 취업사관학교(50+캠퍼스) 원스톱 취업지원 / 자치구 마음상담소·심리상담바우처 / 서울동행맵·저상버스·교통약자 이동지원 안내 / 손목닥터9988 우울·불안 자가검진 안내 / 365 서울챌린지·참여형 안부확인 적립금 연계,동 중심 원스톱 통합돌봄 우선 적용 / 돌봄SOS 긴급돌봄·중장기 돌봄연계 / 9988 서울 프로젝트(리액트 센터·라운지·시니어 동행상점·어르신 일자리) / 서울건강장수센터·방문건강관리 / 서울동행맵·저상버스·장애인콜택시 이동지원 / 어르신 돌봄시설 확충 우선 검토 / 손목닥터9988 우울·불안 자가검진 연계 / 365 서울챌린지·참여형 안부확인 적립금 연계 / 시니어 취업사관학교 5개소 연계,현행·지속 + 2026년 신규 시행 중 + 2026년 시행 예정 연계,2026.3 신규 시행·현재 시행 중 / 2026.3Q~4Q 예정,"동 중심 원스톱 통합돌봄(2026.3 신규 시행), 돌봄SOS(현행), 외로움 없는 서울(현행·확대), 우리동네돌봄단(현행), 고립가구 위기정보 기반 발굴 시스템(2026년 도입), 1인가구 건강·이사·마음 동행서비스(2026년 통합지원), 서울건강장수센터(2026년 33개소 확대), 방문건강관리(현행), 자치구 마음상담소(현행·확대), 심리상담바우처(현행·확대), 손목닥터9988(2026년 확대), 365 서울챌린지(2026년 추진), 참여형 안부확인 적립금(2026년 추진), 저상버스 확대(2026년 추진), 장애인콜택시 증차(2026년 추진), 바우처택시(현행)","서울동행맵 AI 음성 안내(2026년 3분기 예정), 서울동행맵 보행경로 내비게이션(2026년 4분기 예정), 9988 서울 프로젝트 리액트 센터(~2035년 중장기 조성)"
11130730,충현동,34.346959857577644,32.141869275468025,37.275383791868045,42.14127658955773,7.210401891252957,57.58635945791228,32.75556237275815,6.390532544378701,35.64093641648652,23.55029585798817,48.67687324061084,3,생활안정형,0.9790934746299602,3.105590062111801,2.7069054886828314,1,0,0,1,0,0,1,1형: 단일 결핍형,의료,"서울건강장수센터·방문건강관리, 자치구 마음상담소·심리상담바우처, 공공의료 접근성 안내",의료밀도 하위30%,자치구 마음상담소·심리상담바우처 / 고립·은둔청년 온라인 진입 서비스 안내,행정정보 기반 위기가구 선제 발굴 / 자치구 마음상담소·심리상담바우처 / 손목닥터9988 우울·불안 자가검진 안내,서울건강장수센터·방문건강관리 연계 / 돌봄SOS 안내 / 손목닥터9988 우울·불안 자가검진 연계,현행·지속 + 2026년 확대 추진 중,2026년 확대 추진 중,"서울건강장수센터(2026년 33개소 확대), 방문건강관리(현행), 자치구 마음상담소(현행·확대), 심리상담바우처(현행·확대), 손목닥터9988(2026년 확대)","서울동행맵 AI 음성 안내(2026년 3분기 예정), 서울동행맵 보행경로 내비게이션(2026년 4분기 예정)"
11130740,북아현동,49.53059506294883,53.76122328463404,57.44090399371916,22.85584670881558,47.5177304964539,64.88083380651037,24.961608573463035,57.0414201183432,38.44843051733096,91.59763313609469,39.31565842804408,2,활동적 도심형,2.202643171806168,3.7846930193439854,1.5950174692389487,0,0,0,0,0,0,0,0형: 인프라 양호형,없음,"외로움 없는 서울, 1인가구 맞춤형 지원, 마음건강서비스 안내 및 정기 모니터링",인프라 상대 양호,서울마음편의점·외로움 없는 서울 관계형성 프로그램 안내 / 정기 모니터링 / 365 서울챌린지·참여형 안부확인 적립금 연계,1인가구 건강·이사·마음 동행서비스 안내 / 정기 모니터링 / 365 서울챌린지·참여형 안부확인 적립금 연계,노인맞춤돌봄서비스 안내 / 9988 서울 프로젝트 정보 제공 / 정기 모니터링 / 365 서울챌린지·참여형 안부확인 적립금 연계 / 시니어 취업사관학교 5개소 연계,현행·지속 운영 + 정기 모니터링,2026년 지속,"외로움 없는 서울(현행·확대), 우리동네돌봄단(현행), 1인가구 건강·이사·마음 동행서비스(2026년 통합지원)",1인가구 지원 5개년 종합계획(2027~2031 수립 추진)
11130750,신촌동,35.246396014540906,30.243156392213173,35.18378588841276,95.03988753463774,0.8274231678486785,39.7686231011847,60.08090262260177,5.798816568047343,39.28434704713628,5.088757396449694,56.76855864495134,1,도심상업형,3.3220839485340647,1.86046511627907,2.58384307108205,0,1,0,0,0,0,1,1형: 단일 결핍형,복지,"동 중심 원스톱 통합돌봄, 돌봄SOS, 1인가구 건강·이사·마음 동행서비스, 고립가구 위기정보 기반 발굴",복지밀도 중앙값 미만,서울청년기지개센터·기지개LAB 집중 발굴 / 외로움 없는 서울 관계형성 프로그램,행정정보 기반 위기가구 선제 발굴 / 우리동네돌봄단 안부확인 / 중장년 취업사관학교·50+캠퍼스 연계,동 중심 원스톱 통합돌봄 우선 적용 / 돌봄SOS / 9988 서울 프로젝트 리액트 라운지 연계 / 시니어 취업사관학교 5개소 연계,현행·지속 + 2026년 신규 시행 중,2026.3 신규 시행·현재 시행 중 / 2026년 확대 추진 중,"동 중심 원스톱 통합돌봄(2026.3 신규 시행), 돌봄SOS(현행), 우리동네돌봄단(현행), 고립가구 위기정보 기반 발굴 시스템(2026년 도입), 1인가구 건강·이사·마음 동행서비스(2026년 통합지원)",9988 서울 프로젝트 리액트 센터(~2035년 중장기 조성)
11130760,연희동,44.37502897678068,41.43130538130456,37.85939064645014,59.1551748797776,11.347517730496463,70.01246727156644,30.918574611910586,18.106508875739664,31.32297350234169,11.479289940828425,61.28232103709301,3,생활안정형,1.1064106736088513,2.454590083456063,1.8548649528148389,1,0,0,0,0,0,1,1형: 단일 결핍형,의료,"서울건강장수센터·방문건강관리, 자치구 마음상담소·심리상담바우처, 공공의료 접근성 안내",의료밀도 중앙값 미만,자치구 마음상담소·심리상담바우처 / 고립·은둔청년 온라인 진입 서비스 안내,행정정보 기반 위기가구 선제 발굴 / 자치구 마음상담소·심리상담바우처 / 손목닥터9988 우울·불안 자가검진 안내,서울건강장수센터·방문건강관리 연계 / 돌봄SOS 안내 / 손목닥터9988 우울·불안 자가검진 연계,현행·지속 + 2026년 확대 추진 중,2026년 확대 추진 중,"서울건강장수센터(2026년 33개소 확대), 방문건강관리(현행), 자치구 마음상담소(현행·확대), 심리상담바우처(현행·확대), 손목닥터9988(2026년 확대)","서울동행맵 AI 음성 안내(2026년 3분기 예정), 서울동행맵 보행경로 내비게이션(2026년 4분기 예정)"
11140590,용강동,53.15748118563698,47.72332826249771,51.345376396171496,25.92863361763097,49.76359338061466,70.1657927746623,22.30872440221718,37.98816568047339,29.704908253335315,66.15384615384616,49.4456635370184,3,생활안정형,1.6263940520446096,3.2425421530479897,1.5683085501858736,0,0,0,0,0,0,0,0형: 인프라 양호형,없음,"외로움 없는 서울, 1인가구 맞춤형 지원, 마음건강서비스 안내 및 정기 모니터링",인프라 상대 양호,서울마음편의점·외로움 없는 서울 관계형성 프로그램 안내 / 정기 모니터링 / 365 서울챌린지·참여형 안부확인 적립금 연계,1인가구 건강·이사·마음 동행서비스 안내 / 정기 모니터링 / 365 서울챌린지·참여형 안부확인 적립금 연계,노인맞춤돌봄서비스 안내 / 9988 서울 프로젝트 정보 제공 / 정기 모니터링 / 365 서울챌린지·참여형 안부확인 적립금 연계 / 시니어 취업사관학교 5개소 연계,현행·지속 운영 + 정기 모니터링,2026년 지속,"외로움 없는 서울(현행·확대), 우리동네돌봄단(현행), 1인가구 건강·이사·마음 동행서비스(2026년 통합지원)",1인가구 지원 5개년 종합계획(2027~2031 수립 추진)
11140600,대흥동,27.04725158070892,35.82430522454129,45.22974915701914,64.68680309855394,12.884160756501188,22.390566645994127,43.21613247568858,45.5621301775148,47.97728387935732,60.00000000000001,32.520649735883744,1,도심상업형,4.906846584374761,3.031834259727135,2.8367706815916582,0,0,0,0,0,0,0,0형: 인프라 양호형,없음,"외로움 없는 서울, 1인가구 맞춤형 지원, 마음건강서비스 안내 및 정기 모니터링",인프라 상대 양호,서울마음편의점·외로움 없는 서울 관계형성 프로그램 안내 / 정기 모니터링 / 365 서울챌린지·참여형 안부확인 적립금 연계,1인가구 건강·이사·마음 동행서비스 안내 / 정기 모니터링 / 365 서울챌린지·참여형 안부확인 적립금 연계,노인맞춤돌봄서비스 안내 / 9988 서울 프로젝트 정보 제공 / 정기 모니터링 / 365 서울챌린지·참여형 안부확인 적립금 연계 / 시니어 취업사관학교 5개소 연계,현행·지속 운영 + 정기 모니터링,2026년 지속,"외로움 없는 서울(현행·확대), 우리동네돌봄단(현행), 1인가구 건강·이사·마음 동행서비스(2026년 통합지원)",1인가구 지원 5개년 종합계획(2027~2031 수립 추진)
11140610,염리동,54.87340073845534,53.13802438009378,49.81905948229949,36.47773907848554,36.40661938534279,82.53801292155279,20.614096057363344,40.0,35.71608587982188,61.18343195266272,47.24809138422925,3,생활안정형,0.9377479622015436,3.748828491096533,1.1541513380942074,1,0,1,1,0,0,2,2형: 복합 결핍형,의료·교통,"서울건강장수센터·방문건강관리, 서울동행맵, 저상버스·교통약자 이동지원, 마을버스 서비스 개선","의료밀도 하위30%, 교통밀도 중앙값 미만",고립·은둔청년 온라인 진입 서비스 및 지역거점 15개소 우선 안내 / 자치구 마음상담소·심리상담바우처 / 서울동행맵 기반 이동지원 안내,행정정보 기반 위기가구 선제 발굴 우선지역 지정 / 중장년 취업사관학교·50+캠퍼스 상담·훈련·취업·사후관리 / 서울동행맵·저상버스 이동지원 안내 / 자치구 마음상담소 연계 / 손목닥터9988 우울·불안 자가검진 안내,서울건강장수센터·방문건강관리 연계 / 서울동행맵(AI 음성안내·보행경로) 우선 안내 / 저상버스·장애인콜택시·바우처택시 이동지원 / 9988 서울 프로젝트 우리동네 리액트 라운지 연계 / 손목닥터9988 우울·불안 자가검진 연계,현행·지속 + 2026년 확대 추진 중 + 2026년 시행 예정 연계,2026년 확대 추진 중 / 2026.3Q~4Q 예정,"서울건강장수센터(2026년 33개소 확대), 방문건강관리(현행), 서울동행맵(현행·고도화 추진), 저상버스 확대(2026년 추진), 장애인콜택시 증차(2026년 추진), 바우처택시(현행), 마을버스 서비스 개선(2026년 추진), 손목닥터9988(2026년 확대), 자치구 마음상담소(현행·확대)","서울동행맵 AI 음성 안내(2026년 3분기 예정), 서울동행맵 보행경로 내비게이션(2026년 4분기 예정)"
11140630,신수동,59.11479847931405,60.0706163419737,44.220543831244655,34.66533602743297,52.4822695035461,77.97205868102255,18.965177365574867,62.72189349112427,24.18435806030689,63.905325443786985,37.81512958635072,2,활동적 도심형,0.9553125995117292,4.324012683770539,1.4329688992675935,1,0,0,1,0,0,1,1형: 단일 결핍형,의료,"서울건강장수센터·방문건강관리, 자치구 마음상담소·심리상담바우처, 공공의료 접근성 안내",의료밀도 하위30%,자치구 마음상담소·심리상담바우처 / 고립·은둔청년 온라인 진입 서비스 안내,행정정보 기반 위기가구 선제 발굴 / 자치구 마음상담소·심리상담바우처 / 손목닥터9988 우울·불안 자가검진 안내,서울건강장수센터·방문건강관리 연계 / 돌봄SOS 안내 / 손목닥터9988 우울·불안 자가검진 연계,현행·지속 + 2026년 확대 추진 중,2026년 확대 추진 중,"서울건강장수센터(2026년 33개소 확대), 방문건강관리(현행), 자치구 마음상담소(현행·확대), 심리상담바우처(현행·확대), 손목닥터9988(2026년 확대)","서울동행맵 AI 음성 안내(2026년 3분기 예정), 서울동행맵 보행경로 내비게이션(2026년 4분기 예정)"
11140660,서교동,13.641984542608244,11.845828686447613,27.954352284647264,67.50070285488522,0.3546099290779949,0.0,54.25872923105458,2.4852071005917367,33.58726660111857,7.692307692307708,41.21020282692412,1,도심상업형,8.247146932952923,1.7883755588673622,3.7892296718972895,0,1,0,0,1,0,1,1형: 단일 결핍형,복지,"동 중심 원스톱 통합돌봄, 돌봄SOS, 1인가구 건강·이사·마음 동행서비스, 고립가구 위기정보 기반 발굴",복지밀도 하위30%,서울청년기지개센터·기지개LAB 집중 발굴 / 외로움 없는 서울 관계형성 프로그램,행정정보 기반 위기가구 선제 발굴 / 우리동네돌봄단 안부확인 / 중장년 취업사관학교·50+캠퍼스 연계,동 중심 원스톱 통합돌봄 우선 적용 / 돌봄SOS / 9988 서울 프로젝트 리액트 라운지 연계 / 시니어 취업사관학교 5개소 연계,현행·지속 + 2026년 신규 시행 중,2026.3 신규 시행·현재 시행 중 / 2026년 확대 추진 중,"동 중심 원스톱 통합돌봄(2026.3 신규 시행), 돌봄SOS(현행), 우리동네돌봄단(현행), 고립가구 위기정보 기반 발굴 시스템(2026년 도입), 1인가구 건강·이사·마음 동행서비스(2026년 통합지원)",9988 서울 프로젝트 리액트 센터(~2035년 중장기 조성)
11140680,합정동,43.79185027502769,57.39679633184485,68.2147855652357,48.92112395555584,24.822695035460995,60.1963686743303,38.78059342298966,63.905325443786985,31.33682496287849,80.0,75.43871238368888,0,1인가구 집중형,1.9990671020190576,1.122334455667789,1.9990671020190576,0,1,0,0,1,0,1,1형: 단일 결핍형,복지,"동 중심 원스톱 통합돌봄, 돌봄SOS, 1인가구 건강·이사·마음 동행서비스, 고립가구 위기정보 기반 발굴",복지밀도 하위30%,서울청년기지개센터·기지개LAB 집중 발굴 / 외로움 없는 서울 관계형성 프로그램,행정정보 기반 위기가구 선제 발굴 / 우리동네돌봄단 안부확인 / 중장년 취업사관학교·50+캠퍼스 연계,동 중심 원스톱 통합돌봄 우선 적용 / 돌봄SOS / 9988 서울 프로젝트 리액트 라운지 연계 / 시니어 취업사관학교 5개소 연계,현행·지속 + 2026년 신규 시행 중,2026.3 신규 시행·현재 시행 중 / 2026년 확대 추진 중,"동 중심 원스톱 통합돌봄(2026.3 신규 시행), 돌봄SOS(현행), 우리동네돌봄단(현행), 고립가구 위기정보 기반 발굴 시스템(2026년 도입), 1인가구 건강·이사·마음 동행서비스(2026년 통합지원)",9988 서울 프로젝트 리액트 센터(~2035년 중장기 조성)
11140690,망원1동,47.69512594469012,56.240225706855895,58.94841800524209,44.99286041037056,27.42316784869976,69.31821680784024,36.05581917895398,53.25443786982249,31.963914344755896,49.70414201183433,78.1315231825531,0,1인가구 집중형,1.8497109826589595,1.1435105774728416,1.5028901734104043,0,1,0,0,1,0,1,1형: 단일 결핍형,복지,"동 중심 원스톱 통합돌봄, 돌봄SOS, 1인가구 건강·이사·마음 동행서비스, 고립가구 위기정보 기반 발굴",복지밀도 하위30%,서울청년기지개센터·기지개LAB 집중 발굴 / 외로움 없는 서울 관계형성 프로그램,행정정보 기반 위기가구 선제 발굴 / 우리동네돌봄단 안부확인 / 중장년 취업사관학교·50+캠퍼스 연계,동 중심 원스톱 통합돌봄 우선 적용 / 돌봄SOS / 9988 서울 프로젝트 리액트 라운지 연계 / 시니어 취업사관학교 5개소 연계,현행·지속 + 2026년 신규 시행 중,2026.3 신규 시행·현재 시행 중 / 2026년 확대 추진 중,"동 중심 원스톱 통합돌봄(2026.3 신규 시행), 돌봄SOS(현행), 우리동네돌봄단(현행), 고립가구 위기정보 기반 발굴 시스템(2026년 도입), 1인가구 건강·이사·마음 동행서비스(2026년 통합지원)",9988 서울 프로젝트 리액트 센터(~2035년 중장기 조성)
11140700,망원2동,55.88495545818389,58.23913240379333,63.089022773148656,31.326853937226065,61.11111111111111,62.93785056573558,23.07144017743633,71.12426035502958,22.75922743404251,73.96449704142012,72.55467404854026,2,활동적 도심형,1.016002032004064,1.5064778547755349,2.3495046990093984,1,1,0,1,1,0,2,2형: 복합 결핍형,의료·복지,"동 중심 원스톱 통합돌봄, 돌봄SOS, 자치구 마음상담소·심리상담바우처, 1인가구 건강·마음 동행서비스, 고립가구 위기정보 기반 발굴","의료밀도 하위30%, 복지밀도 하위30%",서울청년기지개센터·기지개LAB 기반 사회진입 지원 / 서울마음편의점·자치구 마음상담소·심리상담바우처 연계 / 외로움 없는 서울 관계형성 프로그램 / 고립·은둔청년 온라인 진입 서비스 우선 안내,행정정보 기반 위기가구 선제 발굴(실직·폐업·이혼 등) 우선지역 지정 / 1인가구 건강·이사·마음 동행서비스 / 중장년 취업사관학교(50+캠퍼스) 원스톱 취업지원 연계 / 자치구 마음상담소·심리상담바우처 / 손목닥터9988 우울·불안 자가검진 안내,동 중심 원스톱 통합돌봄 우선 적용 / 돌봄SOS 긴급돌봄·중장기 돌봄서비스 연계 / 서울건강장수센터·방문건강관리 / 노인맞춤돌봄서비스 중점돌봄군 우선 지정 / 어르신 돌봄시설 확충 우선 검토 / 손목닥터9988 우울·불안 자가검진 연계,현행·지속 + 2026년 신규 시행 중,2026.3 신규 시행·현재 시행 중 / 2026년 확대 추진 중,"동 중심 원스톱 통합돌봄(2026.3 신규 시행), 돌봄SOS(현행), 우리동네돌봄단(현행), 서울건강장수센터(2026년 33개소 확대), 방문건강관리(현행), 자치구 마음상담소(현행·확대), 심리상담바우처(현행·확대), 손목닥터9988(2026년 확대), 1인가구 건강·이사·마음 동행서비스(2026년 통합지원), 고립가구 위기정보 기반 발굴 시스템(2026년 도입)","9988 서울 프로젝트 리액트 센터(~2035년 중장기 조성), 1인가구 지원 5개년 종합계획(2027~2031 수립 추진)"
11140710,연남동,53.01234125602863,71.70813884234063,68.63730088024465,59.54980966410821,26.12293144208037,76.63301686593708,45.984719651426616,79.64497041420118,30.12119969442729,89.46745562130178,69.5543366086746,0,1인가구 집중형,0.2285366039460653,2.110595187842972,1.9044716995505448,1,1,0,1,0,0,2,2형: 복합 결핍형,의료·복지,"동 중심 원스톱 통합돌봄, 돌봄SOS, 자치구 마음상담소·심리상담바우처, 1인가구 건강·마음 동행서비스, 고립가구 위기정보 기반 발굴","의료밀도 하위30%, 복지밀도 중앙값 미만",서울청년기지개센터·기지개LAB 기반 사회진입 지원 / 서울마음편의점·자치구 마음상담소·심리상담바우처 연계 / 외로움 없는 서울 관계형성 프로그램 / 고립·은둔청년 온라인 진입 서비스 우선 안내,행정정보 기반 위기가구 선제 발굴(실직·폐업·이혼 등) 우선지역 지정 / 1인가구 건강·이사·마음 동행서비스 / 중장년 취업사관학교(50+캠퍼스) 원스톱 취업지원 연계 / 자치구 마음상담소·심리상담바우처 / 손목닥터9988 우울·불안 자가검진 안내,동 중심 원스톱 통합돌봄 우선 적용 / 돌봄SOS 긴급돌봄·중장기 돌봄서비스 연계 / 서울건강장수센터·방문건강관리 / 노인맞춤돌봄서비스 중점돌봄군 우선 지정 / 어르신 돌봄시설 확충 우선 검토 / 손목닥터9988 우울·불안 자가검진 연계,현행·지속 + 2026년 신규 시행 중,2026.3 신규 시행·현재 시행 중 / 2026년 확대 추진 중,"동 중심 원스톱 통합돌봄(2026.3 신규 시행), 돌봄SOS(현행), 우리동네돌봄단(현행), 서울건강장수센터(2026년 33개소 확대), 방문건강관리(현행), 자치구 마음상담소(현행·확대), 심리상담바우처(현행·확대), 손목닥터9988(2026년 확대), 1인가구 건강·이사·마음 동행서비스(2026년 통합지원), 고립가구 위기정보 기반 발굴 시스템(2026년 도입)","9988 서울 프로젝트 리액트 센터(~2035년 중장기 조성), 1인가구 지원 5개년 종합계획(2027~2031 수립 추진)"
11140720,성산1동,54.23110333705503,57.65213766243005,65.71179726783058,44.35366711795471,37.47044917257684,75.93047561108337,33.91452998939177,51.24260355029587,28.566609105937147,68.16568047337279,80.31219395769482,0,1인가구 집중형,0.6032090722644469,1.28,1.749306309566896,1,1,0,1,1,0,2,2형: 복합 결핍형,의료·복지,"동 중심 원스톱 통합돌봄, 돌봄SOS, 자치구 마음상담소·심리상담바우처, 1인가구 건강·마음 동행서비스, 고립가구 위기정보 기반 발굴","의료밀도 하위30%, 복지밀도 하위30%",서울청년기지개센터·기지개LAB 기반 사회진입 지원 / 서울마음편의점·자치구 마음상담소·심리상담바우처 연계 / 외로움 없는 서울 관계형성 프로그램 / 고립·은둔청년 온라인 진입 서비스 우선 안내,행정정보 기반 위기가구 선제 발굴(실직·폐업·이혼 등) 우선지역 지정 / 1인가구 건강·이사·마음 동행서비스 / 중장년 취업사관학교(50+캠퍼스) 원스톱 취업지원 연계 / 자치구 마음상담소·심리상담바우처 / 손목닥터9988 우울·불안 자가검진 안내,동 중심 원스톱 통합돌봄 우선 적용 / 돌봄SOS 긴급돌봄·중장기 돌봄서비스 연계 / 서울건강장수센터·방문건강관리 / 노인맞춤돌봄서비스 중점돌봄군 우선 지정 / 어르신 돌봄시설 확충 우선 검토 / 손목닥터9988 우울·불안 자가검진 연계,현행·지속 + 2026년 신규 시행 중,2026.3 신규 시행·현재 시행 중 / 2026년 확대 추진 중,"동 중심 원스톱 통합돌봄(2026.3 신규 시행), 돌봄SOS(현행), 우리동네돌봄단(현행), 서울건강장수센터(2026년 33개소 확대), 방문건강관리(현행), 자치구 마음상담소(현행·확대), 심리상담바우처(현행·확대), 손목닥터9988(2026년 확대), 1인가구 건강·이사·마음 동행서비스(2026년 통합지원), 고립가구 위기정보 기반 발굴 시스템(2026년 도입)","9988 서울 프로젝트 리액트 센터(~2035년 중장기 조성), 1인가구 지원 5개년 종합계획(2027~2031 수립 추진)"
11140730,성산2동,50.56945411107503,45.82085855800993,38.77868017180422,46.849687994754,23.286052009456256,79.71273927085431,24.47171365662501,22.603550295858,37.42815885769512,20.236686390532554,53.80046258573067,3,생활안정형,1.0607265977194378,3.20415013732072,1.2669789917204397,1,0,1,1,0,0,2,2형: 복합 결핍형,의료·교통,"서울건강장수센터·방문건강관리, 서울동행맵, 저상버스·교통약자 이동지원, 마을버스 서비스 개선","의료밀도 하위30%, 교통밀도 중앙값 미만",고립·은둔청년 온라인 진입 서비스 및 지역거점 15개소 우선 안내 / 자치구 마음상담소·심리상담바우처 / 서울동행맵 기반 이동지원 안내,행정정보 기반 위기가구 선제 발굴 우선지역 지정 / 중장년 취업사관학교·50+캠퍼스 상담·훈련·취업·사후관리 / 서울동행맵·저상버스 이동지원 안내 / 자치구 마음상담소 연계 / 손목닥터9988 우울·불안 자가검진 안내,서울건강장수센터·방문건강관리 연계 / 서울동행맵(AI 음성안내·보행경로) 우선 안내 / 저상버스·장애인콜택시·바우처택시 이동지원 / 9988 서울 프로젝트 우리동네 리액트 라운지 연계 / 손목닥터9988 우울·불안 자가검진 연계,현행·지속 + 2026년 확대 추진 중 + 2026년 시행 예정 연계,2026년 확대 추진 중 / 2026.3Q~4Q 예정,"서울건강장수센터(2026년 33개소 확대), 방문건강관리(현행), 서울동행맵(현행·고도화 추진), 저상버스 확대(2026년 추진), 장애인콜택시 증차(2026년 추진), 바우처택시(현행), 마을버스 서비스 개선(2026년 추진), 손목닥터9988(2026년 확대), 자치구 마음상담소(현행·확대)","서울동행맵 AI 음성 안내(2026년 3분기 예정), 서울동행맵 보행경로 내비게이션(2026년 4분기 예정)"
11140740,상암동,23.096175986231984,18.801637840565803,25.39261542091655,37.037270019132926,5.910165484633566,33.311639471379934,16.26064990503956,5.562130177514788,20.38423183116362,19.881656804733737,31.904864828948924,3,생활안정형,2.1204057874605025,3.647139275131069,4.074505238649592,0,0,0,0,0,0,0,0형: 인프라 양호형,없음,"외로움 없는 서울, 1인가구 맞춤형 지원, 마음건강서비스 안내 및 정기 모니터링",인프라 상대 양호,서울마음편의점·외로움 없는 서울 관계형성 프로그램 안내 / 정기 모니터링 / 365 서울챌린지·참여형 안부확인 적립금 연계,1인가구 건강·이사·마음 동행서비스 안내 / 정기 모니터링 / 365 서울챌린지·참여형 안부확인 적립금 연계,노인맞춤돌봄서비스 안내 / 9988 서울 프로젝트 정보 제공 / 정기 모니터링 / 365 서울챌린지·참여형 안부확인 적립금 연계 / 시니어 취업사관학교 5개소 연계,현행·지속 운영 + 정기 모니터링,2026년 지속,"외로움 없는 서울(현행·확대), 우리동네돌봄단(현행), 1인가구 건강·이사·마음 동행서비스(2026년 통합지원)",1인가구 지원 5개년 종합계획(2027~2031 수립 추진)
11140750,도화동,37.34394656518085,38.82021699221512,43.47033817030172,28.227421771811816,34.39716312056737,44.84899240647884,21.799549852259897,41.30177514792901,28.071530155200453,60.23668639053255,37.27375978350052,3,생활안정형,3.580219288431416,3.334188253398308,2.125755202506153,0,0,0,0,0,0,0,0형: 인프라 양호형,없음,"외로움 없는 서울, 1인가구 맞춤형 지원, 마음건강서비스 안내 및 정기 모니터링",인프라 상대 양호,서울마음편의점·외로움 없는 서울 관계형성 프로그램 안내 / 정기 모니터링 / 365 서울챌린지·참여형 안부확인 적립금 연계,1인가구 건강·이사·마음 동행서비스 안내 / 정기 모니터링 / 365 서울챌린지·참여형 안부확인 적립금 연계,노인맞춤돌봄서비스 안내 / 9988 서울 프로젝트 정보 제공 / 정기 모니터링 / 365 서울챌린지·참여형 안부확인 적립금 연계 / 시니어 취업사관학교 5개소 연계,현행·지속 운영 + 정기 모니터링,2026년 지속,"외로움 없는 서울(현행·확대), 우리동네돌봄단(현행), 1인가구 건강·이사·마음 동행서비스(2026년 통합지원)",1인가구 지원 5개년 종합계획(2027~2031 수립 추진)
11140760,서강동,37.53707905085669,44.90486574068642,41.9831669180228,49.94484735376993,11.347517730496463,57.5227562197603,21.43147898580496,44.02366863905326,26.278237968057,59.40828402366864,35.41026648028308,3,생활안정형,0.4228727153126909,4.121283485428319,3.007094864445802,1,0,0,1,0,0,1,1형: 단일 결핍형,의료,"서울건강장수센터·방문건강관리, 자치구 마음상담소·심리상담바우처, 공공의료 접근성 안내",의료밀도 하위30%,자치구 마음상담소·심리상담바우처 / 고립·은둔청년 온라인 진입 서비스 안내,행정정보 기반 위기가구 선제 발굴 / 자치구 마음상담소·심리상담바우처 / 손목닥터9988 우울·불안 자가검진 안내,서울건강장수센터·방문건강관리 연계 / 돌봄SOS 안내 / 손목닥터9988 우울·불안 자가검진 연계,현행·지속 + 2026년 확대 추진 중,2026년 확대 추진 중,"서울건강장수센터(2026년 33개소 확대), 방문건강관리(현행), 자치구 마음상담소(현행·확대), 심리상담바우처(현행·확대), 손목닥터9988(2026년 확대)","서울동행맵 AI 음성 안내(2026년 3분기 예정), 서울동행맵 보행경로 내비게이션(2026년 4분기 예정)"
11140770,공덕동,44.1460009136633,40.20156608522629,34.584609372509405,40.231194420843,17.25768321513003,72.99172185860671,30.172315703000866,12.426035502958584,38.423694911560126,14.911242603550306,48.17985661989948,3,생활안정형,1.812985895584304,3.3713276609407608,1.2906001290600129,0,0,1,0,0,0,1,1형: 단일 결핍형,교통,"서울동행맵, 저상버스·교통약자 이동지원, 마을버스 서비스 개선",교통밀도 중앙값 미만,서울동행맵 이동지원 안내 / 외로움 없는 서울 프로그램 연계,서울동행맵·저상버스 이동지원 안내 / 중장년 취업사관학교·50+캠퍼스 연계,서울동행맵(AI 음성안내·보행경로) 우선 안내 / 저상버스·장애인콜택시·바우처택시 이동지원,현행·지속 + 2026년 확대 추진 중 + 2026년 시행 예정 연계,2026년 확대 추진 중 / 2026.3Q~4Q 예정,"서울동행맵(현행·고도화 추진), 저상버스 확대(2026년 추진), 장애인콜택시 증차(2026년 추진), 바우처택시(현행), 마을버스 서비스 개선(2026년 추진)","서울동행맵 AI 음성 안내(2026년 3분기 예정), 서울동행맵 보행경로 내비게이션(2026년 4분기 예정)"
11140780,아현동,48.3985223441418,47.83555491791409,39.35713131565632,17.94996256467246,38.061465721040186,73.95985885697807,17.885275810525496,36.68639053254439,26.53960777375861,49.11242603550298,37.46635699661901,3,생활안정형,2.371976788512855,4.091653027823241,0.9318480240586218,0,0,1,0,0,1,1,1형: 단일 결핍형,교통,"서울동행맵, 저상버스·교통약자 이동지원, 마을버스 서비스 개선",교통밀도 하위30%,서울동행맵 이동지원 안내 / 외로움 없는 서울 프로그램 연계,서울동행맵·저상버스 이동지원 안내 / 중장년 취업사관학교·50+캠퍼스 연계,서울동행맵(AI 음성안내·보행경로) 우선 안내 / 저상버스·장애인콜택시·바우처택시 이동지원,현행·지속 + 2026년 확대 추진 중 + 2026년 시행 예정 연계,2026년 확대 추진 중 / 2026.3Q~4Q 예정,"서울동행맵(현행·고도화 추진), 저상버스 확대(2026년 추진), 장애인콜택시 증차(2026년 추진), 바우처택시(현행), 마을버스 서비스 개선(2026년 추진)","서울동행맵 AI 음성 안내(2026년 3분기 예정), 서울동행맵 보행경로 내비게이션(2026년 4분기 예정)"
11150510,목1동,36.160888799707145,29.42112469733047,30.153868515005364,5.327816230965779,29.66903073286052,58.06928315092445,4.694867835690988,13.13609467455622,15.449135695298214,38.69822485207101,30.043694839379697,3,생활안정형,3.8623595505617976,4.101722723543888,1.1411516853932584,0,0,1,0,0,0,1,1형: 단일 결핍형,교통,"서울동행맵, 저상버스·교통약자 이동지원, 마을버스 서비스 개선",교통밀도 중앙값 미만,서울동행맵 이동지원 안내 / 외로움 없는 서울 프로그램 연계,서울동행맵·저상버스 이동지원 안내 / 중장년 취업사관학교·50+캠퍼스 연계,서울동행맵(AI 음성안내·보행경로) 우선 안내 / 저상버스·장애인콜택시·바우처택시 이동지원,현행·지속 + 2026년 확대 추진 중 + 2026년 시행 예정 연계,2026년 확대 추진 중 / 2026.3Q~4Q 예정,"서울동행맵(현행·고도화 추진), 저상버스 확대(2026년 추진), 장애인콜택시 증차(2026년 추진), 바우처택시(현행), 마을버스 서비스 개선(2026년 추진)","서울동행맵 AI 음성 안내(2026년 3분기 예정), 서울동행맵 보행경로 내비게이션(2026년 4분기 예정)"
11150520,목2동,60.22474274097898,56.47020399439995,51.85562777029084,31.91962142172846,45.39007092198582,89.2119752195974,22.743637580142234,40.591715976331365,26.399197156178385,45.325443786982255,68.24862891913637,3,생활안정형,0.9838646202282566,2.383015597920277,0.7083825265643447,1,0,1,1,0,1,2,2형: 복합 결핍형,의료·교통,"서울건강장수센터·방문건강관리, 서울동행맵, 저상버스·교통약자 이동지원, 마을버스 서비스 개선","의료밀도 하위30%, 교통밀도 하위30%",고립·은둔청년 온라인 진입 서비스 및 지역거점 15개소 우선 안내 / 자치구 마음상담소·심리상담바우처 / 서울동행맵 기반 이동지원 안내,행정정보 기반 위기가구 선제 발굴 우선지역 지정 / 중장년 취업사관학교·50+캠퍼스 상담·훈련·취업·사후관리 / 서울동행맵·저상버스 이동지원 안내 / 자치구 마음상담소 연계 / 손목닥터9988 우울·불안 자가검진 안내,서울건강장수센터·방문건강관리 연계 / 서울동행맵(AI 음성안내·보행경로) 우선 안내 / 저상버스·장애인콜택시·바우처택시 이동지원 / 9988 서울 프로젝트 우리동네 리액트 라운지 연계 / 손목닥터9988 우울·불안 자가검진 연계,현행·지속 + 2026년 확대 추진 중 + 2026년 시행 예정 연계,2026년 확대 추진 중 / 2026.3Q~4Q 예정,"서울건강장수센터(2026년 33개소 확대), 방문건강관리(현행), 서울동행맵(현행·고도화 추진), 저상버스 확대(2026년 추진), 장애인콜택시 증차(2026년 추진), 바우처택시(현행), 마을버스 서비스 개선(2026년 추진), 손목닥터9988(2026년 확대), 자치구 마음상담소(현행·확대)","서울동행맵 AI 음성 안내(2026년 3분기 예정), 서울동행맵 보행경로 내비게이션(2026년 4분기 예정)"
11150530,목3동,71.82316855784468,71.73562100542077,65.25542641581579,30.805934302845184,84.39716312056737,79.75779112262174,25.67139852150532,86.74556213017752,32.842664407672466,82.24852071005917,66.4442473016902,2,활동적 도심형,2.4390243902439024,2.1333333333333333,0.5302226935312832,0,1,1,0,0,1,2,2형: 복합 결핍형,복지·교통,"돌봄SOS, 우리동네돌봄단 안부확인, 서울동행맵, 저상버스·교통약자 이동지원","복지밀도 중앙값 미만, 교통밀도 하위30%",외로움 없는 서울 관계형성 프로그램 / 서울청년기지개센터 집중 발굴 / 서울동행맵·저상버스 등 이동지원 안내,1인가구 건강·이사·마음 동행서비스 / 우리동네돌봄단 안부확인 / 중장년 취업사관학교·50+캠퍼스 연계 / 서울동행맵·마을버스 서비스 개선 활용,돌봄SOS 긴급돌봄·중장기 돌봄서비스 연계 / 9988 서울 프로젝트(리액트 라운지·시니어 동행상점) / 서울동행맵·저상버스·교통약자 이동지원 / 안심돌봄가정 확충 / 시니어 취업사관학교 5개소 연계,현행·지속 + 2026년 신규 시행 중 + 2026년 시행 예정 연계,2026.3 신규 시행·현재 시행 중 / 2026.3Q~4Q 예정,"동 중심 원스톱 통합돌봄(2026.3 신규 시행), 돌봄SOS(현행), 우리동네돌봄단(현행), 서울동행맵(현행·고도화 추진), 저상버스 확대(2026년 추진), 장애인콜택시 증차(2026년 추진), 바우처택시(현행), 1인가구 건강·이사·마음 동행서비스(2026년 통합지원)","서울동행맵 AI 음성 안내(2026년 3분기 예정), 서울동행맵 보행경로 내비게이션(2026년 4분기 예정), 9988 서울 프로젝트 리액트 센터(~2035년 중장기 조성)"
11150540,목4동,65.11102693184814,60.28117563027269,54.57554621567608,20.147511947143894,67.96690307328605,84.73690828276236,15.245671053294338,58.3431952662722,32.38610759333982,70.76923076923077,51.84243095061633,2,활동적 도심형,1.5615850087839158,3.391746749576032,0.6831934413429631,0,0,1,0,0,1,1,1형: 단일 결핍형,교통,"서울동행맵, 저상버스·교통약자 이동지원, 마을버스 서비스 개선",교통밀도 하위30%,서울동행맵 이동지원 안내 / 외로움 없는 서울 프로그램 연계,서울동행맵·저상버스 이동지원 안내 / 중장년 취업사관학교·50+캠퍼스 연계,서울동행맵(AI 음성안내·보행경로) 우선 안내 / 저상버스·장애인콜택시·바우처택시 이동지원,현행·지속 + 2026년 확대 추진 중 + 2026년 시행 예정 연계,2026년 확대 추진 중 / 2026.3Q~4Q 예정,"서울동행맵(현행·고도화 추진), 저상버스 확대(2026년 추진), 장애인콜택시 증차(2026년 추진), 바우처택시(현행), 마을버스 서비스 개선(2026년 추진)","서울동행맵 AI 음성 안내(2026년 3분기 예정), 서울동행맵 보행경로 내비게이션(2026년 4분기 예정)"
11150570,신월1동,72.64076694922659,73.39412816727483,70.76458604515923,24.457247355562043,78.72340425531915,90.64988943996627,37.97855426413388,73.84615384615385,49.73282423437048,66.62721893491126,83.32998793570266,2,활동적 도심형,1.1877828054298645,1.3094718463553032,0.5090497737556562,1,1,1,0,1,1,3,3형: 삼중 결핍형,의료·복지·교통,"동 중심 원스톱 통합돌봄, 돌봄SOS, 외로움 없는 서울(서울마음편의점·서울잇다플레이스), 고립가구 위기정보 기반 발굴·우리동네돌봄단, 1인가구 건강·이사·마음 동행서비스, 서울동행맵·저상버스·교통약자 이동지원, 자치구 마음상담소·심리상담바우처","의료밀도 중앙값 미만, 복지밀도 하위30%, 교통밀도 하위30%",서울청년기지개센터·기지개LAB 사회진입 지원 / 고립·은둔청년 온라인 서비스·지역거점 우선 안내 / 서울마음편의점·자치구 마음상담소·심리상담바우처 / 외로움 없는 서울 관계형성 프로그램 / 서울동행맵 이동 안내 / 365 서울챌린지·참여형 안부확인 적립금 연계,행정정보 기반 위기가구 선제 발굴 우선지역 지정 / 우리동네돌봄단 안부확인 / 1인가구 건강·이사·마음 동행서비스 / 중장년 취업사관학교(50+캠퍼스) 원스톱 취업지원 / 자치구 마음상담소·심리상담바우처 / 서울동행맵·저상버스·교통약자 이동지원 안내 / 손목닥터9988 우울·불안 자가검진 안내 / 365 서울챌린지·참여형 안부확인 적립금 연계,동 중심 원스톱 통합돌봄 우선 적용 / 돌봄SOS 긴급돌봄·중장기 돌봄연계 / 9988 서울 프로젝트(리액트 센터·라운지·시니어 동행상점·어르신 일자리) / 서울건강장수센터·방문건강관리 / 서울동행맵·저상버스·장애인콜택시 이동지원 / 어르신 돌봄시설 확충 우선 검토 / 손목닥터9988 우울·불안 자가검진 연계 / 365 서울챌린지·참여형 안부확인 적립금 연계 / 시니어 취업사관학교 5개소 연계,현행·지속 + 2026년 신규 시행 중 + 2026년 시행 예정 연계,2026.3 신규 시행·현재 시행 중 / 2026.3Q~4Q 예정,"동 중심 원스톱 통합돌봄(2026.3 신규 시행), 돌봄SOS(현행), 외로움 없는 서울(현행·확대), 우리동네돌봄단(현행), 고립가구 위기정보 기반 발굴 시스템(2026년 도입), 1인가구 건강·이사·마음 동행서비스(2026년 통합지원), 서울건강장수센터(2026년 33개소 확대), 방문건강관리(현행), 자치구 마음상담소(현행·확대), 심리상담바우처(현행·확대), 손목닥터9988(2026년 확대), 365 서울챌린지(2026년 추진), 참여형 안부확인 적립금(2026년 추진), 저상버스 확대(2026년 추진), 장애인콜택시 증차(2026년 추진), 바우처택시(현행)","서울동행맵 AI 음성 안내(2026년 3분기 예정), 서울동행맵 보행경로 내비게이션(2026년 4분기 예정), 9988 서울 프로젝트 리액트 센터(~2035년 중장기 조성)"
11150580,신월2동,76.64546473065255,76.85523732710175,69.42898938994998,13.291820512086888,96.3356973995272,88.6320541710607,17.89965225788432,94.55621301775147,29.39285999905375,92.66272189349112,69.15214383870519,2,활동적 도심형,1.0112927692566998,2.302555836979047,0.7303781111298387,1,1,1,1,0,1,3,3형: 삼중 결핍형,의료·복지·교통,"동 중심 원스톱 통합돌봄, 돌봄SOS, 외로움 없는 서울(서울마음편의점·서울잇다플레이스), 고립가구 위기정보 기반 발굴·우리동네돌봄단, 1인가구 건강·이사·마음 동행서비스, 서울동행맵·저상버스·교통약자 이동지원, 자치구 마음상담소·심리상담바우처","의료밀도 하위30%, 복지밀도 중앙값 미만, 교통밀도 하위30%",서울청년기지개센터·기지개LAB 사회진입 지원 / 고립·은둔청년 온라인 서비스·지역거점 우선 안내 / 서울마음편의점·자치구 마음상담소·심리상담바우처 / 외로움 없는 서울 관계형성 프로그램 / 서울동행맵 이동 안내 / 365 서울챌린지·참여형 안부확인 적립금 연계,행정정보 기반 위기가구 선제 발굴 우선지역 지정 / 우리동네돌봄단 안부확인 / 1인가구 건강·이사·마음 동행서비스 / 중장년 취업사관학교(50+캠퍼스) 원스톱 취업지원 / 자치구 마음상담소·심리상담바우처 / 서울동행맵·저상버스·교통약자 이동지원 안내 / 손목닥터9988 우울·불안 자가검진 안내 / 365 서울챌린지·참여형 안부확인 적립금 연계,동 중심 원스톱 통합돌봄 우선 적용 / 돌봄SOS 긴급돌봄·중장기 돌봄연계 / 9988 서울 프로젝트(리액트 센터·라운지·시니어 동행상점·어르신 일자리) / 서울건강장수센터·방문건강관리 / 서울동행맵·저상버스·장애인콜택시 이동지원 / 어르신 돌봄시설 확충 우선 검토 / 손목닥터9988 우울·불안 자가검진 연계 / 365 서울챌린지·참여형 안부확인 적립금 연계 / 시니어 취업사관학교 5개소 연계,현행·지속 + 2026년 신규 시행 중 + 2026년 시행 예정 연계,2026.3 신규 시행·현재 시행 중 / 2026.3Q~4Q 예정,"동 중심 원스톱 통합돌봄(2026.3 신규 시행), 돌봄SOS(현행), 외로움 없는 서울(현행·확대), 우리동네돌봄단(현행), 고립가구 위기정보 기반 발굴 시스템(2026년 도입), 1인가구 건강·이사·마음 동행서비스(2026년 통합지원), 서울건강장수센터(2026년 33개소 확대), 방문건강관리(현행), 자치구 마음상담소(현행·확대), 심리상담바우처(현행·확대), 손목닥터9988(2026년 확대), 365 서울챌린지(2026년 추진), 참여형 안부확인 적립금(2026년 추진), 저상버스 확대(2026년 추진), 장애인콜택시 증차(2026년 추진), 바우처택시(현행)","서울동행맵 AI 음성 안내(2026년 3분기 예정), 서울동행맵 보행경로 내비게이션(2026년 4분기 예정), 9988 서울 프로젝트 리액트 센터(~2035년 중장기 조성)"
11150590,신월3동,75.58231063906773,80.01163793524725,80.54948626428988,23.651545354340296,93.14420803782504,83.98579588267411,45.3410357807105,93.37278106508876,62.64504257599598,93.84615384615384,78.16516422874855,2,활동적 도심형,1.1723329425556857,1.5379883112888342,0.9378663540445488,1,1,1,0,1,1,3,3형: 삼중 결핍형,의료·복지·교통,"동 중심 원스톱 통합돌봄, 돌봄SOS, 외로움 없는 서울(서울마음편의점·서울잇다플레이스), 고립가구 위기정보 기반 발굴·우리동네돌봄단, 1인가구 건강·이사·마음 동행서비스, 서울동행맵·저상버스·교통약자 이동지원, 자치구 마음상담소·심리상담바우처","의료밀도 중앙값 미만, 복지밀도 하위30%, 교통밀도 하위30%",서울청년기지개센터·기지개LAB 사회진입 지원 / 고립·은둔청년 온라인 서비스·지역거점 우선 안내 / 서울마음편의점·자치구 마음상담소·심리상담바우처 / 외로움 없는 서울 관계형성 프로그램 / 서울동행맵 이동 안내 / 365 서울챌린지·참여형 안부확인 적립금 연계,행정정보 기반 위기가구 선제 발굴 우선지역 지정 / 우리동네돌봄단 안부확인 / 1인가구 건강·이사·마음 동행서비스 / 중장년 취업사관학교(50+캠퍼스) 원스톱 취업지원 / 자치구 마음상담소·심리상담바우처 / 서울동행맵·저상버스·교통약자 이동지원 안내 / 손목닥터9988 우울·불안 자가검진 안내 / 365 서울챌린지·참여형 안부확인 적립금 연계,동 중심 원스톱 통합돌봄 우선 적용 / 돌봄SOS 긴급돌봄·중장기 돌봄연계 / 9988 서울 프로젝트(리액트 센터·라운지·시니어 동행상점·어르신 일자리) / 서울건강장수센터·방문건강관리 / 서울동행맵·저상버스·장애인콜택시 이동지원 / 어르신 돌봄시설 확충 우선 검토 / 손목닥터9988 우울·불안 자가검진 연계 / 365 서울챌린지·참여형 안부확인 적립금 연계 / 시니어 취업사관학교 5개소 연계,현행·지속 + 2026년 신규 시행 중 + 2026년 시행 예정 연계,2026.3 신규 시행·현재 시행 중 / 2026.3Q~4Q 예정,"동 중심 원스톱 통합돌봄(2026.3 신규 시행), 돌봄SOS(현행), 외로움 없는 서울(현행·확대), 우리동네돌봄단(현행), 고립가구 위기정보 기반 발굴 시스템(2026년 도입), 1인가구 건강·이사·마음 동행서비스(2026년 통합지원), 서울건강장수센터(2026년 33개소 확대), 방문건강관리(현행), 자치구 마음상담소(현행·확대), 심리상담바우처(현행·확대), 손목닥터9988(2026년 확대), 365 서울챌린지(2026년 추진), 참여형 안부확인 적립금(2026년 추진), 저상버스 확대(2026년 추진), 장애인콜택시 증차(2026년 추진), 바우처택시(현행)","서울동행맵 AI 음성 안내(2026년 3분기 예정), 서울동행맵 보행경로 내비게이션(2026년 4분기 예정), 9988 서울 프로젝트 리액트 센터(~2035년 중장기 조성)"
11150600,신월4동,76.10827250844704,76.74154497517989,61.34146488326603,7.62471472930603,98.10874704491724,88.34957686154732,12.68904452558586,97.15976331360947,22.18426020204458,96.5680473372781,51.34621394402172,2,활동적 도심형,1.148105625717566,3.5548263604047032,0.6753562504220977,1,0,1,0,0,1,2,2형: 복합 결핍형,의료·교통,"서울건강장수센터·방문건강관리, 서울동행맵, 저상버스·교통약자 이동지원, 마을버스 서비스 개선","의료밀도 중앙값 미만, 교통밀도 하위30%",고립·은둔청년 온라인 진입 서비스 및 지역거점 15개소 우선 안내 / 자치구 마음상담소·심리상담바우처 / 서울동행맵 기반 이동지원 안내,행정정보 기반 위기가구 선제 발굴 우선지역 지정 / 중장년 취업사관학교·50+캠퍼스 상담·훈련·취업·사후관리 / 서울동행맵·저상버스 이동지원 안내 / 자치구 마음상담소 연계 / 손목닥터9988 우울·불안 자가검진 안내,서울건강장수센터·방문건강관리 연계 / 서울동행맵(AI 음성안내·보행경로) 우선 안내 / 저상버스·장애인콜택시·바우처택시 이동지원 / 9988 서울 프로젝트 우리동네 리액트 라운지 연계 / 손목닥터9988 우울·불안 자가검진 연계,현행·지속 + 2026년 확대 추진 중 + 2026년 시행 예정 연계,2026년 확대 추진 중 / 2026.3Q~4Q 예정,"서울건강장수센터(2026년 33개소 확대), 방문건강관리(현행), 서울동행맵(현행·고도화 추진), 저상버스 확대(2026년 추진), 장애인콜택시 증차(2026년 추진), 바우처택시(현행), 마을버스 서비스 개선(2026년 추진), 손목닥터9988(2026년 확대), 자치구 마음상담소(현행·확대)","서울동행맵 AI 음성 안내(2026년 3분기 예정), 서울동행맵 보행경로 내비게이션(2026년 4분기 예정)"
11150610,신월5동,75.81082995147165,74.7677828161886,70.24628718852773,23.08197460722948,92.90780141843972,85.07828615662466,23.80068496295989,89.94082840236686,35.70287307331548,90.29585798816568,70.00480506223698,2,활동적 도심형,0.6541826805135335,2.2083179977916823,1.1448196908986834,1,1,1,1,0,0,3,3형: 삼중 결핍형,의료·복지·교통,"동 중심 원스톱 통합돌봄, 돌봄SOS, 외로움 없는 서울(서울마음편의점·서울잇다플레이스), 고립가구 위기정보 기반 발굴·우리동네돌봄단, 1인가구 건강·이사·마음 동행서비스, 서울동행맵·저상버스·교통약자 이동지원, 자치구 마음상담소·심리상담바우처","의료밀도 하위30%, 복지밀도 중앙값 미만, 교통밀도 중앙값 미만",서울청년기지개센터·기지개LAB 사회진입 지원 / 고립·은둔청년 온라인 서비스·지역거점 우선 안내 / 서울마음편의점·자치구 마음상담소·심리상담바우처 / 외로움 없는 서울 관계형성 프로그램 / 서울동행맵 이동 안내 / 365 서울챌린지·참여형 안부확인 적립금 연계,행정정보 기반 위기가구 선제 발굴 우선지역 지정 / 우리동네돌봄단 안부확인 / 1인가구 건강·이사·마음 동행서비스 / 중장년 취업사관학교(50+캠퍼스) 원스톱 취업지원 / 자치구 마음상담소·심리상담바우처 / 서울동행맵·저상버스·교통약자 이동지원 안내 / 손목닥터9988 우울·불안 자가검진 안내 / 365 서울챌린지·참여형 안부확인 적립금 연계,동 중심 원스톱 통합돌봄 우선 적용 / 돌봄SOS 긴급돌봄·중장기 돌봄연계 / 9988 서울 프로젝트(리액트 센터·라운지·시니어 동행상점·어르신 일자리) / 서울건강장수센터·방문건강관리 / 서울동행맵·저상버스·장애인콜택시 이동지원 / 어르신 돌봄시설 확충 우선 검토 / 손목닥터9988 우울·불안 자가검진 연계 / 365 서울챌린지·참여형 안부확인 적립금 연계 / 시니어 취업사관학교 5개소 연계,현행·지속 + 2026년 신규 시행 중 + 2026년 시행 예정 연계,2026.3 신규 시행·현재 시행 중 / 2026.3Q~4Q 예정,"동 중심 원스톱 통합돌봄(2026.3 신규 시행), 돌봄SOS(현행), 외로움 없는 서울(현행·확대), 우리동네돌봄단(현행), 고립가구 위기정보 기반 발굴 시스템(2026년 도입), 1인가구 건강·이사·마음 동행서비스(2026년 통합지원), 서울건강장수센터(2026년 33개소 확대), 방문건강관리(현행), 자치구 마음상담소(현행·확대), 심리상담바우처(현행·확대), 손목닥터9988(2026년 확대), 365 서울챌린지(2026년 추진), 참여형 안부확인 적립금(2026년 추진), 저상버스 확대(2026년 추진), 장애인콜택시 증차(2026년 추진), 바우처택시(현행)","서울동행맵 AI 음성 안내(2026년 3분기 예정), 서울동행맵 보행경로 내비게이션(2026년 4분기 예정), 9988 서울 프로젝트 리액트 센터(~2035년 중장기 조성)"
11150620,신월6동,72.31873342632358,72.92566803341461,56.10687140039508,7.465408731316314,99.52718676122932,77.53694243892143,11.211260022957966,99.17159763313607,22.09574516117397,99.05325443786982,37.820185144235225,2,활동적 도심형,1.6915954415954415,4.225352112676056,1.0683760683760686,0,0,1,0,0,1,1,1형: 단일 결핍형,교통,"서울동행맵, 저상버스·교통약자 이동지원, 마을버스 서비스 개선",교통밀도 하위30%,서울동행맵 이동지원 안내 / 외로움 없는 서울 프로그램 연계,서울동행맵·저상버스 이동지원 안내 / 중장년 취업사관학교·50+캠퍼스 연계,서울동행맵(AI 음성안내·보행경로) 우선 안내 / 저상버스·장애인콜택시·바우처택시 이동지원,현행·지속 + 2026년 확대 추진 중 + 2026년 시행 예정 연계,2026년 확대 추진 중 / 2026.3Q~4Q 예정,"서울동행맵(현행·고도화 추진), 저상버스 확대(2026년 추진), 장애인콜택시 증차(2026년 추진), 바우처택시(현행), 마을버스 서비스 개선(2026년 추진)","서울동행맵 AI 음성 안내(2026년 3분기 예정), 서울동행맵 보행경로 내비게이션(2026년 4분기 예정)"
11150630,신월7동,,,,,85.81560283687944,81.28534645962822,,75.97633136094674,,65.32544378698225,62.77739018429821,-1,미분류,1.1305486135903844,2.586764388876913,1.1305486135903844,1,0,1,0,0,0,2,2형: 복합 결핍형,의료·교통,"서울건강장수센터·방문건강관리, 서울동행맵, 저상버스·교통약자 이동지원, 마을버스 서비스 개선","의료밀도 중앙값 미만, 교통밀도 중앙값 미만",고립·은둔청년 온라인 진입 서비스 및 지역거점 15개소 우선 안내 / 자치구 마음상담소·심리상담바우처 / 서울동행맵 기반 이동지원 안내,행정정보 기반 위기가구 선제 발굴 우선지역 지정 / 중장년 취업사관학교·50+캠퍼스 상담·훈련·취업·사후관리 / 서울동행맵·저상버스 이동지원 안내 / 자치구 마음상담소 연계 / 손목닥터9988 우울·불안 자가검진 안내,서울건강장수센터·방문건강관리 연계 / 서울동행맵(AI 음성안내·보행경로) 우선 안내 / 저상버스·장애인콜택시·바우처택시 이동지원 / 9988 서울 프로젝트 우리동네 리액트 라운지 연계 / 손목닥터9988 우울·불안 자가검진 연계,현행·지속 + 2026년 확대 추진 중 + 2026년 시행 예정 연계,2026년 확대 추진 중 / 2026.3Q~4Q 예정,"서울건강장수센터(2026년 33개소 확대), 방문건강관리(현행), 서울동행맵(현행·고도화 추진), 저상버스 확대(2026년 추진), 장애인콜택시 증차(2026년 추진), 바우처택시(현행), 마을버스 서비스 개선(2026년 추진), 손목닥터9988(2026년 확대), 자치구 마음상담소(현행·확대)","서울동행맵 AI 음성 안내(2026년 3분기 예정), 서울동행맵 보행경로 내비게이션(2026년 4분기 예정)"
11150640,신정1동,61.85482685446881,57.49702035867644,60.347301721005024,7.133578110821147,91.371158392435,59.69911968832645,6.1933712924688615,80.94674556213019,17.735749409694517,87.81065088757397,57.92538672981164,2,활동적 도심형,1.8918389979776893,2.3785253143051306,2.0875464805271053,0,0,0,0,0,0,0,0형: 인프라 양호형,없음,"외로움 없는 서울, 1인가구 맞춤형 지원, 마음건강서비스 안내 및 정기 모니터링",인프라 상대 양호,서울마음편의점·외로움 없는 서울 관계형성 프로그램 안내 / 정기 모니터링 / 365 서울챌린지·참여형 안부확인 적립금 연계,1인가구 건강·이사·마음 동행서비스 안내 / 정기 모니터링 / 365 서울챌린지·참여형 안부확인 적립금 연계,노인맞춤돌봄서비스 안내 / 9988 서울 프로젝트 정보 제공 / 정기 모니터링 / 365 서울챌린지·참여형 안부확인 적립금 연계 / 시니어 취업사관학교 5개소 연계,현행·지속 운영 + 정기 모니터링,2026년 지속,"외로움 없는 서울(현행·확대), 우리동네돌봄단(현행), 1인가구 건강·이사·마음 동행서비스(2026년 통합지원)",1인가구 지원 5개년 종합계획(2027~2031 수립 추진)
11150650,신정2동,68.61840183570787,63.24986871710424,50.72411456822616,7.5694950922611,92.43498817966903,75.32626886347009,7.490296982841346,79.05325443786982,29.51512298576757,90.05917159763314,29.556399804224565,2,활동적 도심형,1.944872912614848,4.844290657439446,1.0730333310978473,0,0,1,0,0,1,1,1형: 단일 결핍형,교통,"서울동행맵, 저상버스·교통약자 이동지원, 마을버스 서비스 개선",교통밀도 하위30%,서울동행맵 이동지원 안내 / 외로움 없는 서울 프로그램 연계,서울동행맵·저상버스 이동지원 안내 / 중장년 취업사관학교·50+캠퍼스 연계,서울동행맵(AI 음성안내·보행경로) 우선 안내 / 저상버스·장애인콜택시·바우처택시 이동지원,현행·지속 + 2026년 확대 추진 중 + 2026년 시행 예정 연계,2026년 확대 추진 중 / 2026.3Q~4Q 예정,"서울동행맵(현행·고도화 추진), 저상버스 확대(2026년 추진), 장애인콜택시 증차(2026년 추진), 바우처택시(현행), 마을버스 서비스 개선(2026년 추진)","서울동행맵 AI 음성 안내(2026년 3분기 예정), 서울동행맵 보행경로 내비게이션(2026년 4분기 예정)"
11150660,신정3동,46.95478377624704,39.59933061869909,31.85830233524284,8.781653871123869,35.22458628841608,77.77154621663959,14.051193796310915,14.201183431952671,28.26771192454073,8.520710059171591,51.60558095472141,3,생활안정형,1.1168301447023403,3.312825366777094,1.3596193065941535,1,0,1,0,0,0,2,2형: 복합 결핍형,의료·교통,"서울건강장수센터·방문건강관리, 서울동행맵, 저상버스·교통약자 이동지원, 마을버스 서비스 개선","의료밀도 중앙값 미만, 교통밀도 중앙값 미만",고립·은둔청년 온라인 진입 서비스 및 지역거점 15개소 우선 안내 / 자치구 마음상담소·심리상담바우처 / 서울동행맵 기반 이동지원 안내,행정정보 기반 위기가구 선제 발굴 우선지역 지정 / 중장년 취업사관학교·50+캠퍼스 상담·훈련·취업·사후관리 / 서울동행맵·저상버스 이동지원 안내 / 자치구 마음상담소 연계 / 손목닥터9988 우울·불안 자가검진 안내,서울건강장수센터·방문건강관리 연계 / 서울동행맵(AI 음성안내·보행경로) 우선 안내 / 저상버스·장애인콜택시·바우처택시 이동지원 / 9988 서울 프로젝트 우리동네 리액트 라운지 연계 / 손목닥터9988 우울·불안 자가검진 연계,현행·지속 + 2026년 확대 추진 중 + 2026년 시행 예정 연계,2026년 확대 추진 중 / 2026.3Q~4Q 예정,"서울건강장수센터(2026년 33개소 확대), 방문건강관리(현행), 서울동행맵(현행·고도화 추진), 저상버스 확대(2026년 추진), 장애인콜택시 증차(2026년 추진), 바우처택시(현행), 마을버스 서비스 개선(2026년 추진), 손목닥터9988(2026년 확대), 자치구 마음상담소(현행·확대)","서울동행맵 AI 음성 안내(2026년 3분기 예정), 서울동행맵 보행경로 내비게이션(2026년 4분기 예정)"
11150690,신정6동,67.569419969894,60.41405477981306,65.83188427282316,3.2924406229046106,78.25059101654847,89.02673859673422,4.016796705596798,60.00000000000001,7.608085644646614,74.31952662721895,85.10762849859378,2,활동적 도심형,0.3217848332081948,1.2519561815336462,1.0726161106939829,1,1,1,1,1,1,3,3형: 삼중 결핍형,의료·복지·교통,"동 중심 원스톱 통합돌봄, 돌봄SOS, 외로움 없는 서울(서울마음편의점·서울잇다플레이스), 고립가구 위기정보 기반 발굴·우리동네돌봄단, 1인가구 건강·이사·마음 동행서비스, 서울동행맵·저상버스·교통약자 이동지원, 자치구 마음상담소·심리상담바우처","의료밀도 하위30%, 복지밀도 하위30%, 교통밀도 하위30%",서울청년기지개센터·기지개LAB 사회진입 지원 / 고립·은둔청년 온라인 서비스·지역거점 우선 안내 / 서울마음편의점·자치구 마음상담소·심리상담바우처 / 외로움 없는 서울 관계형성 프로그램 / 서울동행맵 이동 안내 / 365 서울챌린지·참여형 안부확인 적립금 연계,행정정보 기반 위기가구 선제 발굴 우선지역 지정 / 우리동네돌봄단 안부확인 / 1인가구 건강·이사·마음 동행서비스 / 중장년 취업사관학교(50+캠퍼스) 원스톱 취업지원 / 자치구 마음상담소·심리상담바우처 / 서울동행맵·저상버스·교통약자 이동지원 안내 / 손목닥터9988 우울·불안 자가검진 안내 / 365 서울챌린지·참여형 안부확인 적립금 연계,동 중심 원스톱 통합돌봄 우선 적용 / 돌봄SOS 긴급돌봄·중장기 돌봄연계 / 9988 서울 프로젝트(리액트 센터·라운지·시니어 동행상점·어르신 일자리) / 서울건강장수센터·방문건강관리 / 서울동행맵·저상버스·장애인콜택시 이동지원 / 어르신 돌봄시설 확충 우선 검토 / 손목닥터9988 우울·불안 자가검진 연계 / 365 서울챌린지·참여형 안부확인 적립금 연계 / 시니어 취업사관학교 5개소 연계,현행·지속 + 2026년 신규 시행 중 + 2026년 시행 예정 연계,2026.3 신규 시행·현재 시행 중 / 2026.3Q~4Q 예정,"동 중심 원스톱 통합돌봄(2026.3 신규 시행), 돌봄SOS(현행), 외로움 없는 서울(현행·확대), 우리동네돌봄단(현행), 고립가구 위기정보 기반 발굴 시스템(2026년 도입), 1인가구 건강·이사·마음 동행서비스(2026년 통합지원), 서울건강장수센터(2026년 33개소 확대), 방문건강관리(현행), 자치구 마음상담소(현행·확대), 심리상담바우처(현행·확대), 손목닥터9988(2026년 확대), 365 서울챌린지(2026년 추진), 참여형 안부확인 적립금(2026년 추진), 저상버스 확대(2026년 추진), 장애인콜택시 증차(2026년 추진), 바우처택시(현행)","서울동행맵 AI 음성 안내(2026년 3분기 예정), 서울동행맵 보행경로 내비게이션(2026년 4분기 예정), 9988 서울 프로젝트 리액트 센터(~2035년 중장기 조성)"
11150700,신정7동,63.39347993040112,54.57764014917598,52.99743662610237,5.888073238660861,74.70449172576832,80.83517148090402,13.466378494131003,48.875739644970416,41.29276795135175,49.34911242603551,61.03709708159911,2,활동적 도심형,1.0656436487638534,2.709537572254335,1.1935208866155158,1,0,1,0,0,0,2,2형: 복합 결핍형,의료·교통,"서울건강장수센터·방문건강관리, 서울동행맵, 저상버스·교통약자 이동지원, 마을버스 서비스 개선","의료밀도 중앙값 미만, 교통밀도 중앙값 미만",고립·은둔청년 온라인 진입 서비스 및 지역거점 15개소 우선 안내 / 자치구 마음상담소·심리상담바우처 / 서울동행맵 기반 이동지원 안내,행정정보 기반 위기가구 선제 발굴 우선지역 지정 / 중장년 취업사관학교·50+캠퍼스 상담·훈련·취업·사후관리 / 서울동행맵·저상버스 이동지원 안내 / 자치구 마음상담소 연계 / 손목닥터9988 우울·불안 자가검진 안내,서울건강장수센터·방문건강관리 연계 / 서울동행맵(AI 음성안내·보행경로) 우선 안내 / 저상버스·장애인콜택시·바우처택시 이동지원 / 9988 서울 프로젝트 우리동네 리액트 라운지 연계 / 손목닥터9988 우울·불안 자가검진 연계,현행·지속 + 2026년 확대 추진 중 + 2026년 시행 예정 연계,2026년 확대 추진 중 / 2026.3Q~4Q 예정,"서울건강장수센터(2026년 33개소 확대), 방문건강관리(현행), 서울동행맵(현행·고도화 추진), 저상버스 확대(2026년 추진), 장애인콜택시 증차(2026년 추진), 바우처택시(현행), 마을버스 서비스 개선(2026년 추진), 손목닥터9988(2026년 확대), 자치구 마음상담소(현행·확대)","서울동행맵 AI 음성 안내(2026년 3분기 예정), 서울동행맵 보행경로 내비게이션(2026년 4분기 예정)"
11150710,목5동,54.75112500338805,41.75212496635058,45.02183599907735,6.213317329558307,49.76359338061466,84.0075604630763,2.165622248795544,19.289940828402365,5.862959588832463,34.79289940828404,70.3816206409143,3,생활안정형,1.1467138457506063,2.0988360999809195,0.9501343293362166,1,1,1,0,0,1,3,3형: 삼중 결핍형,의료·복지·교통,"동 중심 원스톱 통합돌봄, 돌봄SOS, 외로움 없는 서울(서울마음편의점·서울잇다플레이스), 고립가구 위기정보 기반 발굴·우리동네돌봄단, 1인가구 건강·이사·마음 동행서비스, 서울동행맵·저상버스·교통약자 이동지원, 자치구 마음상담소·심리상담바우처","의료밀도 중앙값 미만, 복지밀도 중앙값 미만, 교통밀도 하위30%",서울청년기지개센터·기지개LAB 사회진입 지원 / 고립·은둔청년 온라인 서비스·지역거점 우선 안내 / 서울마음편의점·자치구 마음상담소·심리상담바우처 / 외로움 없는 서울 관계형성 프로그램 / 서울동행맵 이동 안내 / 365 서울챌린지·참여형 안부확인 적립금 연계,행정정보 기반 위기가구 선제 발굴 우선지역 지정 / 우리동네돌봄단 안부확인 / 1인가구 건강·이사·마음 동행서비스 / 중장년 취업사관학교(50+캠퍼스) 원스톱 취업지원 / 자치구 마음상담소·심리상담바우처 / 서울동행맵·저상버스·교통약자 이동지원 안내 / 손목닥터9988 우울·불안 자가검진 안내 / 365 서울챌린지·참여형 안부확인 적립금 연계,동 중심 원스톱 통합돌봄 우선 적용 / 돌봄SOS 긴급돌봄·중장기 돌봄연계 / 9988 서울 프로젝트(리액트 센터·라운지·시니어 동행상점·어르신 일자리) / 서울건강장수센터·방문건강관리 / 서울동행맵·저상버스·장애인콜택시 이동지원 / 어르신 돌봄시설 확충 우선 검토 / 손목닥터9988 우울·불안 자가검진 연계 / 365 서울챌린지·참여형 안부확인 적립금 연계 / 시니어 취업사관학교 5개소 연계,현행·지속 + 2026년 신규 시행 중 + 2026년 시행 예정 연계,2026.3 신규 시행·현재 시행 중 / 2026.3Q~4Q 예정,"동 중심 원스톱 통합돌봄(2026.3 신규 시행), 돌봄SOS(현행), 외로움 없는 서울(현행·확대), 우리동네돌봄단(현행), 고립가구 위기정보 기반 발굴 시스템(2026년 도입), 1인가구 건강·이사·마음 동행서비스(2026년 통합지원), 서울건강장수센터(2026년 33개소 확대), 방문건강관리(현행), 자치구 마음상담소(현행·확대), 심리상담바우처(현행·확대), 손목닥터9988(2026년 확대), 365 서울챌린지(2026년 추진), 참여형 안부확인 적립금(2026년 추진), 저상버스 확대(2026년 추진), 장애인콜택시 증차(2026년 추진), 바우처택시(현행)","서울동행맵 AI 음성 안내(2026년 3분기 예정), 서울동행맵 보행경로 내비게이션(2026년 4분기 예정), 9988 서울 프로젝트 리액트 센터(~2035년 중장기 조성)"
11150720,신정4동,51.366427919028354,46.77180604390699,47.81199312283911,41.38978995012948,27.89598108747045,79.8251937350357,34.20864274946356,20.0,41.29776251104879,13.72781065088759,77.21712642848598,3,생활안정형,2.053888463412936,1.4099953000156666,0.7310450462995196,0,1,1,0,1,1,2,2형: 복합 결핍형,복지·교통,"돌봄SOS, 우리동네돌봄단 안부확인, 서울동행맵, 저상버스·교통약자 이동지원","복지밀도 하위30%, 교통밀도 하위30%",외로움 없는 서울 관계형성 프로그램 / 서울청년기지개센터 집중 발굴 / 서울동행맵·저상버스 등 이동지원 안내,1인가구 건강·이사·마음 동행서비스 / 우리동네돌봄단 안부확인 / 중장년 취업사관학교·50+캠퍼스 연계 / 서울동행맵·마을버스 서비스 개선 활용,돌봄SOS 긴급돌봄·중장기 돌봄서비스 연계 / 9988 서울 프로젝트(리액트 라운지·시니어 동행상점) / 서울동행맵·저상버스·교통약자 이동지원 / 안심돌봄가정 확충 / 시니어 취업사관학교 5개소 연계,현행·지속 + 2026년 신규 시행 중 + 2026년 시행 예정 연계,2026.3 신규 시행·현재 시행 중 / 2026.3Q~4Q 예정,"동 중심 원스톱 통합돌봄(2026.3 신규 시행), 돌봄SOS(현행), 우리동네돌봄단(현행), 서울동행맵(현행·고도화 추진), 저상버스 확대(2026년 추진), 장애인콜택시 증차(2026년 추진), 바우처택시(현행), 1인가구 건강·이사·마음 동행서비스(2026년 통합지원)","서울동행맵 AI 음성 안내(2026년 3분기 예정), 서울동행맵 보행경로 내비게이션(2026년 4분기 예정), 9988 서울 프로젝트 리액트 센터(~2035년 중장기 조성)"
11160510,염창동,49.48726551814071,46.48854155927636,33.50063044084362,27.40060430242894,30.02364066193853,79.99422098219877,10.205745121925034,31.12426035502959,11.646806862236764,47.6923076923077,32.175469724641275,3,생활안정형,1.2226397089521084,7.007419620774939,1.1629987475398105,1,0,1,0,0,0,2,2형: 복합 결핍형,의료·교통,"서울건강장수센터·방문건강관리, 서울동행맵, 저상버스·교통약자 이동지원, 마을버스 서비스 개선","의료밀도 중앙값 미만, 교통밀도 중앙값 미만",고립·은둔청년 온라인 진입 서비스 및 지역거점 15개소 우선 안내 / 자치구 마음상담소·심리상담바우처 / 서울동행맵 기반 이동지원 안내,행정정보 기반 위기가구 선제 발굴 우선지역 지정 / 중장년 취업사관학교·50+캠퍼스 상담·훈련·취업·사후관리 / 서울동행맵·저상버스 이동지원 안내 / 자치구 마음상담소 연계 / 손목닥터9988 우울·불안 자가검진 안내,서울건강장수센터·방문건강관리 연계 / 서울동행맵(AI 음성안내·보행경로) 우선 안내 / 저상버스·장애인콜택시·바우처택시 이동지원 / 9988 서울 프로젝트 우리동네 리액트 라운지 연계 / 손목닥터9988 우울·불안 자가검진 연계,현행·지속 + 2026년 확대 추진 중 + 2026년 시행 예정 연계,2026년 확대 추진 중 / 2026.3Q~4Q 예정,"서울건강장수센터(2026년 33개소 확대), 방문건강관리(현행), 서울동행맵(현행·고도화 추진), 저상버스 확대(2026년 추진), 장애인콜택시 증차(2026년 추진), 바우처택시(현행), 마을버스 서비스 개선(2026년 추진), 손목닥터9988(2026년 확대), 자치구 마음상담소(현행·확대)","서울동행맵 AI 음성 안내(2026년 3분기 예정), 서울동행맵 보행경로 내비게이션(2026년 4분기 예정)"
11160520,등촌1동,54.376343497681205,56.27114343116785,41.92177247050366,55.15333130163582,27.659574468085097,80.70461862529999,38.28967517151144,40.82840236686391,33.10410846686477,59.40828402366864,32.24011415299263,0,1인가구 집중형,1.821089100115484,4.677268475210477,0.7995025317580172,0,0,1,0,0,1,1,1형: 단일 결핍형,교통,"서울동행맵, 저상버스·교통약자 이동지원, 마을버스 서비스 개선",교통밀도 하위30%,서울동행맵 이동지원 안내 / 외로움 없는 서울 프로그램 연계,서울동행맵·저상버스 이동지원 안내 / 중장년 취업사관학교·50+캠퍼스 연계,서울동행맵(AI 음성안내·보행경로) 우선 안내 / 저상버스·장애인콜택시·바우처택시 이동지원,현행·지속 + 2026년 확대 추진 중 + 2026년 시행 예정 연계,2026년 확대 추진 중 / 2026.3Q~4Q 예정,"서울동행맵(현행·고도화 추진), 저상버스 확대(2026년 추진), 장애인콜택시 증차(2026년 추진), 바우처택시(현행), 마을버스 서비스 개선(2026년 추진)","서울동행맵 AI 음성 안내(2026년 3분기 예정), 서울동행맵 보행경로 내비게이션(2026년 4분기 예정)"
11160530,등촌2동,,,,,69.50354609929079,92.97951885632008,,78.22485207100593,,84.02366863905326,63.37709166772281,-1,미분류,0.763986835919135,2.839295854628052,0.5876821814762576,1,0,1,1,0,1,2,2형: 복합 결핍형,의료·교통,"서울건강장수센터·방문건강관리, 서울동행맵, 저상버스·교통약자 이동지원, 마을버스 서비스 개선","의료밀도 하위30%, 교통밀도 하위30%",고립·은둔청년 온라인 진입 서비스 및 지역거점 15개소 우선 안내 / 자치구 마음상담소·심리상담바우처 / 서울동행맵 기반 이동지원 안내,행정정보 기반 위기가구 선제 발굴 우선지역 지정 / 중장년 취업사관학교·50+캠퍼스 상담·훈련·취업·사후관리 / 서울동행맵·저상버스 이동지원 안내 / 자치구 마음상담소 연계 / 손목닥터9988 우울·불안 자가검진 안내,서울건강장수센터·방문건강관리 연계 / 서울동행맵(AI 음성안내·보행경로) 우선 안내 / 저상버스·장애인콜택시·바우처택시 이동지원 / 9988 서울 프로젝트 우리동네 리액트 라운지 연계 / 손목닥터9988 우울·불안 자가검진 연계,현행·지속 + 2026년 확대 추진 중 + 2026년 시행 예정 연계,2026년 확대 추진 중 / 2026.3Q~4Q 예정,"서울건강장수센터(2026년 33개소 확대), 방문건강관리(현행), 서울동행맵(현행·고도화 추진), 저상버스 확대(2026년 추진), 장애인콜택시 증차(2026년 추진), 바우처택시(현행), 마을버스 서비스 개선(2026년 추진), 손목닥터9988(2026년 확대), 자치구 마음상담소(현행·확대)","서울동행맵 AI 음성 안내(2026년 3분기 예정), 서울동행맵 보행경로 내비게이션(2026년 4분기 예정)"
11160540,등촌3동,33.13760036023476,30.136346761865845,27.96130529089101,21.34444016148222,12.884160756501188,59.2876200633446,12.69820965897139,9.70414201183432,1.0980234178594297,6.508875739644978,56.58576466320752,3,생활안정형,2.234171463192972,2.4242424242424243,1.931232959709179,0,0,0,0,0,0,0,0형: 인프라 양호형,없음,"외로움 없는 서울, 1인가구 맞춤형 지원, 마음건강서비스 안내 및 정기 모니터링",인프라 상대 양호,서울마음편의점·외로움 없는 서울 관계형성 프로그램 안내 / 정기 모니터링 / 365 서울챌린지·참여형 안부확인 적립금 연계,1인가구 건강·이사·마음 동행서비스 안내 / 정기 모니터링 / 365 서울챌린지·참여형 안부확인 적립금 연계,노인맞춤돌봄서비스 안내 / 9988 서울 프로젝트 정보 제공 / 정기 모니터링 / 365 서울챌린지·참여형 안부확인 적립금 연계 / 시니어 취업사관학교 5개소 연계,현행·지속 운영 + 정기 모니터링,2026년 지속,"외로움 없는 서울(현행·확대), 우리동네돌봄단(현행), 1인가구 건강·이사·마음 동행서비스(2026년 통합지원)",1인가구 지원 5개년 종합계획(2027~2031 수립 추진)
11160550,화곡본동,58.62608860618548,61.59981201354142,58.606357926967306,43.67597220200379,36.64302600472813,88.08420940973366,34.78922112989653,48.5207100591716,40.79518669839224,43.78698224852072,78.04861511179246,0,1인가구 집중형,0.7838326006202502,1.6813002054922472,0.886071635483761,1,1,1,1,1,1,3,3형: 삼중 결핍형,의료·복지·교통,"동 중심 원스톱 통합돌봄, 돌봄SOS, 외로움 없는 서울(서울마음편의점·서울잇다플레이스), 고립가구 위기정보 기반 발굴·우리동네돌봄단, 1인가구 건강·이사·마음 동행서비스, 서울동행맵·저상버스·교통약자 이동지원, 자치구 마음상담소·심리상담바우처","의료밀도 하위30%, 복지밀도 하위30%, 교통밀도 하위30%",서울청년기지개센터·기지개LAB 사회진입 지원 / 고립·은둔청년 온라인 서비스·지역거점 우선 안내 / 서울마음편의점·자치구 마음상담소·심리상담바우처 / 외로움 없는 서울 관계형성 프로그램 / 서울동행맵 이동 안내 / 365 서울챌린지·참여형 안부확인 적립금 연계,행정정보 기반 위기가구 선제 발굴 우선지역 지정 / 우리동네돌봄단 안부확인 / 1인가구 건강·이사·마음 동행서비스 / 중장년 취업사관학교(50+캠퍼스) 원스톱 취업지원 / 자치구 마음상담소·심리상담바우처 / 서울동행맵·저상버스·교통약자 이동지원 안내 / 손목닥터9988 우울·불안 자가검진 안내 / 365 서울챌린지·참여형 안부확인 적립금 연계,동 중심 원스톱 통합돌봄 우선 적용 / 돌봄SOS 긴급돌봄·중장기 돌봄연계 / 9988 서울 프로젝트(리액트 센터·라운지·시니어 동행상점·어르신 일자리) / 서울건강장수센터·방문건강관리 / 서울동행맵·저상버스·장애인콜택시 이동지원 / 어르신 돌봄시설 확충 우선 검토 / 손목닥터9988 우울·불안 자가검진 연계 / 365 서울챌린지·참여형 안부확인 적립금 연계 / 시니어 취업사관학교 5개소 연계,현행·지속 + 2026년 신규 시행 중 + 2026년 시행 예정 연계,2026.3 신규 시행·현재 시행 중 / 2026.3Q~4Q 예정,"동 중심 원스톱 통합돌봄(2026.3 신규 시행), 돌봄SOS(현행), 외로움 없는 서울(현행·확대), 우리동네돌봄단(현행), 고립가구 위기정보 기반 발굴 시스템(2026년 도입), 1인가구 건강·이사·마음 동행서비스(2026년 통합지원), 서울건강장수센터(2026년 33개소 확대), 방문건강관리(현행), 자치구 마음상담소(현행·확대), 심리상담바우처(현행·확대), 손목닥터9988(2026년 확대), 365 서울챌린지(2026년 추진), 참여형 안부확인 적립금(2026년 추진), 저상버스 확대(2026년 추진), 장애인콜택시 증차(2026년 추진), 바우처택시(현행)","서울동행맵 AI 음성 안내(2026년 3분기 예정), 서울동행맵 보행경로 내비게이션(2026년 4분기 예정), 9988 서울 프로젝트 리액트 센터(~2035년 중장기 조성)"
11160570,화곡2동,70.09986035700618,70.52661195740379,75.83551505781102,28.841249348445054,89.83451536643025,70.99451085186267,29.10557654483202,90.76923076923076,36.08667717521413,88.87573964497042,83.3592683267301,2,활동적 도심형,0.5989617995474511,0.9563277016257572,2.063090642885665,1,1,0,1,1,0,2,2형: 복합 결핍형,의료·복지,"동 중심 원스톱 통합돌봄, 돌봄SOS, 자치구 마음상담소·심리상담바우처, 1인가구 건강·마음 동행서비스, 고립가구 위기정보 기반 발굴","의료밀도 하위30%, 복지밀도 하위30%",서울청년기지개센터·기지개LAB 기반 사회진입 지원 / 서울마음편의점·자치구 마음상담소·심리상담바우처 연계 / 외로움 없는 서울 관계형성 프로그램 / 고립·은둔청년 온라인 진입 서비스 우선 안내,행정정보 기반 위기가구 선제 발굴(실직·폐업·이혼 등) 우선지역 지정 / 1인가구 건강·이사·마음 동행서비스 / 중장년 취업사관학교(50+캠퍼스) 원스톱 취업지원 연계 / 자치구 마음상담소·심리상담바우처 / 손목닥터9988 우울·불안 자가검진 안내,동 중심 원스톱 통합돌봄 우선 적용 / 돌봄SOS 긴급돌봄·중장기 돌봄서비스 연계 / 서울건강장수센터·방문건강관리 / 노인맞춤돌봄서비스 중점돌봄군 우선 지정 / 어르신 돌봄시설 확충 우선 검토 / 손목닥터9988 우울·불안 자가검진 연계,현행·지속 + 2026년 신규 시행 중,2026.3 신규 시행·현재 시행 중 / 2026년 확대 추진 중,"동 중심 원스톱 통합돌봄(2026.3 신규 시행), 돌봄SOS(현행), 우리동네돌봄단(현행), 서울건강장수센터(2026년 33개소 확대), 방문건강관리(현행), 자치구 마음상담소(현행·확대), 심리상담바우처(현행·확대), 손목닥터9988(2026년 확대), 1인가구 건강·이사·마음 동행서비스(2026년 통합지원), 고립가구 위기정보 기반 발굴 시스템(2026년 도입)","9988 서울 프로젝트 리액트 센터(~2035년 중장기 조성), 1인가구 지원 5개년 종합계획(2027~2031 수립 추진)"
11160580,화곡3동,62.59394027283764,63.365425017201645,56.94293569946381,30.82664228173305,58.98345153664303,82.08807800458453,23.893572627134983,64.37869822485207,22.33320882338429,48.5207100591716,78.87565647572643,2,활동적 도심형,2.04620106617845,1.340782122905028,0.5923213612621829,0,1,1,0,1,1,2,2형: 복합 결핍형,복지·교통,"돌봄SOS, 우리동네돌봄단 안부확인, 서울동행맵, 저상버스·교통약자 이동지원","복지밀도 하위30%, 교통밀도 하위30%",외로움 없는 서울 관계형성 프로그램 / 서울청년기지개센터 집중 발굴 / 서울동행맵·저상버스 등 이동지원 안내,1인가구 건강·이사·마음 동행서비스 / 우리동네돌봄단 안부확인 / 중장년 취업사관학교·50+캠퍼스 연계 / 서울동행맵·마을버스 서비스 개선 활용,돌봄SOS 긴급돌봄·중장기 돌봄서비스 연계 / 9988 서울 프로젝트(리액트 라운지·시니어 동행상점) / 서울동행맵·저상버스·교통약자 이동지원 / 안심돌봄가정 확충 / 시니어 취업사관학교 5개소 연계,현행·지속 + 2026년 신규 시행 중 + 2026년 시행 예정 연계,2026.3 신규 시행·현재 시행 중 / 2026.3Q~4Q 예정,"동 중심 원스톱 통합돌봄(2026.3 신규 시행), 돌봄SOS(현행), 우리동네돌봄단(현행), 서울동행맵(현행·고도화 추진), 저상버스 확대(2026년 추진), 장애인콜택시 증차(2026년 추진), 바우처택시(현행), 1인가구 건강·이사·마음 동행서비스(2026년 통합지원)","서울동행맵 AI 음성 안내(2026년 3분기 예정), 서울동행맵 보행경로 내비게이션(2026년 4분기 예정), 9988 서울 프로젝트 리액트 센터(~2035년 중장기 조성)"
11160590,화곡4동,65.80234742269897,67.37645557907965,70.81870424166715,25.37612104858773,85.1063829787234,66.71142505373017,33.28191299503847,85.08875739644971,36.1833326121532,82.9585798816568,76.77007724590361,2,활동적 도심형,1.804341697208909,1.190476190476191,1.691570341133352,0,1,0,0,1,0,1,1형: 단일 결핍형,복지,"동 중심 원스톱 통합돌봄, 돌봄SOS, 1인가구 건강·이사·마음 동행서비스, 고립가구 위기정보 기반 발굴",복지밀도 하위30%,서울청년기지개센터·기지개LAB 집중 발굴 / 외로움 없는 서울 관계형성 프로그램,행정정보 기반 위기가구 선제 발굴 / 우리동네돌봄단 안부확인 / 중장년 취업사관학교·50+캠퍼스 연계,동 중심 원스톱 통합돌봄 우선 적용 / 돌봄SOS / 9988 서울 프로젝트 리액트 라운지 연계 / 시니어 취업사관학교 5개소 연계,현행·지속 + 2026년 신규 시행 중,2026.3 신규 시행·현재 시행 중 / 2026년 확대 추진 중,"동 중심 원스톱 통합돌봄(2026.3 신규 시행), 돌봄SOS(현행), 우리동네돌봄단(현행), 고립가구 위기정보 기반 발굴 시스템(2026년 도입), 1인가구 건강·이사·마음 동행서비스(2026년 통합지원)",9988 서울 프로젝트 리액트 센터(~2035년 중장기 조성)
11160610,화곡6동,,,,,38.061465721040186,78.74588712437519,,46.98224852071007,,55.62130177514794,72.5201963580421,-1,미분류,1.1183680773016016,1.8361257746155613,1.2973069696698576,1,1,1,0,1,0,3,3형: 삼중 결핍형,의료·복지·교통,"동 중심 원스톱 통합돌봄, 돌봄SOS, 외로움 없는 서울(서울마음편의점·서울잇다플레이스), 고립가구 위기정보 기반 발굴·우리동네돌봄단, 1인가구 건강·이사·마음 동행서비스, 서울동행맵·저상버스·교통약자 이동지원, 자치구 마음상담소·심리상담바우처","의료밀도 중앙값 미만, 복지밀도 하위30%, 교통밀도 중앙값 미만",서울청년기지개센터·기지개LAB 사회진입 지원 / 고립·은둔청년 온라인 서비스·지역거점 우선 안내 / 서울마음편의점·자치구 마음상담소·심리상담바우처 / 외로움 없는 서울 관계형성 프로그램 / 서울동행맵 이동 안내 / 365 서울챌린지·참여형 안부확인 적립금 연계,행정정보 기반 위기가구 선제 발굴 우선지역 지정 / 우리동네돌봄단 안부확인 / 1인가구 건강·이사·마음 동행서비스 / 중장년 취업사관학교(50+캠퍼스) 원스톱 취업지원 / 자치구 마음상담소·심리상담바우처 / 서울동행맵·저상버스·교통약자 이동지원 안내 / 손목닥터9988 우울·불안 자가검진 안내 / 365 서울챌린지·참여형 안부확인 적립금 연계,동 중심 원스톱 통합돌봄 우선 적용 / 돌봄SOS 긴급돌봄·중장기 돌봄연계 / 9988 서울 프로젝트(리액트 센터·라운지·시니어 동행상점·어르신 일자리) / 서울건강장수센터·방문건강관리 / 서울동행맵·저상버스·장애인콜택시 이동지원 / 어르신 돌봄시설 확충 우선 검토 / 손목닥터9988 우울·불안 자가검진 연계 / 365 서울챌린지·참여형 안부확인 적립금 연계 / 시니어 취업사관학교 5개소 연계,현행·지속 + 2026년 신규 시행 중 + 2026년 시행 예정 연계,2026.3 신규 시행·현재 시행 중 / 2026.3Q~4Q 예정,"동 중심 원스톱 통합돌봄(2026.3 신규 시행), 돌봄SOS(현행), 외로움 없는 서울(현행·확대), 우리동네돌봄단(현행), 고립가구 위기정보 기반 발굴 시스템(2026년 도입), 1인가구 건강·이사·마음 동행서비스(2026년 통합지원), 서울건강장수센터(2026년 33개소 확대), 방문건강관리(현행), 자치구 마음상담소(현행·확대), 심리상담바우처(현행·확대), 손목닥터9988(2026년 확대), 365 서울챌린지(2026년 추진), 참여형 안부확인 적립금(2026년 추진), 저상버스 확대(2026년 추진), 장애인콜택시 증차(2026년 추진), 바우처택시(현행)","서울동행맵 AI 음성 안내(2026년 3분기 예정), 서울동행맵 보행경로 내비게이션(2026년 4분기 예정), 9988 서울 프로젝트 리액트 센터(~2035년 중장기 조성)"
11160630,화곡8동,,,,,12.529550827423163,75.4979725302594,,10.295857988165691,,9.23076923076924,76.07636987236657,-1,미분류,1.3688930847297616,1.4814814814814814,1.3688930847297616,1,1,0,0,1,0,2,2형: 복합 결핍형,의료·복지,"동 중심 원스톱 통합돌봄, 돌봄SOS, 자치구 마음상담소·심리상담바우처, 1인가구 건강·마음 동행서비스, 고립가구 위기정보 기반 발굴","의료밀도 중앙값 미만, 복지밀도 하위30%",서울청년기지개센터·기지개LAB 기반 사회진입 지원 / 서울마음편의점·자치구 마음상담소·심리상담바우처 연계 / 외로움 없는 서울 관계형성 프로그램 / 고립·은둔청년 온라인 진입 서비스 우선 안내,행정정보 기반 위기가구 선제 발굴(실직·폐업·이혼 등) 우선지역 지정 / 1인가구 건강·이사·마음 동행서비스 / 중장년 취업사관학교(50+캠퍼스) 원스톱 취업지원 연계 / 자치구 마음상담소·심리상담바우처 / 손목닥터9988 우울·불안 자가검진 안내,동 중심 원스톱 통합돌봄 우선 적용 / 돌봄SOS 긴급돌봄·중장기 돌봄서비스 연계 / 서울건강장수센터·방문건강관리 / 노인맞춤돌봄서비스 중점돌봄군 우선 지정 / 어르신 돌봄시설 확충 우선 검토 / 손목닥터9988 우울·불안 자가검진 연계,현행·지속 + 2026년 신규 시행 중,2026.3 신규 시행·현재 시행 중 / 2026년 확대 추진 중,"동 중심 원스톱 통합돌봄(2026.3 신규 시행), 돌봄SOS(현행), 우리동네돌봄단(현행), 서울건강장수센터(2026년 33개소 확대), 방문건강관리(현행), 자치구 마음상담소(현행·확대), 심리상담바우처(현행·확대), 손목닥터9988(2026년 확대), 1인가구 건강·이사·마음 동행서비스(2026년 통합지원), 고립가구 위기정보 기반 발굴 시스템(2026년 도입)","9988 서울 프로젝트 리액트 센터(~2035년 중장기 조성), 1인가구 지원 5개년 종합계획(2027~2031 수립 추진)"
11160650,가양2동,,,,,73.87706855791961,71.92954043126348,,84.37869822485207,,58.10650887573964,75.61447333484469,-1,미분류,2.2881489663878805,1.3268465280849182,1.1046236389458737,0,1,1,0,1,1,2,2형: 복합 결핍형,복지·교통,"돌봄SOS, 우리동네돌봄단 안부확인, 서울동행맵, 저상버스·교통약자 이동지원","복지밀도 하위30%, 교통밀도 하위30%",외로움 없는 서울 관계형성 프로그램 / 서울청년기지개센터 집중 발굴 / 서울동행맵·저상버스 등 이동지원 안내,1인가구 건강·이사·마음 동행서비스 / 우리동네돌봄단 안부확인 / 중장년 취업사관학교·50+캠퍼스 연계 / 서울동행맵·마을버스 서비스 개선 활용,돌봄SOS 긴급돌봄·중장기 돌봄서비스 연계 / 9988 서울 프로젝트(리액트 라운지·시니어 동행상점) / 서울동행맵·저상버스·교통약자 이동지원 / 안심돌봄가정 확충 / 시니어 취업사관학교 5개소 연계,현행·지속 + 2026년 신규 시행 중 + 2026년 시행 예정 연계,2026.3 신규 시행·현재 시행 중 / 2026.3Q~4Q 예정,"동 중심 원스톱 통합돌봄(2026.3 신규 시행), 돌봄SOS(현행), 우리동네돌봄단(현행), 서울동행맵(현행·고도화 추진), 저상버스 확대(2026년 추진), 장애인콜택시 증차(2026년 추진), 바우처택시(현행), 1인가구 건강·이사·마음 동행서비스(2026년 통합지원)","서울동행맵 AI 음성 안내(2026년 3분기 예정), 서울동행맵 보행경로 내비게이션(2026년 4분기 예정), 9988 서울 프로젝트 리액트 센터(~2035년 중장기 조성)"
11160660,가양3동,,,,,71.8676122931442,84.9887145607818,,89.11242603550296,,87.2189349112426,72.73318275083852,-1,미분류,0.5318340677708555,2.025829323879463,1.215620726333384,1,1,1,1,0,0,3,3형: 삼중 결핍형,의료·복지·교통,"동 중심 원스톱 통합돌봄, 돌봄SOS, 외로움 없는 서울(서울마음편의점·서울잇다플레이스), 고립가구 위기정보 기반 발굴·우리동네돌봄단, 1인가구 건강·이사·마음 동행서비스, 서울동행맵·저상버스·교통약자 이동지원, 자치구 마음상담소·심리상담바우처","의료밀도 하위30%, 복지밀도 중앙값 미만, 교통밀도 중앙값 미만",서울청년기지개센터·기지개LAB 사회진입 지원 / 고립·은둔청년 온라인 서비스·지역거점 우선 안내 / 서울마음편의점·자치구 마음상담소·심리상담바우처 / 외로움 없는 서울 관계형성 프로그램 / 서울동행맵 이동 안내 / 365 서울챌린지·참여형 안부확인 적립금 연계,행정정보 기반 위기가구 선제 발굴 우선지역 지정 / 우리동네돌봄단 안부확인 / 1인가구 건강·이사·마음 동행서비스 / 중장년 취업사관학교(50+캠퍼스) 원스톱 취업지원 / 자치구 마음상담소·심리상담바우처 / 서울동행맵·저상버스·교통약자 이동지원 안내 / 손목닥터9988 우울·불안 자가검진 안내 / 365 서울챌린지·참여형 안부확인 적립금 연계,동 중심 원스톱 통합돌봄 우선 적용 / 돌봄SOS 긴급돌봄·중장기 돌봄연계 / 9988 서울 프로젝트(리액트 센터·라운지·시니어 동행상점·어르신 일자리) / 서울건강장수센터·방문건강관리 / 서울동행맵·저상버스·장애인콜택시 이동지원 / 어르신 돌봄시설 확충 우선 검토 / 손목닥터9988 우울·불안 자가검진 연계 / 365 서울챌린지·참여형 안부확인 적립금 연계 / 시니어 취업사관학교 5개소 연계,현행·지속 + 2026년 신규 시행 중 + 2026년 시행 예정 연계,2026.3 신규 시행·현재 시행 중 / 2026.3Q~4Q 예정,"동 중심 원스톱 통합돌봄(2026.3 신규 시행), 돌봄SOS(현행), 외로움 없는 서울(현행·확대), 우리동네돌봄단(현행), 고립가구 위기정보 기반 발굴 시스템(2026년 도입), 1인가구 건강·이사·마음 동행서비스(2026년 통합지원), 서울건강장수센터(2026년 33개소 확대), 방문건강관리(현행), 자치구 마음상담소(현행·확대), 심리상담바우처(현행·확대), 손목닥터9988(2026년 확대), 365 서울챌린지(2026년 추진), 참여형 안부확인 적립금(2026년 추진), 저상버스 확대(2026년 추진), 장애인콜택시 증차(2026년 추진), 바우처택시(현행)","서울동행맵 AI 음성 안내(2026년 3분기 예정), 서울동행맵 보행경로 내비게이션(2026년 4분기 예정), 9988 서울 프로젝트 리액트 센터(~2035년 중장기 조성)"
11160670,발산1동,,,,,33.92434988179669,44.79842527337564,,17.751479289940832,,27.100591715976336,21.53654003179273,-1,미분류,3.687315634218289,4.446914952751529,2.071920213513134,0,0,0,0,0,0,0,0형: 인프라 양호형,없음,"외로움 없는 서울, 1인가구 맞춤형 지원, 마음건강서비스 안내 및 정기 모니터링",인프라 상대 양호,서울마음편의점·외로움 없는 서울 관계형성 프로그램 안내 / 정기 모니터링 / 365 서울챌린지·참여형 안부확인 적립금 연계,1인가구 건강·이사·마음 동행서비스 안내 / 정기 모니터링 / 365 서울챌린지·참여형 안부확인 적립금 연계,노인맞춤돌봄서비스 안내 / 9988 서울 프로젝트 정보 제공 / 정기 모니터링 / 365 서울챌린지·참여형 안부확인 적립금 연계 / 시니어 취업사관학교 5개소 연계,현행·지속 운영 + 정기 모니터링,2026년 지속,"외로움 없는 서울(현행·확대), 우리동네돌봄단(현행), 1인가구 건강·이사·마음 동행서비스(2026년 통합지원)",1인가구 지원 5개년 종합계획(2027~2031 수립 추진)
11160690,공항동,37.42332246735815,33.20306136289126,42.19108063965213,35.446310137384025,20.212765957446805,55.62238514225656,28.024974399765657,13.37278106508876,33.17113941588228,28.875739644970423,56.55631973496895,3,생활안정형,1.468668407310705,2.440106477373558,2.5701697127937333,1,0,0,0,0,0,1,1형: 단일 결핍형,의료,"서울건강장수센터·방문건강관리, 자치구 마음상담소·심리상담바우처, 공공의료 접근성 안내",의료밀도 중앙값 미만,자치구 마음상담소·심리상담바우처 / 고립·은둔청년 온라인 진입 서비스 안내,행정정보 기반 위기가구 선제 발굴 / 자치구 마음상담소·심리상담바우처 / 손목닥터9988 우울·불안 자가검진 안내,서울건강장수센터·방문건강관리 연계 / 돌봄SOS 안내 / 손목닥터9988 우울·불안 자가검진 연계,현행·지속 + 2026년 확대 추진 중,2026년 확대 추진 중,"서울건강장수센터(2026년 33개소 확대), 방문건강관리(현행), 자치구 마음상담소(현행·확대), 심리상담바우처(현행·확대), 손목닥터9988(2026년 확대)","서울동행맵 AI 음성 안내(2026년 3분기 예정), 서울동행맵 보행경로 내비게이션(2026년 4분기 예정)"
11160700,방화1동,48.95547452829437,42.14568002351912,31.21080357549924,17.29741067543873,42.78959810874704,70.95038287426951,13.916391765506283,27.45562130177516,23.13241126665241,25.91715976331362,38.91847867779776,3,생활안정형,1.9887591872027668,3.969340268272653,1.325839458135178,0,0,1,0,0,0,1,1형: 단일 결핍형,교통,"서울동행맵, 저상버스·교통약자 이동지원, 마을버스 서비스 개선",교통밀도 중앙값 미만,서울동행맵 이동지원 안내 / 외로움 없는 서울 프로그램 연계,서울동행맵·저상버스 이동지원 안내 / 중장년 취업사관학교·50+캠퍼스 연계,서울동행맵(AI 음성안내·보행경로) 우선 안내 / 저상버스·장애인콜택시·바우처택시 이동지원,현행·지속 + 2026년 확대 추진 중 + 2026년 시행 예정 연계,2026년 확대 추진 중 / 2026.3Q~4Q 예정,"서울동행맵(현행·고도화 추진), 저상버스 확대(2026년 추진), 장애인콜택시 증차(2026년 추진), 바우처택시(현행), 마을버스 서비스 개선(2026년 추진)","서울동행맵 AI 음성 안내(2026년 3분기 예정), 서울동행맵 보행경로 내비게이션(2026년 4분기 예정)"
11160710,방화2동,46.57446896111503,46.05324315467391,45.34098366132832,41.268429631069154,23.286052009456256,72.51590557779674,39.08055846392987,23.07692307692308,50.43490048749061,25.44378698224854,58.55261804454046,0,1인가구 집중형,1.0765842916564718,2.707406691162251,1.7127477367262052,1,0,0,0,0,0,1,1형: 단일 결핍형,의료,"서울건강장수센터·방문건강관리, 자치구 마음상담소·심리상담바우처, 공공의료 접근성 안내",의료밀도 중앙값 미만,자치구 마음상담소·심리상담바우처 / 고립·은둔청년 온라인 진입 서비스 안내,행정정보 기반 위기가구 선제 발굴 / 자치구 마음상담소·심리상담바우처 / 손목닥터9988 우울·불안 자가검진 안내,서울건강장수센터·방문건강관리 연계 / 돌봄SOS 안내 / 손목닥터9988 우울·불안 자가검진 연계,현행·지속 + 2026년 확대 추진 중,2026년 확대 추진 중,"서울건강장수센터(2026년 33개소 확대), 방문건강관리(현행), 자치구 마음상담소(현행·확대), 심리상담바우처(현행·확대), 손목닥터9988(2026년 확대)","서울동행맵 AI 음성 안내(2026년 3분기 예정), 서울동행맵 보행경로 내비게이션(2026년 4분기 예정)"
11160730,화곡1동,52.344641312744415,52.050917410217984,46.6164599538646,47.23502332765607,21.276595744680847,85.96749587335215,40.74563080734414,23.78698224852073,37.49360607629784,15.266272189349124,75.05454104962853,0,1인가구 집중형,1.4952791899859017,1.7642518469511523,0.6408339385653864,1,1,1,0,1,1,3,3형: 삼중 결핍형,의료·복지·교통,"동 중심 원스톱 통합돌봄, 돌봄SOS, 외로움 없는 서울(서울마음편의점·서울잇다플레이스), 고립가구 위기정보 기반 발굴·우리동네돌봄단, 1인가구 건강·이사·마음 동행서비스, 서울동행맵·저상버스·교통약자 이동지원, 자치구 마음상담소·심리상담바우처","의료밀도 중앙값 미만, 복지밀도 하위30%, 교통밀도 하위30%",서울청년기지개센터·기지개LAB 사회진입 지원 / 고립·은둔청년 온라인 서비스·지역거점 우선 안내 / 서울마음편의점·자치구 마음상담소·심리상담바우처 / 외로움 없는 서울 관계형성 프로그램 / 서울동행맵 이동 안내 / 365 서울챌린지·참여형 안부확인 적립금 연계,행정정보 기반 위기가구 선제 발굴 우선지역 지정 / 우리동네돌봄단 안부확인 / 1인가구 건강·이사·마음 동행서비스 / 중장년 취업사관학교(50+캠퍼스) 원스톱 취업지원 / 자치구 마음상담소·심리상담바우처 / 서울동행맵·저상버스·교통약자 이동지원 안내 / 손목닥터9988 우울·불안 자가검진 안내 / 365 서울챌린지·참여형 안부확인 적립금 연계,동 중심 원스톱 통합돌봄 우선 적용 / 돌봄SOS 긴급돌봄·중장기 돌봄연계 / 9988 서울 프로젝트(리액트 센터·라운지·시니어 동행상점·어르신 일자리) / 서울건강장수센터·방문건강관리 / 서울동행맵·저상버스·장애인콜택시 이동지원 / 어르신 돌봄시설 확충 우선 검토 / 손목닥터9988 우울·불안 자가검진 연계 / 365 서울챌린지·참여형 안부확인 적립금 연계 / 시니어 취업사관학교 5개소 연계,현행·지속 + 2026년 신규 시행 중 + 2026년 시행 예정 연계,2026.3 신규 시행·현재 시행 중 / 2026.3Q~4Q 예정,"동 중심 원스톱 통합돌봄(2026.3 신규 시행), 돌봄SOS(현행), 외로움 없는 서울(현행·확대), 우리동네돌봄단(현행), 고립가구 위기정보 기반 발굴 시스템(2026년 도입), 1인가구 건강·이사·마음 동행서비스(2026년 통합지원), 서울건강장수센터(2026년 33개소 확대), 방문건강관리(현행), 자치구 마음상담소(현행·확대), 심리상담바우처(현행·확대), 손목닥터9988(2026년 확대), 365 서울챌린지(2026년 추진), 참여형 안부확인 적립금(2026년 추진), 저상버스 확대(2026년 추진), 장애인콜택시 증차(2026년 추진), 바우처택시(현행)","서울동행맵 AI 음성 안내(2026년 3분기 예정), 서울동행맵 보행경로 내비게이션(2026년 4분기 예정), 9988 서울 프로젝트 리액트 센터(~2035년 중장기 조성)"
11160740,우장산동,51.11585159836669,47.73319183072756,49.89871406317808,8.540089166182167,39.12529550827423,84.3942889045514,7.628860634475785,31.12426035502959,19.44631724876769,36.56804733727811,73.80140898972711,3,생활안정형,1.3365182278337029,1.8393623543838136,0.8246601831314339,1,1,1,0,0,1,3,3형: 삼중 결핍형,의료·복지·교통,"동 중심 원스톱 통합돌봄, 돌봄SOS, 외로움 없는 서울(서울마음편의점·서울잇다플레이스), 고립가구 위기정보 기반 발굴·우리동네돌봄단, 1인가구 건강·이사·마음 동행서비스, 서울동행맵·저상버스·교통약자 이동지원, 자치구 마음상담소·심리상담바우처","의료밀도 중앙값 미만, 복지밀도 중앙값 미만, 교통밀도 하위30%",서울청년기지개센터·기지개LAB 사회진입 지원 / 고립·은둔청년 온라인 서비스·지역거점 우선 안내 / 서울마음편의점·자치구 마음상담소·심리상담바우처 / 외로움 없는 서울 관계형성 프로그램 / 서울동행맵 이동 안내 / 365 서울챌린지·참여형 안부확인 적립금 연계,행정정보 기반 위기가구 선제 발굴 우선지역 지정 / 우리동네돌봄단 안부확인 / 1인가구 건강·이사·마음 동행서비스 / 중장년 취업사관학교(50+캠퍼스) 원스톱 취업지원 / 자치구 마음상담소·심리상담바우처 / 서울동행맵·저상버스·교통약자 이동지원 안내 / 손목닥터9988 우울·불안 자가검진 안내 / 365 서울챌린지·참여형 안부확인 적립금 연계,동 중심 원스톱 통합돌봄 우선 적용 / 돌봄SOS 긴급돌봄·중장기 돌봄연계 / 9988 서울 프로젝트(리액트 센터·라운지·시니어 동행상점·어르신 일자리) / 서울건강장수센터·방문건강관리 / 서울동행맵·저상버스·장애인콜택시 이동지원 / 어르신 돌봄시설 확충 우선 검토 / 손목닥터9988 우울·불안 자가검진 연계 / 365 서울챌린지·참여형 안부확인 적립금 연계 / 시니어 취업사관학교 5개소 연계,현행·지속 + 2026년 신규 시행 중 + 2026년 시행 예정 연계,2026.3 신규 시행·현재 시행 중 / 2026.3Q~4Q 예정,"동 중심 원스톱 통합돌봄(2026.3 신규 시행), 돌봄SOS(현행), 외로움 없는 서울(현행·확대), 우리동네돌봄단(현행), 고립가구 위기정보 기반 발굴 시스템(2026년 도입), 1인가구 건강·이사·마음 동행서비스(2026년 통합지원), 서울건강장수센터(2026년 33개소 확대), 방문건강관리(현행), 자치구 마음상담소(현행·확대), 심리상담바우처(현행·확대), 손목닥터9988(2026년 확대), 365 서울챌린지(2026년 추진), 참여형 안부확인 적립금(2026년 추진), 저상버스 확대(2026년 추진), 장애인콜택시 증차(2026년 추진), 바우처택시(현행)","서울동행맵 AI 음성 안내(2026년 3분기 예정), 서울동행맵 보행경로 내비게이션(2026년 4분기 예정), 9988 서울 프로젝트 리액트 센터(~2035년 중장기 조성)"
11160751,가양1동,37.120622455993626,31.419209319879126,18.76243525448654,74.26990914621658,3.900709219858157,51.76589234701761,43.86011989352606,4.852071005917168,19.10640646815816,16.568047337278102,20.316305317350164,1,도심상업형,3.232062055591467,5.154639175257732,1.874595992243051,0,0,0,0,0,0,0,0형: 인프라 양호형,없음,"외로움 없는 서울, 1인가구 맞춤형 지원, 마음건강서비스 안내 및 정기 모니터링",인프라 상대 양호,서울마음편의점·외로움 없는 서울 관계형성 프로그램 안내 / 정기 모니터링 / 365 서울챌린지·참여형 안부확인 적립금 연계,1인가구 건강·이사·마음 동행서비스 안내 / 정기 모니터링 / 365 서울챌린지·참여형 안부확인 적립금 연계,노인맞춤돌봄서비스 안내 / 9988 서울 프로젝트 정보 제공 / 정기 모니터링 / 365 서울챌린지·참여형 안부확인 적립금 연계 / 시니어 취업사관학교 5개소 연계,현행·지속 운영 + 정기 모니터링,2026년 지속,"외로움 없는 서울(현행·확대), 우리동네돌봄단(현행), 1인가구 건강·이사·마음 동행서비스(2026년 통합지원)",1인가구 지원 5개년 종합계획(2027~2031 수립 추진)
11160761,방화3동,,,,,83.451536643026,88.66475177208484,,79.05325443786982,,69.94082840236686,58.351949040712,-1,미분류,0.5605952502293344,3.1309793007479563,0.9683008867597594,1,0,1,1,0,1,2,2형: 복합 결핍형,의료·교통,"서울건강장수센터·방문건강관리, 서울동행맵, 저상버스·교통약자 이동지원, 마을버스 서비스 개선","의료밀도 하위30%, 교통밀도 하위30%",고립·은둔청년 온라인 진입 서비스 및 지역거점 15개소 우선 안내 / 자치구 마음상담소·심리상담바우처 / 서울동행맵 기반 이동지원 안내,행정정보 기반 위기가구 선제 발굴 우선지역 지정 / 중장년 취업사관학교·50+캠퍼스 상담·훈련·취업·사후관리 / 서울동행맵·저상버스 이동지원 안내 / 자치구 마음상담소 연계 / 손목닥터9988 우울·불안 자가검진 안내,서울건강장수센터·방문건강관리 연계 / 서울동행맵(AI 음성안내·보행경로) 우선 안내 / 저상버스·장애인콜택시·바우처택시 이동지원 / 9988 서울 프로젝트 우리동네 리액트 라운지 연계 / 손목닥터9988 우울·불안 자가검진 연계,현행·지속 + 2026년 확대 추진 중 + 2026년 시행 예정 연계,2026년 확대 추진 중 / 2026.3Q~4Q 예정,"서울건강장수센터(2026년 33개소 확대), 방문건강관리(현행), 서울동행맵(현행·고도화 추진), 저상버스 확대(2026년 추진), 장애인콜택시 증차(2026년 추진), 바우처택시(현행), 마을버스 서비스 개선(2026년 추진), 손목닥터9988(2026년 확대), 자치구 마음상담소(현행·확대)","서울동행맵 AI 음성 안내(2026년 3분기 예정), 서울동행맵 보행경로 내비게이션(2026년 4분기 예정)"
11170510,신도림동,43.028757417102334,40.78336565569974,34.20564931496708,20.869625279702813,22.340425531914903,74.79665537098951,12.193340021726708,21.065088757396467,10.672492070705788,33.72781065088759,45.036482606700574,3,생활안정형,1.8432550518842163,3.631498470948012,1.1605679956308028,0,0,1,0,0,0,1,1형: 단일 결핍형,교통,"서울동행맵, 저상버스·교통약자 이동지원, 마을버스 서비스 개선",교통밀도 중앙값 미만,서울동행맵 이동지원 안내 / 외로움 없는 서울 프로그램 연계,서울동행맵·저상버스 이동지원 안내 / 중장년 취업사관학교·50+캠퍼스 연계,서울동행맵(AI 음성안내·보행경로) 우선 안내 / 저상버스·장애인콜택시·바우처택시 이동지원,현행·지속 + 2026년 확대 추진 중 + 2026년 시행 예정 연계,2026년 확대 추진 중 / 2026.3Q~4Q 예정,"서울동행맵(현행·고도화 추진), 저상버스 확대(2026년 추진), 장애인콜택시 증차(2026년 추진), 바우처택시(현행), 마을버스 서비스 개선(2026년 추진)","서울동행맵 AI 음성 안내(2026년 3분기 예정), 서울동행맵 보행경로 내비게이션(2026년 4분기 예정)"
11170520,구로1동,66.90574035452448,67.09442151617998,52.97340360630199,20.234592750720985,73.87706855791961,83.26998595303107,15.559354609749011,76.68639053254438,13.942845783033537,90.76923076923076,40.92356373436559,2,활동적 도심형,0.7041840267589929,4.245591116917048,1.232322046828238,1,0,1,1,0,0,2,2형: 복합 결핍형,의료·교통,"서울건강장수센터·방문건강관리, 서울동행맵, 저상버스·교통약자 이동지원, 마을버스 서비스 개선","의료밀도 하위30%, 교통밀도 중앙값 미만",고립·은둔청년 온라인 진입 서비스 및 지역거점 15개소 우선 안내 / 자치구 마음상담소·심리상담바우처 / 서울동행맵 기반 이동지원 안내,행정정보 기반 위기가구 선제 발굴 우선지역 지정 / 중장년 취업사관학교·50+캠퍼스 상담·훈련·취업·사후관리 / 서울동행맵·저상버스 이동지원 안내 / 자치구 마음상담소 연계 / 손목닥터9988 우울·불안 자가검진 안내,서울건강장수센터·방문건강관리 연계 / 서울동행맵(AI 음성안내·보행경로) 우선 안내 / 저상버스·장애인콜택시·바우처택시 이동지원 / 9988 서울 프로젝트 우리동네 리액트 라운지 연계 / 손목닥터9988 우울·불안 자가검진 연계,현행·지속 + 2026년 확대 추진 중 + 2026년 시행 예정 연계,2026년 확대 추진 중 / 2026.3Q~4Q 예정,"서울건강장수센터(2026년 33개소 확대), 방문건강관리(현행), 서울동행맵(현행·고도화 추진), 저상버스 확대(2026년 추진), 장애인콜택시 증차(2026년 추진), 바우처택시(현행), 마을버스 서비스 개선(2026년 추진), 손목닥터9988(2026년 확대), 자치구 마음상담소(현행·확대)","서울동행맵 AI 음성 안내(2026년 3분기 예정), 서울동행맵 보행경로 내비게이션(2026년 4분기 예정)"
11170540,구로3동,33.226206454794635,29.60737920453596,33.85709083406275,65.09721296461292,4.255319148936167,46.261590505743946,45.80957299935756,4.852071005917168,31.50549413051661,17.51479289940829,47.612921095925614,1,도심상업형,2.852117697390312,2.712232167073501,2.4243000427817654,0,0,0,0,0,0,0,0형: 인프라 양호형,없음,"외로움 없는 서울, 1인가구 맞춤형 지원, 마음건강서비스 안내 및 정기 모니터링",인프라 상대 양호,서울마음편의점·외로움 없는 서울 관계형성 프로그램 안내 / 정기 모니터링 / 365 서울챌린지·참여형 안부확인 적립금 연계,1인가구 건강·이사·마음 동행서비스 안내 / 정기 모니터링 / 365 서울챌린지·참여형 안부확인 적립금 연계,노인맞춤돌봄서비스 안내 / 9988 서울 프로젝트 정보 제공 / 정기 모니터링 / 365 서울챌린지·참여형 안부확인 적립금 연계 / 시니어 취업사관학교 5개소 연계,현행·지속 운영 + 정기 모니터링,2026년 지속,"외로움 없는 서울(현행·확대), 우리동네돌봄단(현행), 1인가구 건강·이사·마음 동행서비스(2026년 통합지원)",1인가구 지원 5개년 종합계획(2027~2031 수립 추진)
11170550,구로4동,61.30142842299651,50.73481371803713,49.444553227741096,37.04040467754346,63.59338061465721,71.13998810406234,41.5716071749604,34.91124260355029,48.04700324725599,43.19526627218935,54.92624307338584,0,1인가구 집중형,2.718334297281665,2.739148756847872,0.9253903990746096,0,0,1,0,0,1,1,1형: 단일 결핍형,교통,"서울동행맵, 저상버스·교통약자 이동지원, 마을버스 서비스 개선",교통밀도 하위30%,서울동행맵 이동지원 안내 / 외로움 없는 서울 프로그램 연계,서울동행맵·저상버스 이동지원 안내 / 중장년 취업사관학교·50+캠퍼스 연계,서울동행맵(AI 음성안내·보행경로) 우선 안내 / 저상버스·장애인콜택시·바우처택시 이동지원,현행·지속 + 2026년 확대 추진 중 + 2026년 시행 예정 연계,2026년 확대 추진 중 / 2026.3Q~4Q 예정,"서울동행맵(현행·고도화 추진), 저상버스 확대(2026년 추진), 장애인콜택시 증차(2026년 추진), 바우처택시(현행), 마을버스 서비스 개선(2026년 추진)","서울동행맵 AI 음성 안내(2026년 3분기 예정), 서울동행맵 보행경로 내비게이션(2026년 4분기 예정)"
11170560,구로5동,43.84081838435635,39.520138208821365,28.292207233914127,49.86169266736111,12.174940898345156,72.49625872886517,35.56675346803328,8.520710059171591,31.803493440775178,7.218934911242641,43.121958504053694,3,생활안정형,1.790885535741503,3.725490196078432,1.333638164913885,0,0,1,0,0,0,1,1형: 단일 결핍형,교통,"서울동행맵, 저상버스·교통약자 이동지원, 마을버스 서비스 개선",교통밀도 중앙값 미만,서울동행맵 이동지원 안내 / 외로움 없는 서울 프로그램 연계,서울동행맵·저상버스 이동지원 안내 / 중장년 취업사관학교·50+캠퍼스 연계,서울동행맵(AI 음성안내·보행경로) 우선 안내 / 저상버스·장애인콜택시·바우처택시 이동지원,현행·지속 + 2026년 확대 추진 중 + 2026년 시행 예정 연계,2026년 확대 추진 중 / 2026.3Q~4Q 예정,"서울동행맵(현행·고도화 추진), 저상버스 확대(2026년 추진), 장애인콜택시 증차(2026년 추진), 바우처택시(현행), 마을버스 서비스 개선(2026년 추진)","서울동행맵 AI 음성 안내(2026년 3분기 예정), 서울동행맵 보행경로 내비게이션(2026년 4분기 예정)"
11170610,고척1동,46.78469876514792,44.99532937791467,31.783745806404387,19.99441382157898,33.451536643026,73.5130033590543,19.252415319393737,29.34911242603552,25.44119329019969,31.834319526627223,34.56332292009982,3,생활안정형,1.6223089402376465,4.380475594493117,1.3592318147937037,0,0,1,0,0,0,1,1형: 단일 결핍형,교통,"서울동행맵, 저상버스·교통약자 이동지원, 마을버스 서비스 개선",교통밀도 중앙값 미만,서울동행맵 이동지원 안내 / 외로움 없는 서울 프로그램 연계,서울동행맵·저상버스 이동지원 안내 / 중장년 취업사관학교·50+캠퍼스 연계,서울동행맵(AI 음성안내·보행경로) 우선 안내 / 저상버스·장애인콜택시·바우처택시 이동지원,현행·지속 + 2026년 확대 추진 중 + 2026년 시행 예정 연계,2026년 확대 추진 중 / 2026.3Q~4Q 예정,"서울동행맵(현행·고도화 추진), 저상버스 확대(2026년 추진), 장애인콜택시 증차(2026년 추진), 바우처택시(현행), 마을버스 서비스 개선(2026년 추진)","서울동행맵 AI 음성 안내(2026년 3분기 예정), 서울동행맵 보행경로 내비게이션(2026년 4분기 예정)"
11170620,고척2동,67.87814197957195,65.54682236911295,61.01453009123803,15.052784779373155,90.66193853427896,71.50702402496432,22.11651349977807,81.30177514792899,35.245230839738035,78.34319526627219,58.98970128910036,2,활동적 도심형,1.417622823727462,2.613240418118467,1.5948256766933946,1,0,0,0,0,0,1,1형: 단일 결핍형,의료,"서울건강장수센터·방문건강관리, 자치구 마음상담소·심리상담바우처, 공공의료 접근성 안내",의료밀도 중앙값 미만,자치구 마음상담소·심리상담바우처 / 고립·은둔청년 온라인 진입 서비스 안내,행정정보 기반 위기가구 선제 발굴 / 자치구 마음상담소·심리상담바우처 / 손목닥터9988 우울·불안 자가검진 안내,서울건강장수센터·방문건강관리 연계 / 돌봄SOS 안내 / 손목닥터9988 우울·불안 자가검진 연계,현행·지속 + 2026년 확대 추진 중,2026년 확대 추진 중,"서울건강장수센터(2026년 33개소 확대), 방문건강관리(현행), 자치구 마음상담소(현행·확대), 심리상담바우처(현행·확대), 손목닥터9988(2026년 확대)","서울동행맵 AI 음성 안내(2026년 3분기 예정), 서울동행맵 보행경로 내비게이션(2026년 4분기 예정)"
11170640,개봉2동,61.774195391506645,60.88387639780613,54.491817723007216,19.160189448191883,61.5839243498818,83.27146940478886,15.509579274127432,61.18343195266272,19.19280198835232,47.45562130177515,75.65286637714546,2,활동적 도심형,1.223381886301946,1.6963528413910094,0.9557670986733952,1,1,1,0,1,1,3,3형: 삼중 결핍형,의료·복지·교통,"동 중심 원스톱 통합돌봄, 돌봄SOS, 외로움 없는 서울(서울마음편의점·서울잇다플레이스), 고립가구 위기정보 기반 발굴·우리동네돌봄단, 1인가구 건강·이사·마음 동행서비스, 서울동행맵·저상버스·교통약자 이동지원, 자치구 마음상담소·심리상담바우처","의료밀도 중앙값 미만, 복지밀도 하위30%, 교통밀도 하위30%",서울청년기지개센터·기지개LAB 사회진입 지원 / 고립·은둔청년 온라인 서비스·지역거점 우선 안내 / 서울마음편의점·자치구 마음상담소·심리상담바우처 / 외로움 없는 서울 관계형성 프로그램 / 서울동행맵 이동 안내 / 365 서울챌린지·참여형 안부확인 적립금 연계,행정정보 기반 위기가구 선제 발굴 우선지역 지정 / 우리동네돌봄단 안부확인 / 1인가구 건강·이사·마음 동행서비스 / 중장년 취업사관학교(50+캠퍼스) 원스톱 취업지원 / 자치구 마음상담소·심리상담바우처 / 서울동행맵·저상버스·교통약자 이동지원 안내 / 손목닥터9988 우울·불안 자가검진 안내 / 365 서울챌린지·참여형 안부확인 적립금 연계,동 중심 원스톱 통합돌봄 우선 적용 / 돌봄SOS 긴급돌봄·중장기 돌봄연계 / 9988 서울 프로젝트(리액트 센터·라운지·시니어 동행상점·어르신 일자리) / 서울건강장수센터·방문건강관리 / 서울동행맵·저상버스·장애인콜택시 이동지원 / 어르신 돌봄시설 확충 우선 검토 / 손목닥터9988 우울·불안 자가검진 연계 / 365 서울챌린지·참여형 안부확인 적립금 연계 / 시니어 취업사관학교 5개소 연계,현행·지속 + 2026년 신규 시행 중 + 2026년 시행 예정 연계,2026.3 신규 시행·현재 시행 중 / 2026.3Q~4Q 예정,"동 중심 원스톱 통합돌봄(2026.3 신규 시행), 돌봄SOS(현행), 외로움 없는 서울(현행·확대), 우리동네돌봄단(현행), 고립가구 위기정보 기반 발굴 시스템(2026년 도입), 1인가구 건강·이사·마음 동행서비스(2026년 통합지원), 서울건강장수센터(2026년 33개소 확대), 방문건강관리(현행), 자치구 마음상담소(현행·확대), 심리상담바우처(현행·확대), 손목닥터9988(2026년 확대), 365 서울챌린지(2026년 추진), 참여형 안부확인 적립금(2026년 추진), 저상버스 확대(2026년 추진), 장애인콜택시 증차(2026년 추진), 바우처택시(현행)","서울동행맵 AI 음성 안내(2026년 3분기 예정), 서울동행맵 보행경로 내비게이션(2026년 4분기 예정), 9988 서울 프로젝트 리액트 센터(~2035년 중장기 조성)"
11170650,개봉3동,58.70466810073587,51.91315013801016,51.75440332769623,12.193588929303356,60.52009456264776,80.14478122454024,20.69630658416556,39.28994082840237,29.322631713235808,35.14792899408285,74.64022630471126,3,생활안정형,1.0283951322630407,1.7252533965926249,1.2569273838770496,1,1,1,1,1,0,3,3형: 삼중 결핍형,의료·복지·교통,"동 중심 원스톱 통합돌봄, 돌봄SOS, 외로움 없는 서울(서울마음편의점·서울잇다플레이스), 고립가구 위기정보 기반 발굴·우리동네돌봄단, 1인가구 건강·이사·마음 동행서비스, 서울동행맵·저상버스·교통약자 이동지원, 자치구 마음상담소·심리상담바우처","의료밀도 하위30%, 복지밀도 하위30%, 교통밀도 중앙값 미만",서울청년기지개센터·기지개LAB 사회진입 지원 / 고립·은둔청년 온라인 서비스·지역거점 우선 안내 / 서울마음편의점·자치구 마음상담소·심리상담바우처 / 외로움 없는 서울 관계형성 프로그램 / 서울동행맵 이동 안내 / 365 서울챌린지·참여형 안부확인 적립금 연계,행정정보 기반 위기가구 선제 발굴 우선지역 지정 / 우리동네돌봄단 안부확인 / 1인가구 건강·이사·마음 동행서비스 / 중장년 취업사관학교(50+캠퍼스) 원스톱 취업지원 / 자치구 마음상담소·심리상담바우처 / 서울동행맵·저상버스·교통약자 이동지원 안내 / 손목닥터9988 우울·불안 자가검진 안내 / 365 서울챌린지·참여형 안부확인 적립금 연계,동 중심 원스톱 통합돌봄 우선 적용 / 돌봄SOS 긴급돌봄·중장기 돌봄연계 / 9988 서울 프로젝트(리액트 센터·라운지·시니어 동행상점·어르신 일자리) / 서울건강장수센터·방문건강관리 / 서울동행맵·저상버스·장애인콜택시 이동지원 / 어르신 돌봄시설 확충 우선 검토 / 손목닥터9988 우울·불안 자가검진 연계 / 365 서울챌린지·참여형 안부확인 적립금 연계 / 시니어 취업사관학교 5개소 연계,현행·지속 + 2026년 신규 시행 중 + 2026년 시행 예정 연계,2026.3 신규 시행·현재 시행 중 / 2026.3Q~4Q 예정,"동 중심 원스톱 통합돌봄(2026.3 신규 시행), 돌봄SOS(현행), 외로움 없는 서울(현행·확대), 우리동네돌봄단(현행), 고립가구 위기정보 기반 발굴 시스템(2026년 도입), 1인가구 건강·이사·마음 동행서비스(2026년 통합지원), 서울건강장수센터(2026년 33개소 확대), 방문건강관리(현행), 자치구 마음상담소(현행·확대), 심리상담바우처(현행·확대), 손목닥터9988(2026년 확대), 365 서울챌린지(2026년 추진), 참여형 안부확인 적립금(2026년 추진), 저상버스 확대(2026년 추진), 장애인콜택시 증차(2026년 추진), 바우처택시(현행)","서울동행맵 AI 음성 안내(2026년 3분기 예정), 서울동행맵 보행경로 내비게이션(2026년 4분기 예정), 9988 서울 프로젝트 리액트 센터(~2035년 중장기 조성)"
11170670,오류1동,66.03506073549386,68.6590810554961,46.1060085518677,56.69526047208545,53.42789598108747,83.31212562160444,40.576479478058666,68.04733727810651,37.51882569505684,58.57988165680474,40.22063296216595,0,1인가구 집중형,1.7415703159015046,4.171494785631518,0.6772773450728073,0,0,1,0,0,1,1,1형: 단일 결핍형,교통,"서울동행맵, 저상버스·교통약자 이동지원, 마을버스 서비스 개선",교통밀도 하위30%,서울동행맵 이동지원 안내 / 외로움 없는 서울 프로그램 연계,서울동행맵·저상버스 이동지원 안내 / 중장년 취업사관학교·50+캠퍼스 연계,서울동행맵(AI 음성안내·보행경로) 우선 안내 / 저상버스·장애인콜택시·바우처택시 이동지원,현행·지속 + 2026년 확대 추진 중 + 2026년 시행 예정 연계,2026년 확대 추진 중 / 2026.3Q~4Q 예정,"서울동행맵(현행·고도화 추진), 저상버스 확대(2026년 추진), 장애인콜택시 증차(2026년 추진), 바우처택시(현행), 마을버스 서비스 개선(2026년 추진)","서울동행맵 AI 음성 안내(2026년 3분기 예정), 서울동행맵 보행경로 내비게이션(2026년 4분기 예정)"
11170690,수궁동,62.40496934091094,58.94349440980376,57.23829841365741,15.344779159720318,76.59574468085106,71.74428909156612,20.341319901389472,65.44378698224853,33.82410365418658,59.05325443786983,66.2329747323681,2,활동적 도심형,0.4037549207630967,2.2222222222222223,2.119713334006258,1,1,0,1,0,0,2,2형: 복합 결핍형,의료·복지,"동 중심 원스톱 통합돌봄, 돌봄SOS, 자치구 마음상담소·심리상담바우처, 1인가구 건강·마음 동행서비스, 고립가구 위기정보 기반 발굴","의료밀도 하위30%, 복지밀도 중앙값 미만",서울청년기지개센터·기지개LAB 기반 사회진입 지원 / 서울마음편의점·자치구 마음상담소·심리상담바우처 연계 / 외로움 없는 서울 관계형성 프로그램 / 고립·은둔청년 온라인 진입 서비스 우선 안내,행정정보 기반 위기가구 선제 발굴(실직·폐업·이혼 등) 우선지역 지정 / 1인가구 건강·이사·마음 동행서비스 / 중장년 취업사관학교(50+캠퍼스) 원스톱 취업지원 연계 / 자치구 마음상담소·심리상담바우처 / 손목닥터9988 우울·불안 자가검진 안내,동 중심 원스톱 통합돌봄 우선 적용 / 돌봄SOS 긴급돌봄·중장기 돌봄서비스 연계 / 서울건강장수센터·방문건강관리 / 노인맞춤돌봄서비스 중점돌봄군 우선 지정 / 어르신 돌봄시설 확충 우선 검토 / 손목닥터9988 우울·불안 자가검진 연계,현행·지속 + 2026년 신규 시행 중,2026.3 신규 시행·현재 시행 중 / 2026년 확대 추진 중,"동 중심 원스톱 통합돌봄(2026.3 신규 시행), 돌봄SOS(현행), 우리동네돌봄단(현행), 서울건강장수센터(2026년 33개소 확대), 방문건강관리(현행), 자치구 마음상담소(현행·확대), 심리상담바우처(현행·확대), 손목닥터9988(2026년 확대), 1인가구 건강·이사·마음 동행서비스(2026년 통합지원), 고립가구 위기정보 기반 발굴 시스템(2026년 도입)","9988 서울 프로젝트 리액트 센터(~2035년 중장기 조성), 1인가구 지원 5개년 종합계획(2027~2031 수립 추진)"
11170700,가리봉동,83.62825980184388,84.2410559738332,84.52056050798838,76.19554129034569,91.96217494089836,79.01070391853852,69.81109096700015,96.68639053254438,73.79954469390056,99.5266272189349,77.61407120573567,0,1인가구 집중형,0.8350232613622809,1.5113350125944585,1.4314684480496245,1,1,0,1,1,0,2,2형: 복합 결핍형,의료·복지,"동 중심 원스톱 통합돌봄, 돌봄SOS, 자치구 마음상담소·심리상담바우처, 1인가구 건강·마음 동행서비스, 고립가구 위기정보 기반 발굴","의료밀도 하위30%, 복지밀도 하위30%",서울청년기지개센터·기지개LAB 기반 사회진입 지원 / 서울마음편의점·자치구 마음상담소·심리상담바우처 연계 / 외로움 없는 서울 관계형성 프로그램 / 고립·은둔청년 온라인 진입 서비스 우선 안내,행정정보 기반 위기가구 선제 발굴(실직·폐업·이혼 등) 우선지역 지정 / 1인가구 건강·이사·마음 동행서비스 / 중장년 취업사관학교(50+캠퍼스) 원스톱 취업지원 연계 / 자치구 마음상담소·심리상담바우처 / 손목닥터9988 우울·불안 자가검진 안내,동 중심 원스톱 통합돌봄 우선 적용 / 돌봄SOS 긴급돌봄·중장기 돌봄서비스 연계 / 서울건강장수센터·방문건강관리 / 노인맞춤돌봄서비스 중점돌봄군 우선 지정 / 어르신 돌봄시설 확충 우선 검토 / 손목닥터9988 우울·불안 자가검진 연계,현행·지속 + 2026년 신규 시행 중,2026.3 신규 시행·현재 시행 중 / 2026년 확대 추진 중,"동 중심 원스톱 통합돌봄(2026.3 신규 시행), 돌봄SOS(현행), 우리동네돌봄단(현행), 서울건강장수센터(2026년 33개소 확대), 방문건강관리(현행), 자치구 마음상담소(현행·확대), 심리상담바우처(현행·확대), 손목닥터9988(2026년 확대), 1인가구 건강·이사·마음 동행서비스(2026년 통합지원), 고립가구 위기정보 기반 발굴 시스템(2026년 도입)","9988 서울 프로젝트 리액트 센터(~2035년 중장기 조성), 1인가구 지원 5개년 종합계획(2027~2031 수립 추진)"
11170710,구로2동,39.58748866500712,34.42249904949202,36.09171980127445,35.24440991285508,31.205673758865245,50.14084294722499,42.00832414590948,14.911242603550306,46.84753269063692,20.94674556213019,43.09078292533666,1,도심상업형,3.137671365128403,3.084832904884319,2.0274184205445067,0,0,0,0,0,0,0,0형: 인프라 양호형,없음,"외로움 없는 서울, 1인가구 맞춤형 지원, 마음건강서비스 안내 및 정기 모니터링",인프라 상대 양호,서울마음편의점·외로움 없는 서울 관계형성 프로그램 안내 / 정기 모니터링 / 365 서울챌린지·참여형 안부확인 적립금 연계,1인가구 건강·이사·마음 동행서비스 안내 / 정기 모니터링 / 365 서울챌린지·참여형 안부확인 적립금 연계,노인맞춤돌봄서비스 안내 / 9988 서울 프로젝트 정보 제공 / 정기 모니터링 / 365 서울챌린지·참여형 안부확인 적립금 연계 / 시니어 취업사관학교 5개소 연계,현행·지속 운영 + 정기 모니터링,2026년 지속,"외로움 없는 서울(현행·확대), 우리동네돌봄단(현행), 1인가구 건강·이사·마음 동행서비스(2026년 통합지원)",1인가구 지원 5개년 종합계획(2027~2031 수립 추진)
11170720,개봉1동,52.054646994348,49.09511231040558,46.83004380009493,17.055641632943942,47.28132387706856,74.32747279232946,25.104639636008013,35.85798816568048,35.382612328908564,27.573964497041416,66.89474168966383,3,생활안정형,1.1023839051949842,2.145922746781116,1.5846768637177897,1,1,0,0,0,0,2,2형: 복합 결핍형,의료·복지,"동 중심 원스톱 통합돌봄, 돌봄SOS, 자치구 마음상담소·심리상담바우처, 1인가구 건강·마음 동행서비스, 고립가구 위기정보 기반 발굴","의료밀도 중앙값 미만, 복지밀도 중앙값 미만",서울청년기지개센터·기지개LAB 기반 사회진입 지원 / 서울마음편의점·자치구 마음상담소·심리상담바우처 연계 / 외로움 없는 서울 관계형성 프로그램 / 고립·은둔청년 온라인 진입 서비스 우선 안내,행정정보 기반 위기가구 선제 발굴(실직·폐업·이혼 등) 우선지역 지정 / 1인가구 건강·이사·마음 동행서비스 / 중장년 취업사관학교(50+캠퍼스) 원스톱 취업지원 연계 / 자치구 마음상담소·심리상담바우처 / 손목닥터9988 우울·불안 자가검진 안내,동 중심 원스톱 통합돌봄 우선 적용 / 돌봄SOS 긴급돌봄·중장기 돌봄서비스 연계 / 서울건강장수센터·방문건강관리 / 노인맞춤돌봄서비스 중점돌봄군 우선 지정 / 어르신 돌봄시설 확충 우선 검토 / 손목닥터9988 우울·불안 자가검진 연계,현행·지속 + 2026년 신규 시행 중,2026.3 신규 시행·현재 시행 중 / 2026년 확대 추진 중,"동 중심 원스톱 통합돌봄(2026.3 신규 시행), 돌봄SOS(현행), 우리동네돌봄단(현행), 서울건강장수센터(2026년 33개소 확대), 방문건강관리(현행), 자치구 마음상담소(현행·확대), 심리상담바우처(현행·확대), 손목닥터9988(2026년 확대), 1인가구 건강·이사·마음 동행서비스(2026년 통합지원), 고립가구 위기정보 기반 발굴 시스템(2026년 도입)","9988 서울 프로젝트 리액트 센터(~2035년 중장기 조성), 1인가구 지원 5개년 종합계획(2027~2031 수립 추진)"
11170730,오류2동,43.26796375894422,36.782992549779465,31.09955571500637,20.112951554314623,25.650118203309688,72.46331541689354,16.02975203345337,11.479289940828425,26.80775550984466,4.852071005917168,53.42173280214763,3,생활안정형,0.7654525738342794,3.11122634171636,1.881737577342604,1,0,0,1,0,0,1,1형: 단일 결핍형,의료,"서울건강장수센터·방문건강관리, 자치구 마음상담소·심리상담바우처, 공공의료 접근성 안내",의료밀도 하위30%,자치구 마음상담소·심리상담바우처 / 고립·은둔청년 온라인 진입 서비스 안내,행정정보 기반 위기가구 선제 발굴 / 자치구 마음상담소·심리상담바우처 / 손목닥터9988 우울·불안 자가검진 안내,서울건강장수센터·방문건강관리 연계 / 돌봄SOS 안내 / 손목닥터9988 우울·불안 자가검진 연계,현행·지속 + 2026년 확대 추진 중,2026년 확대 추진 중,"서울건강장수센터(2026년 33개소 확대), 방문건강관리(현행), 자치구 마음상담소(현행·확대), 심리상담바우처(현행·확대), 손목닥터9988(2026년 확대)","서울동행맵 AI 음성 안내(2026년 3분기 예정), 서울동행맵 보행경로 내비게이션(2026년 4분기 예정)"
11170740,항동,,,,,,,,,,,,-1,미분류,,,,0,0,0,0,0,0,0,0형: 인프라 양호형,없음,"외로움 없는 서울, 1인가구 맞춤형 지원, 마음건강서비스 안내 및 정기 모니터링",인프라 상대 양호,서울마음편의점·외로움 없는 서울 관계형성 프로그램 안내 / 정기 모니터링 / 365 서울챌린지·참여형 안부확인 적립금 연계,1인가구 건강·이사·마음 동행서비스 안내 / 정기 모니터링 / 365 서울챌린지·참여형 안부확인 적립금 연계,노인맞춤돌봄서비스 안내 / 9988 서울 프로젝트 정보 제공 / 정기 모니터링 / 365 서울챌린지·참여형 안부확인 적립금 연계 / 시니어 취업사관학교 5개소 연계,현행·지속 운영 + 정기 모니터링,2026년 지속,"외로움 없는 서울(현행·확대), 우리동네돌봄단(현행), 1인가구 건강·이사·마음 동행서비스(2026년 통합지원)",1인가구 지원 5개년 종합계획(2027~2031 수립 추진)
11180510,가산동,29.16126141662373,25.723549390190552,33.58465347578593,89.19090755964018,1.8912529550827628,26.416446806656467,73.65467582284688,1.0650887573964667,49.58944271001735,21.538461538461547,35.84067421182426,1,도심상업형,2.9376702997275204,3.118503118503119,4.512942779291553,0,0,0,0,0,0,0,0형: 인프라 양호형,없음,"외로움 없는 서울, 1인가구 맞춤형 지원, 마음건강서비스 안내 및 정기 모니터링",인프라 상대 양호,서울마음편의점·외로움 없는 서울 관계형성 프로그램 안내 / 정기 모니터링 / 365 서울챌린지·참여형 안부확인 적립금 연계,1인가구 건강·이사·마음 동행서비스 안내 / 정기 모니터링 / 365 서울챌린지·참여형 안부확인 적립금 연계,노인맞춤돌봄서비스 안내 / 9988 서울 프로젝트 정보 제공 / 정기 모니터링 / 365 서울챌린지·참여형 안부확인 적립금 연계 / 시니어 취업사관학교 5개소 연계,현행·지속 운영 + 정기 모니터링,2026년 지속,"외로움 없는 서울(현행·확대), 우리동네돌봄단(현행), 1인가구 건강·이사·마음 동행서비스(2026년 통합지원)",1인가구 지원 5개년 종합계획(2027~2031 수립 추진)
11180520,독산1동,46.953504193150025,41.40249999719024,29.50529121395523,59.89265305566529,15.24822695035462,72.18920700468777,35.41515106533302,13.609467455621314,34.56551251735787,26.390532544378715,29.678894044335784,3,생활안정형,1.314540276053458,4.83619344773791,1.6066603373986708,1,0,0,0,0,0,1,1형: 단일 결핍형,의료,"서울건강장수센터·방문건강관리, 자치구 마음상담소·심리상담바우처, 공공의료 접근성 안내",의료밀도 중앙값 미만,자치구 마음상담소·심리상담바우처 / 고립·은둔청년 온라인 진입 서비스 안내,행정정보 기반 위기가구 선제 발굴 / 자치구 마음상담소·심리상담바우처 / 손목닥터9988 우울·불안 자가검진 안내,서울건강장수센터·방문건강관리 연계 / 돌봄SOS 안내 / 손목닥터9988 우울·불안 자가검진 연계,현행·지속 + 2026년 확대 추진 중,2026년 확대 추진 중,"서울건강장수센터(2026년 33개소 확대), 방문건강관리(현행), 자치구 마음상담소(현행·확대), 심리상담바우처(현행·확대), 손목닥터9988(2026년 확대)","서울동행맵 AI 음성 안내(2026년 3분기 예정), 서울동행맵 보행경로 내비게이션(2026년 4분기 예정)"
11180530,독산2동,79.47548860616635,82.15958974716332,79.22970783532091,30.40722133184665,92.43498817966903,91.0501226698235,40.29533653226432,94.20118343195266,50.15178522837418,95.02958579881656,79.86443502235619,2,활동적 도심형,1.0511996042542666,1.5826958586125033,0.5565174375463765,1,1,1,1,1,1,3,3형: 삼중 결핍형,의료·복지·교통,"동 중심 원스톱 통합돌봄, 돌봄SOS, 외로움 없는 서울(서울마음편의점·서울잇다플레이스), 고립가구 위기정보 기반 발굴·우리동네돌봄단, 1인가구 건강·이사·마음 동행서비스, 서울동행맵·저상버스·교통약자 이동지원, 자치구 마음상담소·심리상담바우처","의료밀도 하위30%, 복지밀도 하위30%, 교통밀도 하위30%",서울청년기지개센터·기지개LAB 사회진입 지원 / 고립·은둔청년 온라인 서비스·지역거점 우선 안내 / 서울마음편의점·자치구 마음상담소·심리상담바우처 / 외로움 없는 서울 관계형성 프로그램 / 서울동행맵 이동 안내 / 365 서울챌린지·참여형 안부확인 적립금 연계,행정정보 기반 위기가구 선제 발굴 우선지역 지정 / 우리동네돌봄단 안부확인 / 1인가구 건강·이사·마음 동행서비스 / 중장년 취업사관학교(50+캠퍼스) 원스톱 취업지원 / 자치구 마음상담소·심리상담바우처 / 서울동행맵·저상버스·교통약자 이동지원 안내 / 손목닥터9988 우울·불안 자가검진 안내 / 365 서울챌린지·참여형 안부확인 적립금 연계,동 중심 원스톱 통합돌봄 우선 적용 / 돌봄SOS 긴급돌봄·중장기 돌봄연계 / 9988 서울 프로젝트(리액트 센터·라운지·시니어 동행상점·어르신 일자리) / 서울건강장수센터·방문건강관리 / 서울동행맵·저상버스·장애인콜택시 이동지원 / 어르신 돌봄시설 확충 우선 검토 / 손목닥터9988 우울·불안 자가검진 연계 / 365 서울챌린지·참여형 안부확인 적립금 연계 / 시니어 취업사관학교 5개소 연계,현행·지속 + 2026년 신규 시행 중 + 2026년 시행 예정 연계,2026.3 신규 시행·현재 시행 중 / 2026.3Q~4Q 예정,"동 중심 원스톱 통합돌봄(2026.3 신규 시행), 돌봄SOS(현행), 외로움 없는 서울(현행·확대), 우리동네돌봄단(현행), 고립가구 위기정보 기반 발굴 시스템(2026년 도입), 1인가구 건강·이사·마음 동행서비스(2026년 통합지원), 서울건강장수센터(2026년 33개소 확대), 방문건강관리(현행), 자치구 마음상담소(현행·확대), 심리상담바우처(현행·확대), 손목닥터9988(2026년 확대), 365 서울챌린지(2026년 추진), 참여형 안부확인 적립금(2026년 추진), 저상버스 확대(2026년 추진), 장애인콜택시 증차(2026년 추진), 바우처택시(현행)","서울동행맵 AI 음성 안내(2026년 3분기 예정), 서울동행맵 보행경로 내비게이션(2026년 4분기 예정), 9988 서울 프로젝트 리액트 센터(~2035년 중장기 조성)"
11180540,독산3동,71.00076294228475,70.86227921201146,69.6584098365851,39.55510796237612,77.65957446808511,80.0647789064387,38.44219327676571,77.86982248520711,47.18717245324585,86.03550295857988,66.9078873565177,2,활동적 도심형,1.5090543259557343,2.219084123461771,1.006036217303823,0,1,1,0,0,1,2,2형: 복합 결핍형,복지·교통,"돌봄SOS, 우리동네돌봄단 안부확인, 서울동행맵, 저상버스·교통약자 이동지원","복지밀도 중앙값 미만, 교통밀도 하위30%",외로움 없는 서울 관계형성 프로그램 / 서울청년기지개센터 집중 발굴 / 서울동행맵·저상버스 등 이동지원 안내,1인가구 건강·이사·마음 동행서비스 / 우리동네돌봄단 안부확인 / 중장년 취업사관학교·50+캠퍼스 연계 / 서울동행맵·마을버스 서비스 개선 활용,돌봄SOS 긴급돌봄·중장기 돌봄서비스 연계 / 9988 서울 프로젝트(리액트 라운지·시니어 동행상점) / 서울동행맵·저상버스·교통약자 이동지원 / 안심돌봄가정 확충 / 시니어 취업사관학교 5개소 연계,현행·지속 + 2026년 신규 시행 중 + 2026년 시행 예정 연계,2026.3 신규 시행·현재 시행 중 / 2026.3Q~4Q 예정,"동 중심 원스톱 통합돌봄(2026.3 신규 시행), 돌봄SOS(현행), 우리동네돌봄단(현행), 서울동행맵(현행·고도화 추진), 저상버스 확대(2026년 추진), 장애인콜택시 증차(2026년 추진), 바우처택시(현행), 1인가구 건강·이사·마음 동행서비스(2026년 통합지원)","서울동행맵 AI 음성 안내(2026년 3분기 예정), 서울동행맵 보행경로 내비게이션(2026년 4분기 예정), 9988 서울 프로젝트 리액트 센터(~2035년 중장기 조성)"
11180550,독산4동,68.4780738664557,70.46333951759715,68.71464545656947,27.553034569876893,70.92198581560284,86.49668156559797,40.38842321418618,69.46745562130178,43.28407882858842,75.38461538461539,74.82936512496978,2,활동적 도심형,0.5246589716684156,1.9090041361756285,1.1242692250037476,1,1,1,1,0,1,3,3형: 삼중 결핍형,의료·복지·교통,"동 중심 원스톱 통합돌봄, 돌봄SOS, 외로움 없는 서울(서울마음편의점·서울잇다플레이스), 고립가구 위기정보 기반 발굴·우리동네돌봄단, 1인가구 건강·이사·마음 동행서비스, 서울동행맵·저상버스·교통약자 이동지원, 자치구 마음상담소·심리상담바우처","의료밀도 하위30%, 복지밀도 중앙값 미만, 교통밀도 하위30%",서울청년기지개센터·기지개LAB 사회진입 지원 / 고립·은둔청년 온라인 서비스·지역거점 우선 안내 / 서울마음편의점·자치구 마음상담소·심리상담바우처 / 외로움 없는 서울 관계형성 프로그램 / 서울동행맵 이동 안내 / 365 서울챌린지·참여형 안부확인 적립금 연계,행정정보 기반 위기가구 선제 발굴 우선지역 지정 / 우리동네돌봄단 안부확인 / 1인가구 건강·이사·마음 동행서비스 / 중장년 취업사관학교(50+캠퍼스) 원스톱 취업지원 / 자치구 마음상담소·심리상담바우처 / 서울동행맵·저상버스·교통약자 이동지원 안내 / 손목닥터9988 우울·불안 자가검진 안내 / 365 서울챌린지·참여형 안부확인 적립금 연계,동 중심 원스톱 통합돌봄 우선 적용 / 돌봄SOS 긴급돌봄·중장기 돌봄연계 / 9988 서울 프로젝트(리액트 센터·라운지·시니어 동행상점·어르신 일자리) / 서울건강장수센터·방문건강관리 / 서울동행맵·저상버스·장애인콜택시 이동지원 / 어르신 돌봄시설 확충 우선 검토 / 손목닥터9988 우울·불안 자가검진 연계 / 365 서울챌린지·참여형 안부확인 적립금 연계 / 시니어 취업사관학교 5개소 연계,현행·지속 + 2026년 신규 시행 중 + 2026년 시행 예정 연계,2026.3 신규 시행·현재 시행 중 / 2026.3Q~4Q 예정,"동 중심 원스톱 통합돌봄(2026.3 신규 시행), 돌봄SOS(현행), 외로움 없는 서울(현행·확대), 우리동네돌봄단(현행), 고립가구 위기정보 기반 발굴 시스템(2026년 도입), 1인가구 건강·이사·마음 동행서비스(2026년 통합지원), 서울건강장수센터(2026년 33개소 확대), 방문건강관리(현행), 자치구 마음상담소(현행·확대), 심리상담바우처(현행·확대), 손목닥터9988(2026년 확대), 365 서울챌린지(2026년 추진), 참여형 안부확인 적립금(2026년 추진), 저상버스 확대(2026년 추진), 장애인콜택시 증차(2026년 추진), 바우처택시(현행)","서울동행맵 AI 음성 안내(2026년 3분기 예정), 서울동행맵 보행경로 내비게이션(2026년 4분기 예정), 9988 서울 프로젝트 리액트 센터(~2035년 중장기 조성)"
11180570,시흥1동,47.934798050876495,43.34455573004247,42.6472533128265,34.558786618176185,38.77068557919622,63.78691623890692,34.23770356884821,27.45562130177516,44.33431156827434,28.047337278106525,53.252939892965216,3,생활안정형,2.781351041268296,2.6934011671405056,1.3559086326182943,0,0,1,0,0,0,1,1형: 단일 결핍형,교통,"서울동행맵, 저상버스·교통약자 이동지원, 마을버스 서비스 개선",교통밀도 중앙값 미만,서울동행맵 이동지원 안내 / 외로움 없는 서울 프로그램 연계,서울동행맵·저상버스 이동지원 안내 / 중장년 취업사관학교·50+캠퍼스 연계,서울동행맵(AI 음성안내·보행경로) 우선 안내 / 저상버스·장애인콜택시·바우처택시 이동지원,현행·지속 + 2026년 확대 추진 중 + 2026년 시행 예정 연계,2026년 확대 추진 중 / 2026.3Q~4Q 예정,"서울동행맵(현행·고도화 추진), 저상버스 확대(2026년 추진), 장애인콜택시 증차(2026년 추진), 바우처택시(현행), 마을버스 서비스 개선(2026년 추진)","서울동행맵 AI 음성 안내(2026년 3분기 예정), 서울동행맵 보행경로 내비게이션(2026년 4분기 예정)"
11180580,시흥2동,71.44606209708074,70.16322793040727,66.20277684119908,4.575107502590506,93.85342789598108,82.4741735954255,13.323413762960486,86.27218934911242,31.49836052659112,86.3905325443787,65.92537410077404,2,활동적 도심형,0.6318207926479036,2.447163515016685,1.321079839172889,1,0,1,1,0,0,2,2형: 복합 결핍형,의료·교통,"서울건강장수센터·방문건강관리, 서울동행맵, 저상버스·교통약자 이동지원, 마을버스 서비스 개선","의료밀도 하위30%, 교통밀도 중앙값 미만",고립·은둔청년 온라인 진입 서비스 및 지역거점 15개소 우선 안내 / 자치구 마음상담소·심리상담바우처 / 서울동행맵 기반 이동지원 안내,행정정보 기반 위기가구 선제 발굴 우선지역 지정 / 중장년 취업사관학교·50+캠퍼스 상담·훈련·취업·사후관리 / 서울동행맵·저상버스 이동지원 안내 / 자치구 마음상담소 연계 / 손목닥터9988 우울·불안 자가검진 안내,서울건강장수센터·방문건강관리 연계 / 서울동행맵(AI 음성안내·보행경로) 우선 안내 / 저상버스·장애인콜택시·바우처택시 이동지원 / 9988 서울 프로젝트 우리동네 리액트 라운지 연계 / 손목닥터9988 우울·불안 자가검진 연계,현행·지속 + 2026년 확대 추진 중 + 2026년 시행 예정 연계,2026년 확대 추진 중 / 2026.3Q~4Q 예정,"서울건강장수센터(2026년 33개소 확대), 방문건강관리(현행), 서울동행맵(현행·고도화 추진), 저상버스 확대(2026년 추진), 장애인콜택시 증차(2026년 추진), 바우처택시(현행), 마을버스 서비스 개선(2026년 추진), 손목닥터9988(2026년 확대), 자치구 마음상담소(현행·확대)","서울동행맵 AI 음성 안내(2026년 3분기 예정), 서울동행맵 보행경로 내비게이션(2026년 4분기 예정)"
11180590,시흥3동,70.8846103551979,71.15873829609373,73.01361223232342,13.828334587818707,96.3356973995272,73.96166119455822,23.965043647565203,91.95266272189347,30.97764466808166,94.55621301775147,74.9409083166535,2,활동적 도심형,0.866645000541653,1.5904572564612327,1.733290001083306,1,1,0,1,1,0,2,2형: 복합 결핍형,의료·복지,"동 중심 원스톱 통합돌봄, 돌봄SOS, 자치구 마음상담소·심리상담바우처, 1인가구 건강·마음 동행서비스, 고립가구 위기정보 기반 발굴","의료밀도 하위30%, 복지밀도 하위30%",서울청년기지개센터·기지개LAB 기반 사회진입 지원 / 서울마음편의점·자치구 마음상담소·심리상담바우처 연계 / 외로움 없는 서울 관계형성 프로그램 / 고립·은둔청년 온라인 진입 서비스 우선 안내,행정정보 기반 위기가구 선제 발굴(실직·폐업·이혼 등) 우선지역 지정 / 1인가구 건강·이사·마음 동행서비스 / 중장년 취업사관학교(50+캠퍼스) 원스톱 취업지원 연계 / 자치구 마음상담소·심리상담바우처 / 손목닥터9988 우울·불안 자가검진 안내,동 중심 원스톱 통합돌봄 우선 적용 / 돌봄SOS 긴급돌봄·중장기 돌봄서비스 연계 / 서울건강장수센터·방문건강관리 / 노인맞춤돌봄서비스 중점돌봄군 우선 지정 / 어르신 돌봄시설 확충 우선 검토 / 손목닥터9988 우울·불안 자가검진 연계,현행·지속 + 2026년 신규 시행 중,2026.3 신규 시행·현재 시행 중 / 2026년 확대 추진 중,"동 중심 원스톱 통합돌봄(2026.3 신규 시행), 돌봄SOS(현행), 우리동네돌봄단(현행), 서울건강장수센터(2026년 33개소 확대), 방문건강관리(현행), 자치구 마음상담소(현행·확대), 심리상담바우처(현행·확대), 손목닥터9988(2026년 확대), 1인가구 건강·이사·마음 동행서비스(2026년 통합지원), 고립가구 위기정보 기반 발굴 시스템(2026년 도입)","9988 서울 프로젝트 리액트 센터(~2035년 중장기 조성), 1인가구 지원 5개년 종합계획(2027~2031 수립 추진)"
11180600,시흥4동,70.78783259344155,70.76288166044884,72.60113603368681,13.928001962502426,89.36170212765958,80.64387837469306,27.319550961142085,82.60355029585799,36.01912779436855,82.9585798816568,80.8040167027405,2,활동적 도심형,0.8582708702866625,1.31521262604121,1.316015334439549,1,1,1,1,1,0,3,3형: 삼중 결핍형,의료·복지·교통,"동 중심 원스톱 통합돌봄, 돌봄SOS, 외로움 없는 서울(서울마음편의점·서울잇다플레이스), 고립가구 위기정보 기반 발굴·우리동네돌봄단, 1인가구 건강·이사·마음 동행서비스, 서울동행맵·저상버스·교통약자 이동지원, 자치구 마음상담소·심리상담바우처","의료밀도 하위30%, 복지밀도 하위30%, 교통밀도 중앙값 미만",서울청년기지개센터·기지개LAB 사회진입 지원 / 고립·은둔청년 온라인 서비스·지역거점 우선 안내 / 서울마음편의점·자치구 마음상담소·심리상담바우처 / 외로움 없는 서울 관계형성 프로그램 / 서울동행맵 이동 안내 / 365 서울챌린지·참여형 안부확인 적립금 연계,행정정보 기반 위기가구 선제 발굴 우선지역 지정 / 우리동네돌봄단 안부확인 / 1인가구 건강·이사·마음 동행서비스 / 중장년 취업사관학교(50+캠퍼스) 원스톱 취업지원 / 자치구 마음상담소·심리상담바우처 / 서울동행맵·저상버스·교통약자 이동지원 안내 / 손목닥터9988 우울·불안 자가검진 안내 / 365 서울챌린지·참여형 안부확인 적립금 연계,동 중심 원스톱 통합돌봄 우선 적용 / 돌봄SOS 긴급돌봄·중장기 돌봄연계 / 9988 서울 프로젝트(리액트 센터·라운지·시니어 동행상점·어르신 일자리) / 서울건강장수센터·방문건강관리 / 서울동행맵·저상버스·장애인콜택시 이동지원 / 어르신 돌봄시설 확충 우선 검토 / 손목닥터9988 우울·불안 자가검진 연계 / 365 서울챌린지·참여형 안부확인 적립금 연계 / 시니어 취업사관학교 5개소 연계,현행·지속 + 2026년 신규 시행 중 + 2026년 시행 예정 연계,2026.3 신규 시행·현재 시행 중 / 2026.3Q~4Q 예정,"동 중심 원스톱 통합돌봄(2026.3 신규 시행), 돌봄SOS(현행), 외로움 없는 서울(현행·확대), 우리동네돌봄단(현행), 고립가구 위기정보 기반 발굴 시스템(2026년 도입), 1인가구 건강·이사·마음 동행서비스(2026년 통합지원), 서울건강장수센터(2026년 33개소 확대), 방문건강관리(현행), 자치구 마음상담소(현행·확대), 심리상담바우처(현행·확대), 손목닥터9988(2026년 확대), 365 서울챌린지(2026년 추진), 참여형 안부확인 적립금(2026년 추진), 저상버스 확대(2026년 추진), 장애인콜택시 증차(2026년 추진), 바우처택시(현행)","서울동행맵 AI 음성 안내(2026년 3분기 예정), 서울동행맵 보행경로 내비게이션(2026년 4분기 예정), 9988 서울 프로젝트 리액트 센터(~2035년 중장기 조성)"
11180610,시흥5동,64.85893204965586,66.29190789277101,73.50898904613311,20.429622345548346,94.20803782505912,57.72448112630636,33.76205650118309,91.1242603550296,48.90051551546252,89.11242603550296,72.31008184581013,2,활동적 도심형,2.02094433216976,1.2906001290600129,2.1434258068467145,0,1,0,0,1,0,1,1형: 단일 결핍형,복지,"동 중심 원스톱 통합돌봄, 돌봄SOS, 1인가구 건강·이사·마음 동행서비스, 고립가구 위기정보 기반 발굴",복지밀도 하위30%,서울청년기지개센터·기지개LAB 집중 발굴 / 외로움 없는 서울 관계형성 프로그램,행정정보 기반 위기가구 선제 발굴 / 우리동네돌봄단 안부확인 / 중장년 취업사관학교·50+캠퍼스 연계,동 중심 원스톱 통합돌봄 우선 적용 / 돌봄SOS / 9988 서울 프로젝트 리액트 라운지 연계 / 시니어 취업사관학교 5개소 연계,현행·지속 + 2026년 신규 시행 중,2026.3 신규 시행·현재 시행 중 / 2026년 확대 추진 중,"동 중심 원스톱 통합돌봄(2026.3 신규 시행), 돌봄SOS(현행), 우리동네돌봄단(현행), 고립가구 위기정보 기반 발굴 시스템(2026년 도입), 1인가구 건강·이사·마음 동행서비스(2026년 통합지원)",9988 서울 프로젝트 리액트 센터(~2035년 중장기 조성)
11190540,여의동,13.668067651527776,12.462796310232635,28.58516032402008,23.35628171740353,0.3546099290779949,22.13741834103968,18.039144869083827,0.0,11.726828584780392,0.5917159763313862,57.85043114521781,3,생활안정형,6.449985586624387,1.072468208978091,2.234073219948112,0,1,0,0,1,0,1,1형: 단일 결핍형,복지,"동 중심 원스톱 통합돌봄, 돌봄SOS, 1인가구 건강·이사·마음 동행서비스, 고립가구 위기정보 기반 발굴",복지밀도 하위30%,서울청년기지개센터·기지개LAB 집중 발굴 / 외로움 없는 서울 관계형성 프로그램,행정정보 기반 위기가구 선제 발굴 / 우리동네돌봄단 안부확인 / 중장년 취업사관학교·50+캠퍼스 연계,동 중심 원스톱 통합돌봄 우선 적용 / 돌봄SOS / 9988 서울 프로젝트 리액트 라운지 연계 / 시니어 취업사관학교 5개소 연계,현행·지속 + 2026년 신규 시행 중,2026.3 신규 시행·현재 시행 중 / 2026년 확대 추진 중,"동 중심 원스톱 통합돌봄(2026.3 신규 시행), 돌봄SOS(현행), 우리동네돌봄단(현행), 고립가구 위기정보 기반 발굴 시스템(2026년 도입), 1인가구 건강·이사·마음 동행서비스(2026년 통합지원)",9988 서울 프로젝트 리액트 센터(~2035년 중장기 조성)
11190550,당산1동,48.0579415794849,46.79581539165274,39.02754741064754,53.9095712912446,20.212765957446805,72.97730234564314,38.5570166456756,24.73372781065089,33.09141726768999,35.62130177514794,44.315129635128365,3,생활안정형,1.7801979161212629,3.6516853932584272,1.3089690559715168,0,0,1,0,0,0,1,1형: 단일 결핍형,교통,"서울동행맵, 저상버스·교통약자 이동지원, 마을버스 서비스 개선",교통밀도 중앙값 미만,서울동행맵 이동지원 안내 / 외로움 없는 서울 프로그램 연계,서울동행맵·저상버스 이동지원 안내 / 중장년 취업사관학교·50+캠퍼스 연계,서울동행맵(AI 음성안내·보행경로) 우선 안내 / 저상버스·장애인콜택시·바우처택시 이동지원,현행·지속 + 2026년 확대 추진 중 + 2026년 시행 예정 연계,2026년 확대 추진 중 / 2026.3Q~4Q 예정,"서울동행맵(현행·고도화 추진), 저상버스 확대(2026년 추진), 장애인콜택시 증차(2026년 추진), 바우처택시(현행), 마을버스 서비스 개선(2026년 추진)","서울동행맵 AI 음성 안내(2026년 3분기 예정), 서울동행맵 보행경로 내비게이션(2026년 4분기 예정)"
11190560,당산2동,43.03973560086905,41.163127487771845,37.03350871677998,56.21714694570771,13.356973995271872,66.1337915340469,25.50071709265886,24.02366863905327,14.238322390986294,40.591715976331365,44.39720810414831,3,생활안정형,2.4680558592895747,3.41571227647177,1.374613389984067,0,0,0,0,0,0,0,0형: 인프라 양호형,없음,"외로움 없는 서울, 1인가구 맞춤형 지원, 마음건강서비스 안내 및 정기 모니터링",인프라 상대 양호,서울마음편의점·외로움 없는 서울 관계형성 프로그램 안내 / 정기 모니터링 / 365 서울챌린지·참여형 안부확인 적립금 연계,1인가구 건강·이사·마음 동행서비스 안내 / 정기 모니터링 / 365 서울챌린지·참여형 안부확인 적립금 연계,노인맞춤돌봄서비스 안내 / 9988 서울 프로젝트 정보 제공 / 정기 모니터링 / 365 서울챌린지·참여형 안부확인 적립금 연계 / 시니어 취업사관학교 5개소 연계,현행·지속 운영 + 정기 모니터링,2026년 지속,"외로움 없는 서울(현행·확대), 우리동네돌봄단(현행), 1인가구 건강·이사·마음 동행서비스(2026년 통합지원)",1인가구 지원 5개년 종합계획(2027~2031 수립 추진)
11190610,양평1동,57.979464571628526,59.08283590566547,46.79168839493487,52.006140083351816,41.25295508274232,77.69263630465309,36.12358147523416,51.95266272189349,30.63856913923459,74.67455621301775,32.28417753895941,0,1인가구 집중형,0.7490169152986705,5.691056910569106,1.56045190687223,1,0,0,1,0,0,1,1형: 단일 결핍형,의료,"서울건강장수센터·방문건강관리, 자치구 마음상담소·심리상담바우처, 공공의료 접근성 안내",의료밀도 하위30%,자치구 마음상담소·심리상담바우처 / 고립·은둔청년 온라인 진입 서비스 안내,행정정보 기반 위기가구 선제 발굴 / 자치구 마음상담소·심리상담바우처 / 손목닥터9988 우울·불안 자가검진 안내,서울건강장수센터·방문건강관리 연계 / 돌봄SOS 안내 / 손목닥터9988 우울·불안 자가검진 연계,현행·지속 + 2026년 확대 추진 중,2026년 확대 추진 중,"서울건강장수센터(2026년 33개소 확대), 방문건강관리(현행), 자치구 마음상담소(현행·확대), 심리상담바우처(현행·확대), 손목닥터9988(2026년 확대)","서울동행맵 AI 음성 안내(2026년 3분기 예정), 서울동행맵 보행경로 내비게이션(2026년 4분기 예정)"
11190620,양평2동,51.10659431577866,51.56283354804575,47.30432927122407,43.07667297593626,28.60520094562648,77.62294835585203,26.118566886512856,38.22485207100592,22.08178273445793,73.2544378698225,38.33093215532136,3,생활안정형,0.8156606851549756,4.296455424274973,1.5293637846655792,1,0,0,1,0,0,1,1형: 단일 결핍형,의료,"서울건강장수센터·방문건강관리, 자치구 마음상담소·심리상담바우처, 공공의료 접근성 안내",의료밀도 하위30%,자치구 마음상담소·심리상담바우처 / 고립·은둔청년 온라인 진입 서비스 안내,행정정보 기반 위기가구 선제 발굴 / 자치구 마음상담소·심리상담바우처 / 손목닥터9988 우울·불안 자가검진 안내,서울건강장수센터·방문건강관리 연계 / 돌봄SOS 안내 / 손목닥터9988 우울·불안 자가검진 연계,현행·지속 + 2026년 확대 추진 중,2026년 확대 추진 중,"서울건강장수센터(2026년 33개소 확대), 방문건강관리(현행), 자치구 마음상담소(현행·확대), 심리상담바우처(현행·확대), 손목닥터9988(2026년 확대)","서울동행맵 AI 음성 안내(2026년 3분기 예정), 서울동행맵 보행경로 내비게이션(2026년 4분기 예정)"
11190630,신길1동,62.06326840617375,63.44118086529434,55.69520433817887,62.17841673196873,46.80851063829788,77.26045201115211,50.49565119174139,56.09467455621302,50.56468139943786,53.846153846153854,59.413587138083216,0,1인가구 집중형,1.1857707509881423,2.7344818156959256,1.3551665725578768,1,0,1,0,0,0,2,2형: 복합 결핍형,의료·교통,"서울건강장수센터·방문건강관리, 서울동행맵, 저상버스·교통약자 이동지원, 마을버스 서비스 개선","의료밀도 중앙값 미만, 교통밀도 중앙값 미만",고립·은둔청년 온라인 진입 서비스 및 지역거점 15개소 우선 안내 / 자치구 마음상담소·심리상담바우처 / 서울동행맵 기반 이동지원 안내,행정정보 기반 위기가구 선제 발굴 우선지역 지정 / 중장년 취업사관학교·50+캠퍼스 상담·훈련·취업·사후관리 / 서울동행맵·저상버스 이동지원 안내 / 자치구 마음상담소 연계 / 손목닥터9988 우울·불안 자가검진 안내,서울건강장수센터·방문건강관리 연계 / 서울동행맵(AI 음성안내·보행경로) 우선 안내 / 저상버스·장애인콜택시·바우처택시 이동지원 / 9988 서울 프로젝트 우리동네 리액트 라운지 연계 / 손목닥터9988 우울·불안 자가검진 연계,현행·지속 + 2026년 확대 추진 중 + 2026년 시행 예정 연계,2026년 확대 추진 중 / 2026.3Q~4Q 예정,"서울건강장수센터(2026년 33개소 확대), 방문건강관리(현행), 서울동행맵(현행·고도화 추진), 저상버스 확대(2026년 추진), 장애인콜택시 증차(2026년 추진), 바우처택시(현행), 마을버스 서비스 개선(2026년 추진), 손목닥터9988(2026년 확대), 자치구 마음상담소(현행·확대)","서울동행맵 AI 음성 안내(2026년 3분기 예정), 서울동행맵 보행경로 내비게이션(2026년 4분기 예정)"
11190650,신길3동,62.822525316693614,64.22422126070141,59.574371642030194,28.04729725992776,86.05200945626477,56.980655205505386,28.46157104042524,89.3491124260355,37.68048655628984,88.40236686390533,46.88321317423414,2,활동적 도심형,2.7835272286060952,3.003003003003003,1.784312326029548,0,0,0,0,0,0,0,0형: 인프라 양호형,없음,"외로움 없는 서울, 1인가구 맞춤형 지원, 마음건강서비스 안내 및 정기 모니터링",인프라 상대 양호,서울마음편의점·외로움 없는 서울 관계형성 프로그램 안내 / 정기 모니터링 / 365 서울챌린지·참여형 안부확인 적립금 연계,1인가구 건강·이사·마음 동행서비스 안내 / 정기 모니터링 / 365 서울챌린지·참여형 안부확인 적립금 연계,노인맞춤돌봄서비스 안내 / 9988 서울 프로젝트 정보 제공 / 정기 모니터링 / 365 서울챌린지·참여형 안부확인 적립금 연계 / 시니어 취업사관학교 5개소 연계,현행·지속 운영 + 정기 모니터링,2026년 지속,"외로움 없는 서울(현행·확대), 우리동네돌봄단(현행), 1인가구 건강·이사·마음 동행서비스(2026년 통합지원)",1인가구 지원 5개년 종합계획(2027~2031 수립 추진)
11190660,신길4동,74.68042300634269,75.21702090645087,75.98748491183719,23.82640480210896,95.50827423167848,79.27958088312374,26.520025606243564,95.50295857988166,41.130652548616965,95.02958579881656,76.66888749450665,2,활동적 도심형,0.8453879391320684,1.5835312747426762,1.4089798985534472,1,1,0,1,1,0,2,2형: 복합 결핍형,의료·복지,"동 중심 원스톱 통합돌봄, 돌봄SOS, 자치구 마음상담소·심리상담바우처, 1인가구 건강·마음 동행서비스, 고립가구 위기정보 기반 발굴","의료밀도 하위30%, 복지밀도 하위30%",서울청년기지개센터·기지개LAB 기반 사회진입 지원 / 서울마음편의점·자치구 마음상담소·심리상담바우처 연계 / 외로움 없는 서울 관계형성 프로그램 / 고립·은둔청년 온라인 진입 서비스 우선 안내,행정정보 기반 위기가구 선제 발굴(실직·폐업·이혼 등) 우선지역 지정 / 1인가구 건강·이사·마음 동행서비스 / 중장년 취업사관학교(50+캠퍼스) 원스톱 취업지원 연계 / 자치구 마음상담소·심리상담바우처 / 손목닥터9988 우울·불안 자가검진 안내,동 중심 원스톱 통합돌봄 우선 적용 / 돌봄SOS 긴급돌봄·중장기 돌봄서비스 연계 / 서울건강장수센터·방문건강관리 / 노인맞춤돌봄서비스 중점돌봄군 우선 지정 / 어르신 돌봄시설 확충 우선 검토 / 손목닥터9988 우울·불안 자가검진 연계,현행·지속 + 2026년 신규 시행 중,2026.3 신규 시행·현재 시행 중 / 2026년 확대 추진 중,"동 중심 원스톱 통합돌봄(2026.3 신규 시행), 돌봄SOS(현행), 우리동네돌봄단(현행), 서울건강장수센터(2026년 33개소 확대), 방문건강관리(현행), 자치구 마음상담소(현행·확대), 심리상담바우처(현행·확대), 손목닥터9988(2026년 확대), 1인가구 건강·이사·마음 동행서비스(2026년 통합지원), 고립가구 위기정보 기반 발굴 시스템(2026년 도입)","9988 서울 프로젝트 리액트 센터(~2035년 중장기 조성), 1인가구 지원 5개년 종합계획(2027~2031 수립 추진)"
11190670,신길5동,69.39663762665832,70.6683916141092,67.1807572626135,21.0884881152185,97.63593380614655,65.31141620288997,26.032735132221667,98.3431952662722,38.69362199729903,96.92307692307692,56.70879097794837,2,활동적 도심형,0.3484320557491289,2.7726432532347505,2.5551684088269453,1,0,0,1,0,0,1,1형: 단일 결핍형,의료,"서울건강장수센터·방문건강관리, 자치구 마음상담소·심리상담바우처, 공공의료 접근성 안내",의료밀도 하위30%,자치구 마음상담소·심리상담바우처 / 고립·은둔청년 온라인 진입 서비스 안내,행정정보 기반 위기가구 선제 발굴 / 자치구 마음상담소·심리상담바우처 / 손목닥터9988 우울·불안 자가검진 안내,서울건강장수센터·방문건강관리 연계 / 돌봄SOS 안내 / 손목닥터9988 우울·불안 자가검진 연계,현행·지속 + 2026년 확대 추진 중,2026년 확대 추진 중,"서울건강장수센터(2026년 33개소 확대), 방문건강관리(현행), 자치구 마음상담소(현행·확대), 심리상담바우처(현행·확대), 손목닥터9988(2026년 확대)","서울동행맵 AI 음성 안내(2026년 3분기 예정), 서울동행맵 보행경로 내비게이션(2026년 4분기 예정)"
11190680,신길6동,54.3878897206729,47.80153708526291,47.6786044586072,49.74187952126492,51.41843971631206,59.68034482473772,25.68249873541896,46.98224852071007,30.43960977279177,50.41420118343195,53.212693532994805,3,생활안정형,2.5995434948009133,2.6300409117475163,1.711894496576211,0,0,0,0,0,0,0,0형: 인프라 양호형,없음,"외로움 없는 서울, 1인가구 맞춤형 지원, 마음건강서비스 안내 및 정기 모니터링",인프라 상대 양호,서울마음편의점·외로움 없는 서울 관계형성 프로그램 안내 / 정기 모니터링 / 365 서울챌린지·참여형 안부확인 적립금 연계,1인가구 건강·이사·마음 동행서비스 안내 / 정기 모니터링 / 365 서울챌린지·참여형 안부확인 적립금 연계,노인맞춤돌봄서비스 안내 / 9988 서울 프로젝트 정보 제공 / 정기 모니터링 / 365 서울챌린지·참여형 안부확인 적립금 연계 / 시니어 취업사관학교 5개소 연계,현행·지속 운영 + 정기 모니터링,2026년 지속,"외로움 없는 서울(현행·확대), 우리동네돌봄단(현행), 1인가구 건강·이사·마음 동행서비스(2026년 통합지원)",1인가구 지원 5개년 종합계획(2027~2031 수립 추진)
11190690,신길7동,59.76808011575598,60.00192469474093,62.63152553148592,17.72919923529635,72.45862884160756,68.0969718301342,13.046449044205458,75.38461538461539,15.923536411349376,85.56213017751479,65.55571708241304,2,활동적 도심형,0.7436326454731362,2.151308712800287,2.1689285492966475,1,1,0,1,0,0,2,2형: 복합 결핍형,의료·복지,"동 중심 원스톱 통합돌봄, 돌봄SOS, 자치구 마음상담소·심리상담바우처, 1인가구 건강·마음 동행서비스, 고립가구 위기정보 기반 발굴","의료밀도 하위30%, 복지밀도 중앙값 미만",서울청년기지개센터·기지개LAB 기반 사회진입 지원 / 서울마음편의점·자치구 마음상담소·심리상담바우처 연계 / 외로움 없는 서울 관계형성 프로그램 / 고립·은둔청년 온라인 진입 서비스 우선 안내,행정정보 기반 위기가구 선제 발굴(실직·폐업·이혼 등) 우선지역 지정 / 1인가구 건강·이사·마음 동행서비스 / 중장년 취업사관학교(50+캠퍼스) 원스톱 취업지원 연계 / 자치구 마음상담소·심리상담바우처 / 손목닥터9988 우울·불안 자가검진 안내,동 중심 원스톱 통합돌봄 우선 적용 / 돌봄SOS 긴급돌봄·중장기 돌봄서비스 연계 / 서울건강장수센터·방문건강관리 / 노인맞춤돌봄서비스 중점돌봄군 우선 지정 / 어르신 돌봄시설 확충 우선 검토 / 손목닥터9988 우울·불안 자가검진 연계,현행·지속 + 2026년 신규 시행 중,2026.3 신규 시행·현재 시행 중 / 2026년 확대 추진 중,"동 중심 원스톱 통합돌봄(2026.3 신규 시행), 돌봄SOS(현행), 우리동네돌봄단(현행), 서울건강장수센터(2026년 33개소 확대), 방문건강관리(현행), 자치구 마음상담소(현행·확대), 심리상담바우처(현행·확대), 손목닥터9988(2026년 확대), 1인가구 건강·이사·마음 동행서비스(2026년 통합지원), 고립가구 위기정보 기반 발굴 시스템(2026년 도입)","9988 서울 프로젝트 리액트 센터(~2035년 중장기 조성), 1인가구 지원 5개년 종합계획(2027~2031 수립 추진)"
11190700,대림1동,59.78790022281043,55.87765617783711,42.44822404943561,31.31218919033464,75.177304964539,58.63635099731974,30.281259367918828,65.9171597633136,38.49078380183877,69.46745562130178,23.19212849247165,2,활동적 도심형,2.7492520417239428,6.103143118706134,1.6980674375353764,0,0,0,0,0,0,0,0형: 인프라 양호형,없음,"외로움 없는 서울, 1인가구 맞춤형 지원, 마음건강서비스 안내 및 정기 모니터링",인프라 상대 양호,서울마음편의점·외로움 없는 서울 관계형성 프로그램 안내 / 정기 모니터링 / 365 서울챌린지·참여형 안부확인 적립금 연계,1인가구 건강·이사·마음 동행서비스 안내 / 정기 모니터링 / 365 서울챌린지·참여형 안부확인 적립금 연계,노인맞춤돌봄서비스 안내 / 9988 서울 프로젝트 정보 제공 / 정기 모니터링 / 365 서울챌린지·참여형 안부확인 적립금 연계 / 시니어 취업사관학교 5개소 연계,현행·지속 운영 + 정기 모니터링,2026년 지속,"외로움 없는 서울(현행·확대), 우리동네돌봄단(현행), 1인가구 건강·이사·마음 동행서비스(2026년 통합지원)",1인가구 지원 5개년 종합계획(2027~2031 수립 추진)
11190710,대림2동,56.96374871133574,47.8121954294095,59.5719682379162,54.07292000169861,55.08274231678487,60.29016946070516,45.107857160548406,36.68639053254439,43.007198991264886,68.16568047337279,60.25008949773944,0,1인가구 집중형,3.1815289519134624,2.0689655172413794,1.3635124079629124,0,1,0,0,0,0,1,1형: 단일 결핍형,복지,"동 중심 원스톱 통합돌봄, 돌봄SOS, 1인가구 건강·이사·마음 동행서비스, 고립가구 위기정보 기반 발굴",복지밀도 중앙값 미만,서울청년기지개센터·기지개LAB 집중 발굴 / 외로움 없는 서울 관계형성 프로그램,행정정보 기반 위기가구 선제 발굴 / 우리동네돌봄단 안부확인 / 중장년 취업사관학교·50+캠퍼스 연계,동 중심 원스톱 통합돌봄 우선 적용 / 돌봄SOS / 9988 서울 프로젝트 리액트 라운지 연계 / 시니어 취업사관학교 5개소 연계,현행·지속 + 2026년 신규 시행 중,2026.3 신규 시행·현재 시행 중 / 2026년 확대 추진 중,"동 중심 원스톱 통합돌봄(2026.3 신규 시행), 돌봄SOS(현행), 우리동네돌봄단(현행), 고립가구 위기정보 기반 발굴 시스템(2026년 도입), 1인가구 건강·이사·마음 동행서비스(2026년 통합지원)",9988 서울 프로젝트 리액트 센터(~2035년 중장기 조성)
11190720,대림3동,48.73063926002656,42.673525774518126,44.05115504971669,26.172303566006093,40.89834515366431,67.84210121339905,27.74259804342564,24.970414201183445,34.12902184994392,36.56804733727811,54.28118691484569,3,생활안정형,1.080080234531708,2.9124193883919283,2.0058632927017435,1,0,0,0,0,0,1,1형: 단일 결핍형,의료,"서울건강장수센터·방문건강관리, 자치구 마음상담소·심리상담바우처, 공공의료 접근성 안내",의료밀도 중앙값 미만,자치구 마음상담소·심리상담바우처 / 고립·은둔청년 온라인 진입 서비스 안내,행정정보 기반 위기가구 선제 발굴 / 자치구 마음상담소·심리상담바우처 / 손목닥터9988 우울·불안 자가검진 안내,서울건강장수센터·방문건강관리 연계 / 돌봄SOS 안내 / 손목닥터9988 우울·불안 자가검진 연계,현행·지속 + 2026년 확대 추진 중,2026년 확대 추진 중,"서울건강장수센터(2026년 33개소 확대), 방문건강관리(현행), 자치구 마음상담소(현행·확대), 심리상담바우처(현행·확대), 손목닥터9988(2026년 확대)","서울동행맵 AI 음성 안내(2026년 3분기 예정), 서울동행맵 보행경로 내비게이션(2026년 4분기 예정)"
11190730,영등포본동,56.06405321309081,59.58390793603996,57.08335021784252,30.063037456919407,43.3806146572104,81.74799964705691,36.19868831507999,49.11242603550298,42.62276898163787,44.26035502958581,73.48371591368871,0,1인가구 집중형,1.1815886997153446,1.823985408116735,1.0741715451957676,1,1,1,0,1,1,3,3형: 삼중 결핍형,의료·복지·교통,"동 중심 원스톱 통합돌봄, 돌봄SOS, 외로움 없는 서울(서울마음편의점·서울잇다플레이스), 고립가구 위기정보 기반 발굴·우리동네돌봄단, 1인가구 건강·이사·마음 동행서비스, 서울동행맵·저상버스·교통약자 이동지원, 자치구 마음상담소·심리상담바우처","의료밀도 중앙값 미만, 복지밀도 하위30%, 교통밀도 하위30%",서울청년기지개센터·기지개LAB 사회진입 지원 / 고립·은둔청년 온라인 서비스·지역거점 우선 안내 / 서울마음편의점·자치구 마음상담소·심리상담바우처 / 외로움 없는 서울 관계형성 프로그램 / 서울동행맵 이동 안내 / 365 서울챌린지·참여형 안부확인 적립금 연계,행정정보 기반 위기가구 선제 발굴 우선지역 지정 / 우리동네돌봄단 안부확인 / 1인가구 건강·이사·마음 동행서비스 / 중장년 취업사관학교(50+캠퍼스) 원스톱 취업지원 / 자치구 마음상담소·심리상담바우처 / 서울동행맵·저상버스·교통약자 이동지원 안내 / 손목닥터9988 우울·불안 자가검진 안내 / 365 서울챌린지·참여형 안부확인 적립금 연계,동 중심 원스톱 통합돌봄 우선 적용 / 돌봄SOS 긴급돌봄·중장기 돌봄연계 / 9988 서울 프로젝트(리액트 센터·라운지·시니어 동행상점·어르신 일자리) / 서울건강장수센터·방문건강관리 / 서울동행맵·저상버스·장애인콜택시 이동지원 / 어르신 돌봄시설 확충 우선 검토 / 손목닥터9988 우울·불안 자가검진 연계 / 365 서울챌린지·참여형 안부확인 적립금 연계 / 시니어 취업사관학교 5개소 연계,현행·지속 + 2026년 신규 시행 중 + 2026년 시행 예정 연계,2026.3 신규 시행·현재 시행 중 / 2026.3Q~4Q 예정,"동 중심 원스톱 통합돌봄(2026.3 신규 시행), 돌봄SOS(현행), 외로움 없는 서울(현행·확대), 우리동네돌봄단(현행), 고립가구 위기정보 기반 발굴 시스템(2026년 도입), 1인가구 건강·이사·마음 동행서비스(2026년 통합지원), 서울건강장수센터(2026년 33개소 확대), 방문건강관리(현행), 자치구 마음상담소(현행·확대), 심리상담바우처(현행·확대), 손목닥터9988(2026년 확대), 365 서울챌린지(2026년 추진), 참여형 안부확인 적립금(2026년 추진), 저상버스 확대(2026년 추진), 장애인콜택시 증차(2026년 추진), 바우처택시(현행)","서울동행맵 AI 음성 안내(2026년 3분기 예정), 서울동행맵 보행경로 내비게이션(2026년 4분기 예정), 9988 서울 프로젝트 리액트 센터(~2035년 중장기 조성)"
11190740,영등포동,37.28236657335985,34.288231025736295,36.9969612359542,83.384747636309,2.127659574468084,49.38588304077704,68.40903401754159,2.130177514792905,64.36504253074749,1.3017751479290354,52.59629206228786,1,도심상업형,4.017046248428112,2.2818026240730176,1.6068184993712449,0,1,0,0,0,0,1,1형: 단일 결핍형,복지,"동 중심 원스톱 통합돌봄, 돌봄SOS, 1인가구 건강·이사·마음 동행서비스, 고립가구 위기정보 기반 발굴",복지밀도 중앙값 미만,서울청년기지개센터·기지개LAB 집중 발굴 / 외로움 없는 서울 관계형성 프로그램,행정정보 기반 위기가구 선제 발굴 / 우리동네돌봄단 안부확인 / 중장년 취업사관학교·50+캠퍼스 연계,동 중심 원스톱 통합돌봄 우선 적용 / 돌봄SOS / 9988 서울 프로젝트 리액트 라운지 연계 / 시니어 취업사관학교 5개소 연계,현행·지속 + 2026년 신규 시행 중,2026.3 신규 시행·현재 시행 중 / 2026년 확대 추진 중,"동 중심 원스톱 통합돌봄(2026.3 신규 시행), 돌봄SOS(현행), 우리동네돌봄단(현행), 고립가구 위기정보 기반 발굴 시스템(2026년 도입), 1인가구 건강·이사·마음 동행서비스(2026년 통합지원)",9988 서울 프로젝트 리액트 센터(~2035년 중장기 조성)
11190750,도림동,62.40912334235715,62.1282128478765,56.329051801734565,48.62847705958618,52.71867612293144,78.98989370316832,42.36541884488015,55.14792899408285,44.650774305642486,56.09467455621302,61.7016907687367,0,1인가구 집중형,0.8156606851549756,2.6525198938992043,1.4430919814280336,1,0,0,1,0,0,1,1형: 단일 결핍형,의료,"서울건강장수센터·방문건강관리, 자치구 마음상담소·심리상담바우처, 공공의료 접근성 안내",의료밀도 하위30%,자치구 마음상담소·심리상담바우처 / 고립·은둔청년 온라인 진입 서비스 안내,행정정보 기반 위기가구 선제 발굴 / 자치구 마음상담소·심리상담바우처 / 손목닥터9988 우울·불안 자가검진 안내,서울건강장수센터·방문건강관리 연계 / 돌봄SOS 안내 / 손목닥터9988 우울·불안 자가검진 연계,현행·지속 + 2026년 확대 추진 중,2026년 확대 추진 중,"서울건강장수센터(2026년 33개소 확대), 방문건강관리(현행), 자치구 마음상담소(현행·확대), 심리상담바우처(현행·확대), 손목닥터9988(2026년 확대)","서울동행맵 AI 음성 안내(2026년 3분기 예정), 서울동행맵 보행경로 내비게이션(2026년 4분기 예정)"
11190760,문래동,35.644910220688416,33.57469139030492,22.251717358145854,21.11685785765578,14.539007092198588,64.01483953069454,14.04496132208813,12.89940828402368,16.342288610795222,20.591715976331383,26.169242320601832,3,생활안정형,1.941156320176607,5.457853244390539,1.7889087656529516,0,0,0,0,0,0,0,0형: 인프라 양호형,없음,"외로움 없는 서울, 1인가구 맞춤형 지원, 마음건강서비스 안내 및 정기 모니터링",인프라 상대 양호,서울마음편의점·외로움 없는 서울 관계형성 프로그램 안내 / 정기 모니터링 / 365 서울챌린지·참여형 안부확인 적립금 연계,1인가구 건강·이사·마음 동행서비스 안내 / 정기 모니터링 / 365 서울챌린지·참여형 안부확인 적립금 연계,노인맞춤돌봄서비스 안내 / 9988 서울 프로젝트 정보 제공 / 정기 모니터링 / 365 서울챌린지·참여형 안부확인 적립금 연계 / 시니어 취업사관학교 5개소 연계,현행·지속 운영 + 정기 모니터링,2026년 지속,"외로움 없는 서울(현행·확대), 우리동네돌봄단(현행), 1인가구 건강·이사·마음 동행서비스(2026년 통합지원)",1인가구 지원 5개년 종합계획(2027~2031 수립 추진)
11200520,노량진2동,57.256575843098894,59.31394413613221,64.28790669722562,66.57003655068937,42.19858156028368,67.65783977211886,48.35463285239967,56.44970414201183,41.64842325298513,48.1656804733728,86.88940862432914,0,1인가구 집중형,2.162050859672604,0.4430660168365086,1.4413672397817356,0,1,0,0,1,0,1,1형: 단일 결핍형,복지,"동 중심 원스톱 통합돌봄, 돌봄SOS, 1인가구 건강·이사·마음 동행서비스, 고립가구 위기정보 기반 발굴",복지밀도 하위30%,서울청년기지개센터·기지개LAB 집중 발굴 / 외로움 없는 서울 관계형성 프로그램,행정정보 기반 위기가구 선제 발굴 / 우리동네돌봄단 안부확인 / 중장년 취업사관학교·50+캠퍼스 연계,동 중심 원스톱 통합돌봄 우선 적용 / 돌봄SOS / 9988 서울 프로젝트 리액트 라운지 연계 / 시니어 취업사관학교 5개소 연계,현행·지속 + 2026년 신규 시행 중,2026.3 신규 시행·현재 시행 중 / 2026년 확대 추진 중,"동 중심 원스톱 통합돌봄(2026.3 신규 시행), 돌봄SOS(현행), 우리동네돌봄단(현행), 고립가구 위기정보 기반 발굴 시스템(2026년 도입), 1인가구 건강·이사·마음 동행서비스(2026년 통합지원)",9988 서울 프로젝트 리액트 센터(~2035년 중장기 조성)
11200530,상도1동,49.24765530032235,47.460197215574,41.25023694395533,58.43768913199781,13.947990543735216,79.95230314107175,17.988095772057818,29.70414201183433,24.750830233432893,19.526627218934905,65.47944749031453,3,생활안정형,1.2021382714786302,2.356020942408377,1.17656086144717,1,1,1,0,0,0,3,3형: 삼중 결핍형,의료·복지·교통,"동 중심 원스톱 통합돌봄, 돌봄SOS, 외로움 없는 서울(서울마음편의점·서울잇다플레이스), 고립가구 위기정보 기반 발굴·우리동네돌봄단, 1인가구 건강·이사·마음 동행서비스, 서울동행맵·저상버스·교통약자 이동지원, 자치구 마음상담소·심리상담바우처","의료밀도 중앙값 미만, 복지밀도 중앙값 미만, 교통밀도 중앙값 미만",서울청년기지개센터·기지개LAB 사회진입 지원 / 고립·은둔청년 온라인 서비스·지역거점 우선 안내 / 서울마음편의점·자치구 마음상담소·심리상담바우처 / 외로움 없는 서울 관계형성 프로그램 / 서울동행맵 이동 안내 / 365 서울챌린지·참여형 안부확인 적립금 연계,행정정보 기반 위기가구 선제 발굴 우선지역 지정 / 우리동네돌봄단 안부확인 / 1인가구 건강·이사·마음 동행서비스 / 중장년 취업사관학교(50+캠퍼스) 원스톱 취업지원 / 자치구 마음상담소·심리상담바우처 / 서울동행맵·저상버스·교통약자 이동지원 안내 / 손목닥터9988 우울·불안 자가검진 안내 / 365 서울챌린지·참여형 안부확인 적립금 연계,동 중심 원스톱 통합돌봄 우선 적용 / 돌봄SOS 긴급돌봄·중장기 돌봄연계 / 9988 서울 프로젝트(리액트 센터·라운지·시니어 동행상점·어르신 일자리) / 서울건강장수센터·방문건강관리 / 서울동행맵·저상버스·장애인콜택시 이동지원 / 어르신 돌봄시설 확충 우선 검토 / 손목닥터9988 우울·불안 자가검진 연계 / 365 서울챌린지·참여형 안부확인 적립금 연계 / 시니어 취업사관학교 5개소 연계,현행·지속 + 2026년 신규 시행 중 + 2026년 시행 예정 연계,2026.3 신규 시행·현재 시행 중 / 2026.3Q~4Q 예정,"동 중심 원스톱 통합돌봄(2026.3 신규 시행), 돌봄SOS(현행), 외로움 없는 서울(현행·확대), 우리동네돌봄단(현행), 고립가구 위기정보 기반 발굴 시스템(2026년 도입), 1인가구 건강·이사·마음 동행서비스(2026년 통합지원), 서울건강장수센터(2026년 33개소 확대), 방문건강관리(현행), 자치구 마음상담소(현행·확대), 심리상담바우처(현행·확대), 손목닥터9988(2026년 확대), 365 서울챌린지(2026년 추진), 참여형 안부확인 적립금(2026년 추진), 저상버스 확대(2026년 추진), 장애인콜택시 증차(2026년 추진), 바우처택시(현행)","서울동행맵 AI 음성 안내(2026년 3분기 예정), 서울동행맵 보행경로 내비게이션(2026년 4분기 예정), 9988 서울 프로젝트 리액트 센터(~2035년 중장기 조성)"
11200540,상도2동,52.614503637897975,51.110495842138576,45.60809612535501,34.73648184376306,47.87234042553191,66.2956777473315,19.52917105330797,51.71597633136096,21.93757861372797,46.15384615384615,55.70385388614057,3,생활안정형,1.971625734001972,2.669632925472748,1.6287343020016287,0,0,0,0,0,0,0,0형: 인프라 양호형,없음,"외로움 없는 서울, 1인가구 맞춤형 지원, 마음건강서비스 안내 및 정기 모니터링",인프라 상대 양호,서울마음편의점·외로움 없는 서울 관계형성 프로그램 안내 / 정기 모니터링 / 365 서울챌린지·참여형 안부확인 적립금 연계,1인가구 건강·이사·마음 동행서비스 안내 / 정기 모니터링 / 365 서울챌린지·참여형 안부확인 적립금 연계,노인맞춤돌봄서비스 안내 / 9988 서울 프로젝트 정보 제공 / 정기 모니터링 / 365 서울챌린지·참여형 안부확인 적립금 연계 / 시니어 취업사관학교 5개소 연계,현행·지속 운영 + 정기 모니터링,2026년 지속,"외로움 없는 서울(현행·확대), 우리동네돌봄단(현행), 1인가구 건강·이사·마음 동행서비스(2026년 통합지원)",1인가구 지원 5개년 종합계획(2027~2031 수립 추진)
11200550,상도3동,63.996710786361874,64.95628341314475,62.76556797153032,45.51497318454989,68.43971631205673,68.794574061573,28.37570089524048,79.40828402366864,31.679146346882703,65.9171597633136,74.1305172999867,2,활동적 도심형,1.524390243902439,1.458029577171423,1.7091648189209163,0,1,0,0,1,0,1,1형: 단일 결핍형,복지,"동 중심 원스톱 통합돌봄, 돌봄SOS, 1인가구 건강·이사·마음 동행서비스, 고립가구 위기정보 기반 발굴",복지밀도 하위30%,서울청년기지개센터·기지개LAB 집중 발굴 / 외로움 없는 서울 관계형성 프로그램,행정정보 기반 위기가구 선제 발굴 / 우리동네돌봄단 안부확인 / 중장년 취업사관학교·50+캠퍼스 연계,동 중심 원스톱 통합돌봄 우선 적용 / 돌봄SOS / 9988 서울 프로젝트 리액트 라운지 연계 / 시니어 취업사관학교 5개소 연계,현행·지속 + 2026년 신규 시행 중,2026.3 신규 시행·현재 시행 중 / 2026년 확대 추진 중,"동 중심 원스톱 통합돌봄(2026.3 신규 시행), 돌봄SOS(현행), 우리동네돌봄단(현행), 고립가구 위기정보 기반 발굴 시스템(2026년 도입), 1인가구 건강·이사·마음 동행서비스(2026년 통합지원)",9988 서울 프로젝트 리액트 센터(~2035년 중장기 조성)
11200560,상도4동,63.04037270673779,64.29412260825583,60.33955909543839,40.36762737348728,58.15602836879432,79.26108971130652,32.53423243523413,65.20710059171597,38.35259368790177,52.89940828402367,75.89832768544387,0,1인가구 집중형,0.9251810136765888,1.6286644951140066,1.3676588897827835,1,1,0,1,1,0,2,2형: 복합 결핍형,의료·복지,"동 중심 원스톱 통합돌봄, 돌봄SOS, 자치구 마음상담소·심리상담바우처, 1인가구 건강·마음 동행서비스, 고립가구 위기정보 기반 발굴","의료밀도 하위30%, 복지밀도 하위30%",서울청년기지개센터·기지개LAB 기반 사회진입 지원 / 서울마음편의점·자치구 마음상담소·심리상담바우처 연계 / 외로움 없는 서울 관계형성 프로그램 / 고립·은둔청년 온라인 진입 서비스 우선 안내,행정정보 기반 위기가구 선제 발굴(실직·폐업·이혼 등) 우선지역 지정 / 1인가구 건강·이사·마음 동행서비스 / 중장년 취업사관학교(50+캠퍼스) 원스톱 취업지원 연계 / 자치구 마음상담소·심리상담바우처 / 손목닥터9988 우울·불안 자가검진 안내,동 중심 원스톱 통합돌봄 우선 적용 / 돌봄SOS 긴급돌봄·중장기 돌봄서비스 연계 / 서울건강장수센터·방문건강관리 / 노인맞춤돌봄서비스 중점돌봄군 우선 지정 / 어르신 돌봄시설 확충 우선 검토 / 손목닥터9988 우울·불안 자가검진 연계,현행·지속 + 2026년 신규 시행 중,2026.3 신규 시행·현재 시행 중 / 2026년 확대 추진 중,"동 중심 원스톱 통합돌봄(2026.3 신규 시행), 돌봄SOS(현행), 우리동네돌봄단(현행), 서울건강장수센터(2026년 33개소 확대), 방문건강관리(현행), 자치구 마음상담소(현행·확대), 심리상담바우처(현행·확대), 손목닥터9988(2026년 확대), 1인가구 건강·이사·마음 동행서비스(2026년 통합지원), 고립가구 위기정보 기반 발굴 시스템(2026년 도입)","9988 서울 프로젝트 리액트 센터(~2035년 중장기 조성), 1인가구 지원 5개년 종합계획(2027~2031 수립 추진)"
11200630,사당1동,54.26308800960945,55.62606974438316,53.54790054992517,67.6200070754981,25.059101654846344,76.78861483142822,44.55311905905933,40.0,33.76333077218545,33.37278106508876,78.03280227268226,0,1인가구 집중형,2.2741270668498603,1.259763164525069,0.8054200028426589,0,1,1,0,1,1,2,2형: 복합 결핍형,복지·교통,"돌봄SOS, 우리동네돌봄단 안부확인, 서울동행맵, 저상버스·교통약자 이동지원","복지밀도 하위30%, 교통밀도 하위30%",외로움 없는 서울 관계형성 프로그램 / 서울청년기지개센터 집중 발굴 / 서울동행맵·저상버스 등 이동지원 안내,1인가구 건강·이사·마음 동행서비스 / 우리동네돌봄단 안부확인 / 중장년 취업사관학교·50+캠퍼스 연계 / 서울동행맵·마을버스 서비스 개선 활용,돌봄SOS 긴급돌봄·중장기 돌봄서비스 연계 / 9988 서울 프로젝트(리액트 라운지·시니어 동행상점) / 서울동행맵·저상버스·교통약자 이동지원 / 안심돌봄가정 확충 / 시니어 취업사관학교 5개소 연계,현행·지속 + 2026년 신규 시행 중 + 2026년 시행 예정 연계,2026.3 신규 시행·현재 시행 중 / 2026.3Q~4Q 예정,"동 중심 원스톱 통합돌봄(2026.3 신규 시행), 돌봄SOS(현행), 우리동네돌봄단(현행), 서울동행맵(현행·고도화 추진), 저상버스 확대(2026년 추진), 장애인콜택시 증차(2026년 추진), 바우처택시(현행), 1인가구 건강·이사·마음 동행서비스(2026년 통합지원)","서울동행맵 AI 음성 안내(2026년 3분기 예정), 서울동행맵 보행경로 내비게이션(2026년 4분기 예정), 9988 서울 프로젝트 리액트 센터(~2035년 중장기 조성)"
11200650,사당3동,67.91382335001258,69.23315063575117,56.39814302466256,27.19830027073505,77.06855791962175,79.11685032004216,19.648028870032448,84.14201183431953,19.54344162996051,71.83431952662723,60.77209525411316,2,활동적 도심형,0.9318293281020108,2.707769214746928,1.373222167729279,1,0,0,1,0,0,1,1형: 단일 결핍형,의료,"서울건강장수센터·방문건강관리, 자치구 마음상담소·심리상담바우처, 공공의료 접근성 안내",의료밀도 하위30%,자치구 마음상담소·심리상담바우처 / 고립·은둔청년 온라인 진입 서비스 안내,행정정보 기반 위기가구 선제 발굴 / 자치구 마음상담소·심리상담바우처 / 손목닥터9988 우울·불안 자가검진 안내,서울건강장수센터·방문건강관리 연계 / 돌봄SOS 안내 / 손목닥터9988 우울·불안 자가검진 연계,현행·지속 + 2026년 확대 추진 중,2026년 확대 추진 중,"서울건강장수센터(2026년 33개소 확대), 방문건강관리(현행), 자치구 마음상담소(현행·확대), 심리상담바우처(현행·확대), 손목닥터9988(2026년 확대)","서울동행맵 AI 음성 안내(2026년 3분기 예정), 서울동행맵 보행경로 내비게이션(2026년 4분기 예정)"
11200660,사당4동,,,,,71.39479905437352,86.48888456385833,,87.10059171597634,,77.75147928994083,70.42564786523243,-1,미분류,1.7438173747622068,2.0768431983385254,0.4755865567533291,0,1,1,0,0,1,2,2형: 복합 결핍형,복지·교통,"돌봄SOS, 우리동네돌봄단 안부확인, 서울동행맵, 저상버스·교통약자 이동지원","복지밀도 중앙값 미만, 교통밀도 하위30%",외로움 없는 서울 관계형성 프로그램 / 서울청년기지개센터 집중 발굴 / 서울동행맵·저상버스 등 이동지원 안내,1인가구 건강·이사·마음 동행서비스 / 우리동네돌봄단 안부확인 / 중장년 취업사관학교·50+캠퍼스 연계 / 서울동행맵·마을버스 서비스 개선 활용,돌봄SOS 긴급돌봄·중장기 돌봄서비스 연계 / 9988 서울 프로젝트(리액트 라운지·시니어 동행상점) / 서울동행맵·저상버스·교통약자 이동지원 / 안심돌봄가정 확충 / 시니어 취업사관학교 5개소 연계,현행·지속 + 2026년 신규 시행 중 + 2026년 시행 예정 연계,2026.3 신규 시행·현재 시행 중 / 2026.3Q~4Q 예정,"동 중심 원스톱 통합돌봄(2026.3 신규 시행), 돌봄SOS(현행), 우리동네돌봄단(현행), 서울동행맵(현행·고도화 추진), 저상버스 확대(2026년 추진), 장애인콜택시 증차(2026년 추진), 바우처택시(현행), 1인가구 건강·이사·마음 동행서비스(2026년 통합지원)","서울동행맵 AI 음성 안내(2026년 3분기 예정), 서울동행맵 보행경로 내비게이션(2026년 4분기 예정), 9988 서울 프로젝트 리액트 센터(~2035년 중장기 조성)"
11200670,사당5동,69.76129723530505,68.09126179506684,61.805563517715264,49.99185913960682,78.72340425531915,70.68390926314007,27.964230094024444,85.56213017751479,41.24380837225127,78.69822485207101,57.80538476675591,2,활동적 도심형,0.5655194700274682,2.783300198807157,2.100500888673453,1,0,0,1,0,0,1,1형: 단일 결핍형,의료,"서울건강장수센터·방문건강관리, 자치구 마음상담소·심리상담바우처, 공공의료 접근성 안내",의료밀도 하위30%,자치구 마음상담소·심리상담바우처 / 고립·은둔청년 온라인 진입 서비스 안내,행정정보 기반 위기가구 선제 발굴 / 자치구 마음상담소·심리상담바우처 / 손목닥터9988 우울·불안 자가검진 안내,서울건강장수센터·방문건강관리 연계 / 돌봄SOS 안내 / 손목닥터9988 우울·불안 자가검진 연계,현행·지속 + 2026년 확대 추진 중,2026년 확대 추진 중,"서울건강장수센터(2026년 33개소 확대), 방문건강관리(현행), 자치구 마음상담소(현행·확대), 심리상담바우처(현행·확대), 손목닥터9988(2026년 확대)","서울동행맵 AI 음성 안내(2026년 3분기 예정), 서울동행맵 보행경로 내비게이션(2026년 4분기 예정)"
11200680,대방동,41.94715381513824,36.6016035609504,33.533039041764425,42.62163381687651,20.212765957446805,63.34430167196052,18.92296475668888,18.69822485207102,27.629359029094942,13.72781065088759,51.56096335141063,3,생활안정형,1.80517264014704,2.922971114167813,1.903636602336878,0,0,0,0,0,0,0,0형: 인프라 양호형,없음,"외로움 없는 서울, 1인가구 맞춤형 지원, 마음건강서비스 안내 및 정기 모니터링",인프라 상대 양호,서울마음편의점·외로움 없는 서울 관계형성 프로그램 안내 / 정기 모니터링 / 365 서울챌린지·참여형 안부확인 적립금 연계,1인가구 건강·이사·마음 동행서비스 안내 / 정기 모니터링 / 365 서울챌린지·참여형 안부확인 적립금 연계,노인맞춤돌봄서비스 안내 / 9988 서울 프로젝트 정보 제공 / 정기 모니터링 / 365 서울챌린지·참여형 안부확인 적립금 연계 / 시니어 취업사관학교 5개소 연계,현행·지속 운영 + 정기 모니터링,2026년 지속,"외로움 없는 서울(현행·확대), 우리동네돌봄단(현행), 1인가구 건강·이사·마음 동행서비스(2026년 통합지원)",1인가구 지원 5개년 종합계획(2027~2031 수립 추진)
11200690,신대방1동,61.20861516792476,61.588545361720215,55.77545957814006,32.665968122819535,53.07328605200946,83.61526780639268,19.52875924315297,60.591715976331365,32.19383038553183,56.68639053254439,65.54768181031814,2,활동적 도심형,1.3643254168772108,2.410219329959026,0.8590197069226881,1,0,1,0,0,1,2,2형: 복합 결핍형,의료·교통,"서울건강장수센터·방문건강관리, 서울동행맵, 저상버스·교통약자 이동지원, 마을버스 서비스 개선","의료밀도 중앙값 미만, 교통밀도 하위30%",고립·은둔청년 온라인 진입 서비스 및 지역거점 15개소 우선 안내 / 자치구 마음상담소·심리상담바우처 / 서울동행맵 기반 이동지원 안내,행정정보 기반 위기가구 선제 발굴 우선지역 지정 / 중장년 취업사관학교·50+캠퍼스 상담·훈련·취업·사후관리 / 서울동행맵·저상버스 이동지원 안내 / 자치구 마음상담소 연계 / 손목닥터9988 우울·불안 자가검진 안내,서울건강장수센터·방문건강관리 연계 / 서울동행맵(AI 음성안내·보행경로) 우선 안내 / 저상버스·장애인콜택시·바우처택시 이동지원 / 9988 서울 프로젝트 우리동네 리액트 라운지 연계 / 손목닥터9988 우울·불안 자가검진 연계,현행·지속 + 2026년 확대 추진 중 + 2026년 시행 예정 연계,2026년 확대 추진 중 / 2026.3Q~4Q 예정,"서울건강장수센터(2026년 33개소 확대), 방문건강관리(현행), 서울동행맵(현행·고도화 추진), 저상버스 확대(2026년 추진), 장애인콜택시 증차(2026년 추진), 바우처택시(현행), 마을버스 서비스 개선(2026년 추진), 손목닥터9988(2026년 확대), 자치구 마음상담소(현행·확대)","서울동행맵 AI 음성 안내(2026년 3분기 예정), 서울동행맵 보행경로 내비게이션(2026년 4분기 예정)"
11200700,신대방2동,47.49445607201234,40.81000055449289,32.592059701032824,51.001862492109495,26.95035460992908,66.28485432404702,22.72289767466626,24.37869822485208,26.74481730302712,13.37278106508876,50.13916192810296,3,생활안정형,1.644475094159461,3.1073446327683616,1.8036178452071507,0,0,0,0,0,0,0,0형: 인프라 양호형,없음,"외로움 없는 서울, 1인가구 맞춤형 지원, 마음건강서비스 안내 및 정기 모니터링",인프라 상대 양호,서울마음편의점·외로움 없는 서울 관계형성 프로그램 안내 / 정기 모니터링 / 365 서울챌린지·참여형 안부확인 적립금 연계,1인가구 건강·이사·마음 동행서비스 안내 / 정기 모니터링 / 365 서울챌린지·참여형 안부확인 적립금 연계,노인맞춤돌봄서비스 안내 / 9988 서울 프로젝트 정보 제공 / 정기 모니터링 / 365 서울챌린지·참여형 안부확인 적립금 연계 / 시니어 취업사관학교 5개소 연계,현행·지속 운영 + 정기 모니터링,2026년 지속,"외로움 없는 서울(현행·확대), 우리동네돌봄단(현행), 1인가구 건강·이사·마음 동행서비스(2026년 통합지원)",1인가구 지원 5개년 종합계획(2027~2031 수립 추진)
11200710,흑석동,35.66521543596621,40.44480248056981,36.45066671826952,27.5314644556,11.820330969267133,63.57697539284838,14.478345640820894,30.295857988165693,21.88406834930986,25.088757396449708,51.761751021444766,3,생활안정형,1.8085315510123845,2.9131870266071083,1.8871633575781404,0,0,0,0,0,0,0,0형: 인프라 양호형,없음,"외로움 없는 서울, 1인가구 맞춤형 지원, 마음건강서비스 안내 및 정기 모니터링",인프라 상대 양호,서울마음편의점·외로움 없는 서울 관계형성 프로그램 안내 / 정기 모니터링 / 365 서울챌린지·참여형 안부확인 적립금 연계,1인가구 건강·이사·마음 동행서비스 안내 / 정기 모니터링 / 365 서울챌린지·참여형 안부확인 적립금 연계,노인맞춤돌봄서비스 안내 / 9988 서울 프로젝트 정보 제공 / 정기 모니터링 / 365 서울챌린지·참여형 안부확인 적립금 연계 / 시니어 취업사관학교 5개소 연계,현행·지속 운영 + 정기 모니터링,2026년 지속,"외로움 없는 서울(현행·확대), 우리동네돌봄단(현행), 1인가구 건강·이사·마음 동행서비스(2026년 통합지원)",1인가구 지원 5개년 종합계획(2027~2031 수립 추진)
11200720,노량진1동,47.58476812490048,49.60619008983534,40.738370109865386,64.05770220127694,15.839243498817964,71.09382571279474,31.28708600583571,37.278106508875744,30.401566741069857,37.278106508875744,48.02382107454422,0,1인가구 집중형,1.1173574496316212,3.4257748776508974,1.7807884353503962,1,0,0,0,0,0,1,1형: 단일 결핍형,의료,"서울건강장수센터·방문건강관리, 자치구 마음상담소·심리상담바우처, 공공의료 접근성 안내",의료밀도 중앙값 미만,자치구 마음상담소·심리상담바우처 / 고립·은둔청년 온라인 진입 서비스 안내,행정정보 기반 위기가구 선제 발굴 / 자치구 마음상담소·심리상담바우처 / 손목닥터9988 우울·불안 자가검진 안내,서울건강장수센터·방문건강관리 연계 / 돌봄SOS 안내 / 손목닥터9988 우울·불안 자가검진 연계,현행·지속 + 2026년 확대 추진 중,2026년 확대 추진 중,"서울건강장수센터(2026년 33개소 확대), 방문건강관리(현행), 자치구 마음상담소(현행·확대), 심리상담바우처(현행·확대), 손목닥터9988(2026년 확대)","서울동행맵 AI 음성 안내(2026년 3분기 예정), 서울동행맵 보행경로 내비게이션(2026년 4분기 예정)"
11200730,사당2동,45.97299020831372,42.65525404155137,34.12633119942822,22.54361359314885,29.314420803782497,74.34624792042737,20.796792118381376,21.893491124260365,22.72932562391788,3.905325443786978,62.69689370959824,3,생활안정형,1.9452099205705948,2.345058626465661,1.1347057869995136,0,1,1,0,0,0,2,2형: 복합 결핍형,복지·교통,"돌봄SOS, 우리동네돌봄단 안부확인, 서울동행맵, 저상버스·교통약자 이동지원","복지밀도 중앙값 미만, 교통밀도 중앙값 미만",외로움 없는 서울 관계형성 프로그램 / 서울청년기지개센터 집중 발굴 / 서울동행맵·저상버스 등 이동지원 안내,1인가구 건강·이사·마음 동행서비스 / 우리동네돌봄단 안부확인 / 중장년 취업사관학교·50+캠퍼스 연계 / 서울동행맵·마을버스 서비스 개선 활용,돌봄SOS 긴급돌봄·중장기 돌봄서비스 연계 / 9988 서울 프로젝트(리액트 라운지·시니어 동행상점) / 서울동행맵·저상버스·교통약자 이동지원 / 안심돌봄가정 확충 / 시니어 취업사관학교 5개소 연계,현행·지속 + 2026년 신규 시행 중 + 2026년 시행 예정 연계,2026.3 신규 시행·현재 시행 중 / 2026.3Q~4Q 예정,"동 중심 원스톱 통합돌봄(2026.3 신규 시행), 돌봄SOS(현행), 우리동네돌봄단(현행), 서울동행맵(현행·고도화 추진), 저상버스 확대(2026년 추진), 장애인콜택시 증차(2026년 추진), 바우처택시(현행), 1인가구 건강·이사·마음 동행서비스(2026년 통합지원)","서울동행맵 AI 음성 안내(2026년 3분기 예정), 서울동행맵 보행경로 내비게이션(2026년 4분기 예정), 9988 서울 프로젝트 리액트 센터(~2035년 중장기 조성)"
11210520,보라매동,67.26834637162072,71.57817946010908,67.35985901919146,54.373540491150365,62.05673758865248,78.92735809482413,33.882334957050944,83.07692307692308,34.152190821425314,72.54437869822485,78.08641846783934,0,1인가구 집중형,1.0165888822143154,1.4537902388369677,1.3400489811006884,1,1,1,1,1,0,3,3형: 삼중 결핍형,의료·복지·교통,"동 중심 원스톱 통합돌봄, 돌봄SOS, 외로움 없는 서울(서울마음편의점·서울잇다플레이스), 고립가구 위기정보 기반 발굴·우리동네돌봄단, 1인가구 건강·이사·마음 동행서비스, 서울동행맵·저상버스·교통약자 이동지원, 자치구 마음상담소·심리상담바우처","의료밀도 하위30%, 복지밀도 하위30%, 교통밀도 중앙값 미만",서울청년기지개센터·기지개LAB 사회진입 지원 / 고립·은둔청년 온라인 서비스·지역거점 우선 안내 / 서울마음편의점·자치구 마음상담소·심리상담바우처 / 외로움 없는 서울 관계형성 프로그램 / 서울동행맵 이동 안내 / 365 서울챌린지·참여형 안부확인 적립금 연계,행정정보 기반 위기가구 선제 발굴 우선지역 지정 / 우리동네돌봄단 안부확인 / 1인가구 건강·이사·마음 동행서비스 / 중장년 취업사관학교(50+캠퍼스) 원스톱 취업지원 / 자치구 마음상담소·심리상담바우처 / 서울동행맵·저상버스·교통약자 이동지원 안내 / 손목닥터9988 우울·불안 자가검진 안내 / 365 서울챌린지·참여형 안부확인 적립금 연계,동 중심 원스톱 통합돌봄 우선 적용 / 돌봄SOS 긴급돌봄·중장기 돌봄연계 / 9988 서울 프로젝트(리액트 센터·라운지·시니어 동행상점·어르신 일자리) / 서울건강장수센터·방문건강관리 / 서울동행맵·저상버스·장애인콜택시 이동지원 / 어르신 돌봄시설 확충 우선 검토 / 손목닥터9988 우울·불안 자가검진 연계 / 365 서울챌린지·참여형 안부확인 적립금 연계 / 시니어 취업사관학교 5개소 연계,현행·지속 + 2026년 신규 시행 중 + 2026년 시행 예정 연계,2026.3 신규 시행·현재 시행 중 / 2026.3Q~4Q 예정,"동 중심 원스톱 통합돌봄(2026.3 신규 시행), 돌봄SOS(현행), 외로움 없는 서울(현행·확대), 우리동네돌봄단(현행), 고립가구 위기정보 기반 발굴 시스템(2026년 도입), 1인가구 건강·이사·마음 동행서비스(2026년 통합지원), 서울건강장수센터(2026년 33개소 확대), 방문건강관리(현행), 자치구 마음상담소(현행·확대), 심리상담바우처(현행·확대), 손목닥터9988(2026년 확대), 365 서울챌린지(2026년 추진), 참여형 안부확인 적립금(2026년 추진), 저상버스 확대(2026년 추진), 장애인콜택시 증차(2026년 추진), 바우처택시(현행)","서울동행맵 AI 음성 안내(2026년 3분기 예정), 서울동행맵 보행경로 내비게이션(2026년 4분기 예정), 9988 서울 프로젝트 리액트 센터(~2035년 중장기 조성)"
11210540,청림동,79.990252115735,80.29523724938872,76.19558746681676,16.823307734771685,98.81796690307328,92.74600951887837,18.351031114512253,98.81656804733728,30.150023673672887,98.46153846153848,79.34232060120827,2,활동적 도심형,0.5550709697882801,1.7164435290078957,0.7136626754420743,1,1,1,1,1,1,3,3형: 삼중 결핍형,의료·복지·교통,"동 중심 원스톱 통합돌봄, 돌봄SOS, 외로움 없는 서울(서울마음편의점·서울잇다플레이스), 고립가구 위기정보 기반 발굴·우리동네돌봄단, 1인가구 건강·이사·마음 동행서비스, 서울동행맵·저상버스·교통약자 이동지원, 자치구 마음상담소·심리상담바우처","의료밀도 하위30%, 복지밀도 하위30%, 교통밀도 하위30%",서울청년기지개센터·기지개LAB 사회진입 지원 / 고립·은둔청년 온라인 서비스·지역거점 우선 안내 / 서울마음편의점·자치구 마음상담소·심리상담바우처 / 외로움 없는 서울 관계형성 프로그램 / 서울동행맵 이동 안내 / 365 서울챌린지·참여형 안부확인 적립금 연계,행정정보 기반 위기가구 선제 발굴 우선지역 지정 / 우리동네돌봄단 안부확인 / 1인가구 건강·이사·마음 동행서비스 / 중장년 취업사관학교(50+캠퍼스) 원스톱 취업지원 / 자치구 마음상담소·심리상담바우처 / 서울동행맵·저상버스·교통약자 이동지원 안내 / 손목닥터9988 우울·불안 자가검진 안내 / 365 서울챌린지·참여형 안부확인 적립금 연계,동 중심 원스톱 통합돌봄 우선 적용 / 돌봄SOS 긴급돌봄·중장기 돌봄연계 / 9988 서울 프로젝트(리액트 센터·라운지·시니어 동행상점·어르신 일자리) / 서울건강장수센터·방문건강관리 / 서울동행맵·저상버스·장애인콜택시 이동지원 / 어르신 돌봄시설 확충 우선 검토 / 손목닥터9988 우울·불안 자가검진 연계 / 365 서울챌린지·참여형 안부확인 적립금 연계 / 시니어 취업사관학교 5개소 연계,현행·지속 + 2026년 신규 시행 중 + 2026년 시행 예정 연계,2026.3 신규 시행·현재 시행 중 / 2026.3Q~4Q 예정,"동 중심 원스톱 통합돌봄(2026.3 신규 시행), 돌봄SOS(현행), 외로움 없는 서울(현행·확대), 우리동네돌봄단(현행), 고립가구 위기정보 기반 발굴 시스템(2026년 도입), 1인가구 건강·이사·마음 동행서비스(2026년 통합지원), 서울건강장수센터(2026년 33개소 확대), 방문건강관리(현행), 자치구 마음상담소(현행·확대), 심리상담바우처(현행·확대), 손목닥터9988(2026년 확대), 365 서울챌린지(2026년 추진), 참여형 안부확인 적립금(2026년 추진), 저상버스 확대(2026년 추진), 장애인콜택시 증차(2026년 추진), 바우처택시(현행)","서울동행맵 AI 음성 안내(2026년 3분기 예정), 서울동행맵 보행경로 내비게이션(2026년 4분기 예정), 9988 서울 프로젝트 리액트 센터(~2035년 중장기 조성)"
11210570,행운동,62.146976278490456,68.14083532262154,60.29309880683206,74.75975432470214,34.98817966903073,82.99938386484433,41.45097101359653,66.62721893491126,35.52746076149956,53.25443786982249,76.77456311132062,0,1인가구 집중형,1.8617813523979745,1.5330705212439772,0.6330056598153113,0,1,1,0,1,1,2,2형: 복합 결핍형,복지·교통,"돌봄SOS, 우리동네돌봄단 안부확인, 서울동행맵, 저상버스·교통약자 이동지원","복지밀도 하위30%, 교통밀도 하위30%",외로움 없는 서울 관계형성 프로그램 / 서울청년기지개센터 집중 발굴 / 서울동행맵·저상버스 등 이동지원 안내,1인가구 건강·이사·마음 동행서비스 / 우리동네돌봄단 안부확인 / 중장년 취업사관학교·50+캠퍼스 연계 / 서울동행맵·마을버스 서비스 개선 활용,돌봄SOS 긴급돌봄·중장기 돌봄서비스 연계 / 9988 서울 프로젝트(리액트 라운지·시니어 동행상점) / 서울동행맵·저상버스·교통약자 이동지원 / 안심돌봄가정 확충 / 시니어 취업사관학교 5개소 연계,현행·지속 + 2026년 신규 시행 중 + 2026년 시행 예정 연계,2026.3 신규 시행·현재 시행 중 / 2026.3Q~4Q 예정,"동 중심 원스톱 통합돌봄(2026.3 신규 시행), 돌봄SOS(현행), 우리동네돌봄단(현행), 서울동행맵(현행·고도화 추진), 저상버스 확대(2026년 추진), 장애인콜택시 증차(2026년 추진), 바우처택시(현행), 1인가구 건강·이사·마음 동행서비스(2026년 통합지원)","서울동행맵 AI 음성 안내(2026년 3분기 예정), 서울동행맵 보행경로 내비게이션(2026년 4분기 예정), 9988 서울 프로젝트 리액트 센터(~2035년 중장기 조성)"
11210580,낙성대동,43.98283314376076,52.50237100367495,59.499359660627306,89.21714136533517,12.174940898345156,53.17357127838916,50.60258228408159,52.781065088757394,38.04223478925333,61.42011834319527,67.54193618368511,0,1인가구 집중형,2.613077832389722,1.4627011214041932,2.115348721458346,0,1,0,0,1,0,1,1형: 단일 결핍형,복지,"동 중심 원스톱 통합돌봄, 돌봄SOS, 1인가구 건강·이사·마음 동행서비스, 고립가구 위기정보 기반 발굴",복지밀도 하위30%,서울청년기지개센터·기지개LAB 집중 발굴 / 외로움 없는 서울 관계형성 프로그램,행정정보 기반 위기가구 선제 발굴 / 우리동네돌봄단 안부확인 / 중장년 취업사관학교·50+캠퍼스 연계,동 중심 원스톱 통합돌봄 우선 적용 / 돌봄SOS / 9988 서울 프로젝트 리액트 라운지 연계 / 시니어 취업사관학교 5개소 연계,현행·지속 + 2026년 신규 시행 중,2026.3 신규 시행·현재 시행 중 / 2026년 확대 추진 중,"동 중심 원스톱 통합돌봄(2026.3 신규 시행), 돌봄SOS(현행), 우리동네돌봄단(현행), 고립가구 위기정보 기반 발굴 시스템(2026년 도입), 1인가구 건강·이사·마음 동행서비스(2026년 통합지원)",9988 서울 프로젝트 리액트 센터(~2035년 중장기 조성)
11210610,중앙동,61.20006095264199,69.33086771893741,69.43377376165886,84.83527436076825,51.77304964539008,58.80946555583075,46.78688677296635,91.1242603550296,43.87173742477309,82.9585798816568,70.27538515138745,0,1인가구 집중형,4.09352667730521,1.2091898428053205,0.9713453132588636,0,1,1,0,1,1,2,2형: 복합 결핍형,복지·교통,"돌봄SOS, 우리동네돌봄단 안부확인, 서울동행맵, 저상버스·교통약자 이동지원","복지밀도 하위30%, 교통밀도 하위30%",외로움 없는 서울 관계형성 프로그램 / 서울청년기지개센터 집중 발굴 / 서울동행맵·저상버스 등 이동지원 안내,1인가구 건강·이사·마음 동행서비스 / 우리동네돌봄단 안부확인 / 중장년 취업사관학교·50+캠퍼스 연계 / 서울동행맵·마을버스 서비스 개선 활용,돌봄SOS 긴급돌봄·중장기 돌봄서비스 연계 / 9988 서울 프로젝트(리액트 라운지·시니어 동행상점) / 서울동행맵·저상버스·교통약자 이동지원 / 안심돌봄가정 확충 / 시니어 취업사관학교 5개소 연계,현행·지속 + 2026년 신규 시행 중 + 2026년 시행 예정 연계,2026.3 신규 시행·현재 시행 중 / 2026.3Q~4Q 예정,"동 중심 원스톱 통합돌봄(2026.3 신규 시행), 돌봄SOS(현행), 우리동네돌봄단(현행), 서울동행맵(현행·고도화 추진), 저상버스 확대(2026년 추진), 장애인콜택시 증차(2026년 추진), 바우처택시(현행), 1인가구 건강·이사·마음 동행서비스(2026년 통합지원)","서울동행맵 AI 음성 안내(2026년 3분기 예정), 서울동행맵 보행경로 내비게이션(2026년 4분기 예정), 9988 서울 프로젝트 리액트 센터(~2035년 중장기 조성)"
11210620,인헌동,57.16654182544198,62.435138499201855,58.73344828926774,67.2791167369036,31.205673758865245,78.07112243628791,34.85001567077071,60.591715976331365,31.686860509916187,50.41420118343195,77.2246794957407,0,1인가구 집중형,1.6258771179188771,1.4234875444839858,1.0696559986308405,0,1,1,0,1,1,2,2형: 복합 결핍형,복지·교통,"돌봄SOS, 우리동네돌봄단 안부확인, 서울동행맵, 저상버스·교통약자 이동지원","복지밀도 하위30%, 교통밀도 하위30%",외로움 없는 서울 관계형성 프로그램 / 서울청년기지개센터 집중 발굴 / 서울동행맵·저상버스 등 이동지원 안내,1인가구 건강·이사·마음 동행서비스 / 우리동네돌봄단 안부확인 / 중장년 취업사관학교·50+캠퍼스 연계 / 서울동행맵·마을버스 서비스 개선 활용,돌봄SOS 긴급돌봄·중장기 돌봄서비스 연계 / 9988 서울 프로젝트(리액트 라운지·시니어 동행상점) / 서울동행맵·저상버스·교통약자 이동지원 / 안심돌봄가정 확충 / 시니어 취업사관학교 5개소 연계,현행·지속 + 2026년 신규 시행 중 + 2026년 시행 예정 연계,2026.3 신규 시행·현재 시행 중 / 2026.3Q~4Q 예정,"동 중심 원스톱 통합돌봄(2026.3 신규 시행), 돌봄SOS(현행), 우리동네돌봄단(현행), 서울동행맵(현행·고도화 추진), 저상버스 확대(2026년 추진), 장애인콜택시 증차(2026년 추진), 바우처택시(현행), 1인가구 건강·이사·마음 동행서비스(2026년 통합지원)","서울동행맵 AI 음성 안내(2026년 3분기 예정), 서울동행맵 보행경로 내비게이션(2026년 4분기 예정), 9988 서울 프로젝트 리액트 센터(~2035년 중장기 조성)"
11210630,남현동,56.93838965663748,58.01772031495604,54.43323867029762,57.39935561978166,28.132387706855795,85.51390862484709,31.96019260910964,43.550295857988175,26.464979555920472,30.532544378698248,85.45300494793142,0,1인가구 집중형,1.7164224851345553,0.9832841691248771,0.5517072273646785,0,1,1,0,1,1,2,2형: 복합 결핍형,복지·교통,"돌봄SOS, 우리동네돌봄단 안부확인, 서울동행맵, 저상버스·교통약자 이동지원","복지밀도 하위30%, 교통밀도 하위30%",외로움 없는 서울 관계형성 프로그램 / 서울청년기지개센터 집중 발굴 / 서울동행맵·저상버스 등 이동지원 안내,1인가구 건강·이사·마음 동행서비스 / 우리동네돌봄단 안부확인 / 중장년 취업사관학교·50+캠퍼스 연계 / 서울동행맵·마을버스 서비스 개선 활용,돌봄SOS 긴급돌봄·중장기 돌봄서비스 연계 / 9988 서울 프로젝트(리액트 라운지·시니어 동행상점) / 서울동행맵·저상버스·교통약자 이동지원 / 안심돌봄가정 확충 / 시니어 취업사관학교 5개소 연계,현행·지속 + 2026년 신규 시행 중 + 2026년 시행 예정 연계,2026.3 신규 시행·현재 시행 중 / 2026.3Q~4Q 예정,"동 중심 원스톱 통합돌봄(2026.3 신규 시행), 돌봄SOS(현행), 우리동네돌봄단(현행), 서울동행맵(현행·고도화 추진), 저상버스 확대(2026년 추진), 장애인콜택시 증차(2026년 추진), 바우처택시(현행), 1인가구 건강·이사·마음 동행서비스(2026년 통합지원)","서울동행맵 AI 음성 안내(2026년 3분기 예정), 서울동행맵 보행경로 내비게이션(2026년 4분기 예정), 9988 서울 프로젝트 리액트 센터(~2035년 중장기 조성)"
11210640,서원동,54.08443453588184,65.6888258610442,61.83744122947192,78.2097415680593,19.14893617021277,76.95727938546216,50.97927467630843,61.77514792899409,36.67465790043328,51.83431952662723,80.80110625570163,0,1인가구 집중형,1.5190572638556437,1.1564035848511132,1.1968329957650523,0,1,1,0,1,0,2,2형: 복합 결핍형,복지·교통,"돌봄SOS, 우리동네돌봄단 안부확인, 서울동행맵, 저상버스·교통약자 이동지원","복지밀도 하위30%, 교통밀도 중앙값 미만",외로움 없는 서울 관계형성 프로그램 / 서울청년기지개센터 집중 발굴 / 서울동행맵·저상버스 등 이동지원 안내,1인가구 건강·이사·마음 동행서비스 / 우리동네돌봄단 안부확인 / 중장년 취업사관학교·50+캠퍼스 연계 / 서울동행맵·마을버스 서비스 개선 활용,돌봄SOS 긴급돌봄·중장기 돌봄서비스 연계 / 9988 서울 프로젝트(리액트 라운지·시니어 동행상점) / 서울동행맵·저상버스·교통약자 이동지원 / 안심돌봄가정 확충 / 시니어 취업사관학교 5개소 연계,현행·지속 + 2026년 신규 시행 중 + 2026년 시행 예정 연계,2026.3 신규 시행·현재 시행 중 / 2026.3Q~4Q 예정,"동 중심 원스톱 통합돌봄(2026.3 신규 시행), 돌봄SOS(현행), 우리동네돌봄단(현행), 서울동행맵(현행·고도화 추진), 저상버스 확대(2026년 추진), 장애인콜택시 증차(2026년 추진), 바우처택시(현행), 1인가구 건강·이사·마음 동행서비스(2026년 통합지원)","서울동행맵 AI 음성 안내(2026년 3분기 예정), 서울동행맵 보행경로 내비게이션(2026년 4분기 예정), 9988 서울 프로젝트 리액트 센터(~2035년 중장기 조성)"
11210650,신원동,75.48295632701374,84.40132003436293,81.34706574950997,71.18560240641084,64.42080378250591,88.69378583182299,51.71962022414498,96.44970414201184,44.6149532128937,92.42603550295858,89.05547262421273,0,1인가구 집중형,0.9041046350430956,0.8917954815695601,0.783557350370683,1,1,1,1,1,1,3,3형: 삼중 결핍형,의료·복지·교통,"동 중심 원스톱 통합돌봄, 돌봄SOS, 외로움 없는 서울(서울마음편의점·서울잇다플레이스), 고립가구 위기정보 기반 발굴·우리동네돌봄단, 1인가구 건강·이사·마음 동행서비스, 서울동행맵·저상버스·교통약자 이동지원, 자치구 마음상담소·심리상담바우처","의료밀도 하위30%, 복지밀도 하위30%, 교통밀도 하위30%",서울청년기지개센터·기지개LAB 사회진입 지원 / 고립·은둔청년 온라인 서비스·지역거점 우선 안내 / 서울마음편의점·자치구 마음상담소·심리상담바우처 / 외로움 없는 서울 관계형성 프로그램 / 서울동행맵 이동 안내 / 365 서울챌린지·참여형 안부확인 적립금 연계,행정정보 기반 위기가구 선제 발굴 우선지역 지정 / 우리동네돌봄단 안부확인 / 1인가구 건강·이사·마음 동행서비스 / 중장년 취업사관학교(50+캠퍼스) 원스톱 취업지원 / 자치구 마음상담소·심리상담바우처 / 서울동행맵·저상버스·교통약자 이동지원 안내 / 손목닥터9988 우울·불안 자가검진 안내 / 365 서울챌린지·참여형 안부확인 적립금 연계,동 중심 원스톱 통합돌봄 우선 적용 / 돌봄SOS 긴급돌봄·중장기 돌봄연계 / 9988 서울 프로젝트(리액트 센터·라운지·시니어 동행상점·어르신 일자리) / 서울건강장수센터·방문건강관리 / 서울동행맵·저상버스·장애인콜택시 이동지원 / 어르신 돌봄시설 확충 우선 검토 / 손목닥터9988 우울·불안 자가검진 연계 / 365 서울챌린지·참여형 안부확인 적립금 연계 / 시니어 취업사관학교 5개소 연계,현행·지속 + 2026년 신규 시행 중 + 2026년 시행 예정 연계,2026.3 신규 시행·현재 시행 중 / 2026.3Q~4Q 예정,"동 중심 원스톱 통합돌봄(2026.3 신규 시행), 돌봄SOS(현행), 외로움 없는 서울(현행·확대), 우리동네돌봄단(현행), 고립가구 위기정보 기반 발굴 시스템(2026년 도입), 1인가구 건강·이사·마음 동행서비스(2026년 통합지원), 서울건강장수센터(2026년 33개소 확대), 방문건강관리(현행), 자치구 마음상담소(현행·확대), 심리상담바우처(현행·확대), 손목닥터9988(2026년 확대), 365 서울챌린지(2026년 추진), 참여형 안부확인 적립금(2026년 추진), 저상버스 확대(2026년 추진), 장애인콜택시 증차(2026년 추진), 바우처택시(현행)","서울동행맵 AI 음성 안내(2026년 3분기 예정), 서울동행맵 보행경로 내비게이션(2026년 4분기 예정), 9988 서울 프로젝트 리액트 센터(~2035년 중장기 조성)"
11210660,서림동,70.53377580185187,81.6891145413853,68.03794037292292,80.07737386101348,51.41843971631206,84.87731285781089,58.80929018657094,89.94082840236686,36.3384650918597,86.3905325443787,67.85235769781875,0,1인가구 집중형,0.594611901385903,2.365308804204993,1.189223802771806,1,0,1,1,0,0,2,2형: 복합 결핍형,의료·교통,"서울건강장수센터·방문건강관리, 서울동행맵, 저상버스·교통약자 이동지원, 마을버스 서비스 개선","의료밀도 하위30%, 교통밀도 중앙값 미만",고립·은둔청년 온라인 진입 서비스 및 지역거점 15개소 우선 안내 / 자치구 마음상담소·심리상담바우처 / 서울동행맵 기반 이동지원 안내,행정정보 기반 위기가구 선제 발굴 우선지역 지정 / 중장년 취업사관학교·50+캠퍼스 상담·훈련·취업·사후관리 / 서울동행맵·저상버스 이동지원 안내 / 자치구 마음상담소 연계 / 손목닥터9988 우울·불안 자가검진 안내,서울건강장수센터·방문건강관리 연계 / 서울동행맵(AI 음성안내·보행경로) 우선 안내 / 저상버스·장애인콜택시·바우처택시 이동지원 / 9988 서울 프로젝트 우리동네 리액트 라운지 연계 / 손목닥터9988 우울·불안 자가검진 연계,현행·지속 + 2026년 확대 추진 중 + 2026년 시행 예정 연계,2026년 확대 추진 중 / 2026.3Q~4Q 예정,"서울건강장수센터(2026년 33개소 확대), 방문건강관리(현행), 서울동행맵(현행·고도화 추진), 저상버스 확대(2026년 추진), 장애인콜택시 증차(2026년 추진), 바우처택시(현행), 마을버스 서비스 개선(2026년 추진), 손목닥터9988(2026년 확대), 자치구 마음상담소(현행·확대)","서울동행맵 AI 음성 안내(2026년 3분기 예정), 서울동행맵 보행경로 내비게이션(2026년 4분기 예정)"
11210680,신사동,69.06708617800304,74.4437197374589,72.06189659191784,79.41366427589134,50.118203309692674,82.84267999736923,49.37347537894652,78.57988165680473,44.08573399494594,77.27810650887574,80.43869447738253,0,1인가구 집중형,1.004016064257028,1.3709898546750754,1.0996366418053165,1,1,1,1,1,1,3,3형: 삼중 결핍형,의료·복지·교통,"동 중심 원스톱 통합돌봄, 돌봄SOS, 외로움 없는 서울(서울마음편의점·서울잇다플레이스), 고립가구 위기정보 기반 발굴·우리동네돌봄단, 1인가구 건강·이사·마음 동행서비스, 서울동행맵·저상버스·교통약자 이동지원, 자치구 마음상담소·심리상담바우처","의료밀도 하위30%, 복지밀도 하위30%, 교통밀도 하위30%",서울청년기지개센터·기지개LAB 사회진입 지원 / 고립·은둔청년 온라인 서비스·지역거점 우선 안내 / 서울마음편의점·자치구 마음상담소·심리상담바우처 / 외로움 없는 서울 관계형성 프로그램 / 서울동행맵 이동 안내 / 365 서울챌린지·참여형 안부확인 적립금 연계,행정정보 기반 위기가구 선제 발굴 우선지역 지정 / 우리동네돌봄단 안부확인 / 1인가구 건강·이사·마음 동행서비스 / 중장년 취업사관학교(50+캠퍼스) 원스톱 취업지원 / 자치구 마음상담소·심리상담바우처 / 서울동행맵·저상버스·교통약자 이동지원 안내 / 손목닥터9988 우울·불안 자가검진 안내 / 365 서울챌린지·참여형 안부확인 적립금 연계,동 중심 원스톱 통합돌봄 우선 적용 / 돌봄SOS 긴급돌봄·중장기 돌봄연계 / 9988 서울 프로젝트(리액트 센터·라운지·시니어 동행상점·어르신 일자리) / 서울건강장수센터·방문건강관리 / 서울동행맵·저상버스·장애인콜택시 이동지원 / 어르신 돌봄시설 확충 우선 검토 / 손목닥터9988 우울·불안 자가검진 연계 / 365 서울챌린지·참여형 안부확인 적립금 연계 / 시니어 취업사관학교 5개소 연계,현행·지속 + 2026년 신규 시행 중 + 2026년 시행 예정 연계,2026.3 신규 시행·현재 시행 중 / 2026.3Q~4Q 예정,"동 중심 원스톱 통합돌봄(2026.3 신규 시행), 돌봄SOS(현행), 외로움 없는 서울(현행·확대), 우리동네돌봄단(현행), 고립가구 위기정보 기반 발굴 시스템(2026년 도입), 1인가구 건강·이사·마음 동행서비스(2026년 통합지원), 서울건강장수센터(2026년 33개소 확대), 방문건강관리(현행), 자치구 마음상담소(현행·확대), 심리상담바우처(현행·확대), 손목닥터9988(2026년 확대), 365 서울챌린지(2026년 추진), 참여형 안부확인 적립금(2026년 추진), 저상버스 확대(2026년 추진), 장애인콜택시 증차(2026년 추진), 바우처택시(현행)","서울동행맵 AI 음성 안내(2026년 3분기 예정), 서울동행맵 보행경로 내비게이션(2026년 4분기 예정), 9988 서울 프로젝트 리액트 센터(~2035년 중장기 조성)"
11210690,신림동,54.37752580811463,70.85722141710647,62.57819747412919,100.0,13.356973995271872,72.58684052501468,100.0,54.55621301775148,54.83696957314253,53.25443786982249,73.27055623347292,0,1인가구 집중형,2.51414204902577,1.4814814814814814,0.9428032683846638,0,1,1,0,1,1,2,2형: 복합 결핍형,복지·교통,"돌봄SOS, 우리동네돌봄단 안부확인, 서울동행맵, 저상버스·교통약자 이동지원","복지밀도 하위30%, 교통밀도 하위30%",외로움 없는 서울 관계형성 프로그램 / 서울청년기지개센터 집중 발굴 / 서울동행맵·저상버스 등 이동지원 안내,1인가구 건강·이사·마음 동행서비스 / 우리동네돌봄단 안부확인 / 중장년 취업사관학교·50+캠퍼스 연계 / 서울동행맵·마을버스 서비스 개선 활용,돌봄SOS 긴급돌봄·중장기 돌봄서비스 연계 / 9988 서울 프로젝트(리액트 라운지·시니어 동행상점) / 서울동행맵·저상버스·교통약자 이동지원 / 안심돌봄가정 확충 / 시니어 취업사관학교 5개소 연계,현행·지속 + 2026년 신규 시행 중 + 2026년 시행 예정 연계,2026.3 신규 시행·현재 시행 중 / 2026.3Q~4Q 예정,"동 중심 원스톱 통합돌봄(2026.3 신규 시행), 돌봄SOS(현행), 우리동네돌봄단(현행), 서울동행맵(현행·고도화 추진), 저상버스 확대(2026년 추진), 장애인콜택시 증차(2026년 추진), 바우처택시(현행), 1인가구 건강·이사·마음 동행서비스(2026년 통합지원)","서울동행맵 AI 음성 안내(2026년 3분기 예정), 서울동행맵 보행경로 내비게이션(2026년 4분기 예정), 9988 서울 프로젝트 리액트 센터(~2035년 중장기 조성)"
11210710,난향동,75.03225716073229,76.5489306787495,61.33536565850471,9.61108807732966,99.05437352245865,83.72072534070725,21.457048866179136,96.92307692307692,28.355887104272043,97.15976331360947,48.12949128419333,2,활동적 도심형,0.7179323548181238,3.737682636765206,1.196553924696873,1,0,1,1,0,0,2,2형: 복합 결핍형,의료·교통,"서울건강장수센터·방문건강관리, 서울동행맵, 저상버스·교통약자 이동지원, 마을버스 서비스 개선","의료밀도 하위30%, 교통밀도 중앙값 미만",고립·은둔청년 온라인 진입 서비스 및 지역거점 15개소 우선 안내 / 자치구 마음상담소·심리상담바우처 / 서울동행맵 기반 이동지원 안내,행정정보 기반 위기가구 선제 발굴 우선지역 지정 / 중장년 취업사관학교·50+캠퍼스 상담·훈련·취업·사후관리 / 서울동행맵·저상버스 이동지원 안내 / 자치구 마음상담소 연계 / 손목닥터9988 우울·불안 자가검진 안내,서울건강장수센터·방문건강관리 연계 / 서울동행맵(AI 음성안내·보행경로) 우선 안내 / 저상버스·장애인콜택시·바우처택시 이동지원 / 9988 서울 프로젝트 우리동네 리액트 라운지 연계 / 손목닥터9988 우울·불안 자가검진 연계,현행·지속 + 2026년 확대 추진 중 + 2026년 시행 예정 연계,2026년 확대 추진 중 / 2026.3Q~4Q 예정,"서울건강장수센터(2026년 33개소 확대), 방문건강관리(현행), 서울동행맵(현행·고도화 추진), 저상버스 확대(2026년 추진), 장애인콜택시 증차(2026년 추진), 바우처택시(현행), 마을버스 서비스 개선(2026년 추진), 손목닥터9988(2026년 확대), 자치구 마음상담소(현행·확대)","서울동행맵 AI 음성 안내(2026년 3분기 예정), 서울동행맵 보행경로 내비게이션(2026년 4분기 예정)"
11210720,조원동,45.421191764090686,42.45804985430517,43.282811908477,71.01930457149422,9.692671394799063,68.35065572968054,47.89663011985705,13.846153846153854,41.55569629613641,30.88757396449705,53.69115947039055,0,1인가구 집중형,1.8796992481203008,2.868983104877272,1.547987616099071,0,0,0,0,0,0,0,0형: 인프라 양호형,없음,"외로움 없는 서울, 1인가구 맞춤형 지원, 마음건강서비스 안내 및 정기 모니터링",인프라 상대 양호,서울마음편의점·외로움 없는 서울 관계형성 프로그램 안내 / 정기 모니터링 / 365 서울챌린지·참여형 안부확인 적립금 연계,1인가구 건강·이사·마음 동행서비스 안내 / 정기 모니터링 / 365 서울챌린지·참여형 안부확인 적립금 연계,노인맞춤돌봄서비스 안내 / 9988 서울 프로젝트 정보 제공 / 정기 모니터링 / 365 서울챌린지·참여형 안부확인 적립금 연계 / 시니어 취업사관학교 5개소 연계,현행·지속 운영 + 정기 모니터링,2026년 지속,"외로움 없는 서울(현행·확대), 우리동네돌봄단(현행), 1인가구 건강·이사·마음 동행서비스(2026년 통합지원)",1인가구 지원 5개년 종합계획(2027~2031 수립 추진)
11210730,대학동,46.44355489685985,57.2606476322554,61.428545381013365,92.51341088270176,5.673758865248217,64.17842293555053,82.44343371029426,37.751479289940825,44.25086240943931,51.1242603550296,77.07751505525587,0,1인가구 집중형,0.9560229445506692,1.2165450121654502,2.30314618459934,1,1,0,1,1,0,2,2형: 복합 결핍형,의료·복지,"동 중심 원스톱 통합돌봄, 돌봄SOS, 자치구 마음상담소·심리상담바우처, 1인가구 건강·마음 동행서비스, 고립가구 위기정보 기반 발굴","의료밀도 하위30%, 복지밀도 하위30%",서울청년기지개센터·기지개LAB 기반 사회진입 지원 / 서울마음편의점·자치구 마음상담소·심리상담바우처 연계 / 외로움 없는 서울 관계형성 프로그램 / 고립·은둔청년 온라인 진입 서비스 우선 안내,행정정보 기반 위기가구 선제 발굴(실직·폐업·이혼 등) 우선지역 지정 / 1인가구 건강·이사·마음 동행서비스 / 중장년 취업사관학교(50+캠퍼스) 원스톱 취업지원 연계 / 자치구 마음상담소·심리상담바우처 / 손목닥터9988 우울·불안 자가검진 안내,동 중심 원스톱 통합돌봄 우선 적용 / 돌봄SOS 긴급돌봄·중장기 돌봄서비스 연계 / 서울건강장수센터·방문건강관리 / 노인맞춤돌봄서비스 중점돌봄군 우선 지정 / 어르신 돌봄시설 확충 우선 검토 / 손목닥터9988 우울·불안 자가검진 연계,현행·지속 + 2026년 신규 시행 중,2026.3 신규 시행·현재 시행 중 / 2026년 확대 추진 중,"동 중심 원스톱 통합돌봄(2026.3 신규 시행), 돌봄SOS(현행), 우리동네돌봄단(현행), 서울건강장수센터(2026년 33개소 확대), 방문건강관리(현행), 자치구 마음상담소(현행·확대), 심리상담바우처(현행·확대), 손목닥터9988(2026년 확대), 1인가구 건강·이사·마음 동행서비스(2026년 통합지원), 고립가구 위기정보 기반 발굴 시스템(2026년 도입)","9988 서울 프로젝트 리액트 센터(~2035년 중장기 조성), 1인가구 지원 5개년 종합계획(2027~2031 수립 추진)"
11210780,은천동,58.19177479718319,55.47474006361474,56.46201958767534,45.7111579087866,43.97163120567376,78.6522268328909,24.447944877143943,47.81065088757397,33.15653989218008,41.53846153846155,78.42722237950618,0,1인가구 집중형,0.8473379466177093,1.4439274827530884,1.4475356588052537,1,1,0,1,1,0,2,2형: 복합 결핍형,의료·복지,"동 중심 원스톱 통합돌봄, 돌봄SOS, 자치구 마음상담소·심리상담바우처, 1인가구 건강·마음 동행서비스, 고립가구 위기정보 기반 발굴","의료밀도 하위30%, 복지밀도 하위30%",서울청년기지개센터·기지개LAB 기반 사회진입 지원 / 서울마음편의점·자치구 마음상담소·심리상담바우처 연계 / 외로움 없는 서울 관계형성 프로그램 / 고립·은둔청년 온라인 진입 서비스 우선 안내,행정정보 기반 위기가구 선제 발굴(실직·폐업·이혼 등) 우선지역 지정 / 1인가구 건강·이사·마음 동행서비스 / 중장년 취업사관학교(50+캠퍼스) 원스톱 취업지원 연계 / 자치구 마음상담소·심리상담바우처 / 손목닥터9988 우울·불안 자가검진 안내,동 중심 원스톱 통합돌봄 우선 적용 / 돌봄SOS 긴급돌봄·중장기 돌봄서비스 연계 / 서울건강장수센터·방문건강관리 / 노인맞춤돌봄서비스 중점돌봄군 우선 지정 / 어르신 돌봄시설 확충 우선 검토 / 손목닥터9988 우울·불안 자가검진 연계,현행·지속 + 2026년 신규 시행 중,2026.3 신규 시행·현재 시행 중 / 2026년 확대 추진 중,"동 중심 원스톱 통합돌봄(2026.3 신규 시행), 돌봄SOS(현행), 우리동네돌봄단(현행), 서울건강장수센터(2026년 33개소 확대), 방문건강관리(현행), 자치구 마음상담소(현행·확대), 심리상담바우처(현행·확대), 손목닥터9988(2026년 확대), 1인가구 건강·이사·마음 동행서비스(2026년 통합지원), 고립가구 위기정보 기반 발굴 시스템(2026년 도입)","9988 서울 프로젝트 리액트 센터(~2035년 중장기 조성), 1인가구 지원 5개년 종합계획(2027~2031 수립 추진)"
11210790,성현동,68.62336218115199,65.06595451794712,68.31246081495324,22.5042927303006,76.12293144208039,84.18332764564929,17.081460493703265,69.94082840236686,34.96117330191736,70.76923076923077,81.22443418964222,2,활동적 도심형,0.4973474801061008,1.4047410008779633,1.2848143236074272,1,1,1,1,1,0,3,3형: 삼중 결핍형,의료·복지·교통,"동 중심 원스톱 통합돌봄, 돌봄SOS, 외로움 없는 서울(서울마음편의점·서울잇다플레이스), 고립가구 위기정보 기반 발굴·우리동네돌봄단, 1인가구 건강·이사·마음 동행서비스, 서울동행맵·저상버스·교통약자 이동지원, 자치구 마음상담소·심리상담바우처","의료밀도 하위30%, 복지밀도 하위30%, 교통밀도 중앙값 미만",서울청년기지개센터·기지개LAB 사회진입 지원 / 고립·은둔청년 온라인 서비스·지역거점 우선 안내 / 서울마음편의점·자치구 마음상담소·심리상담바우처 / 외로움 없는 서울 관계형성 프로그램 / 서울동행맵 이동 안내 / 365 서울챌린지·참여형 안부확인 적립금 연계,행정정보 기반 위기가구 선제 발굴 우선지역 지정 / 우리동네돌봄단 안부확인 / 1인가구 건강·이사·마음 동행서비스 / 중장년 취업사관학교(50+캠퍼스) 원스톱 취업지원 / 자치구 마음상담소·심리상담바우처 / 서울동행맵·저상버스·교통약자 이동지원 안내 / 손목닥터9988 우울·불안 자가검진 안내 / 365 서울챌린지·참여형 안부확인 적립금 연계,동 중심 원스톱 통합돌봄 우선 적용 / 돌봄SOS 긴급돌봄·중장기 돌봄연계 / 9988 서울 프로젝트(리액트 센터·라운지·시니어 동행상점·어르신 일자리) / 서울건강장수센터·방문건강관리 / 서울동행맵·저상버스·장애인콜택시 이동지원 / 어르신 돌봄시설 확충 우선 검토 / 손목닥터9988 우울·불안 자가검진 연계 / 365 서울챌린지·참여형 안부확인 적립금 연계 / 시니어 취업사관학교 5개소 연계,현행·지속 + 2026년 신규 시행 중 + 2026년 시행 예정 연계,2026.3 신규 시행·현재 시행 중 / 2026.3Q~4Q 예정,"동 중심 원스톱 통합돌봄(2026.3 신규 시행), 돌봄SOS(현행), 외로움 없는 서울(현행·확대), 우리동네돌봄단(현행), 고립가구 위기정보 기반 발굴 시스템(2026년 도입), 1인가구 건강·이사·마음 동행서비스(2026년 통합지원), 서울건강장수센터(2026년 33개소 확대), 방문건강관리(현행), 자치구 마음상담소(현행·확대), 심리상담바우처(현행·확대), 손목닥터9988(2026년 확대), 365 서울챌린지(2026년 추진), 참여형 안부확인 적립금(2026년 추진), 저상버스 확대(2026년 추진), 장애인콜택시 증차(2026년 추진), 바우처택시(현행)","서울동행맵 AI 음성 안내(2026년 3분기 예정), 서울동행맵 보행경로 내비게이션(2026년 4분기 예정), 9988 서울 프로젝트 리액트 센터(~2035년 중장기 조성)"
11210800,청룡동,54.56776991795482,54.341171454810514,42.81444258336597,85.77929258673906,7.210401891252957,86.31937661026456,42.9724294973104,28.047337278106525,42.23981457017364,11.005917159763328,67.80979702980905,0,1인가구 집중형,1.587967401725791,2.27932034811438,0.5692713326941515,0,1,1,0,0,1,2,2형: 복합 결핍형,복지·교통,"돌봄SOS, 우리동네돌봄단 안부확인, 서울동행맵, 저상버스·교통약자 이동지원","복지밀도 중앙값 미만, 교통밀도 하위30%",외로움 없는 서울 관계형성 프로그램 / 서울청년기지개센터 집중 발굴 / 서울동행맵·저상버스 등 이동지원 안내,1인가구 건강·이사·마음 동행서비스 / 우리동네돌봄단 안부확인 / 중장년 취업사관학교·50+캠퍼스 연계 / 서울동행맵·마을버스 서비스 개선 활용,돌봄SOS 긴급돌봄·중장기 돌봄서비스 연계 / 9988 서울 프로젝트(리액트 라운지·시니어 동행상점) / 서울동행맵·저상버스·교통약자 이동지원 / 안심돌봄가정 확충 / 시니어 취업사관학교 5개소 연계,현행·지속 + 2026년 신규 시행 중 + 2026년 시행 예정 연계,2026.3 신규 시행·현재 시행 중 / 2026.3Q~4Q 예정,"동 중심 원스톱 통합돌봄(2026.3 신규 시행), 돌봄SOS(현행), 우리동네돌봄단(현행), 서울동행맵(현행·고도화 추진), 저상버스 확대(2026년 추진), 장애인콜택시 증차(2026년 추진), 바우처택시(현행), 1인가구 건강·이사·마음 동행서비스(2026년 통합지원)","서울동행맵 AI 음성 안내(2026년 3분기 예정), 서울동행맵 보행경로 내비게이션(2026년 4분기 예정), 9988 서울 프로젝트 리액트 센터(~2035년 중장기 조성)"
11210810,난곡동,71.58881400362301,72.95592643076074,73.18716721161076,32.53771081297869,80.85106382978724,81.85211577278092,33.738122501732974,83.66863905325444,43.78874997614178,79.1715976331361,81.59857343285502,2,활동적 도심형,1.3908205841446453,1.2199372603694667,0.9561891515994436,1,1,1,0,1,1,3,3형: 삼중 결핍형,의료·복지·교통,"동 중심 원스톱 통합돌봄, 돌봄SOS, 외로움 없는 서울(서울마음편의점·서울잇다플레이스), 고립가구 위기정보 기반 발굴·우리동네돌봄단, 1인가구 건강·이사·마음 동행서비스, 서울동행맵·저상버스·교통약자 이동지원, 자치구 마음상담소·심리상담바우처","의료밀도 중앙값 미만, 복지밀도 하위30%, 교통밀도 하위30%",서울청년기지개센터·기지개LAB 사회진입 지원 / 고립·은둔청년 온라인 서비스·지역거점 우선 안내 / 서울마음편의점·자치구 마음상담소·심리상담바우처 / 외로움 없는 서울 관계형성 프로그램 / 서울동행맵 이동 안내 / 365 서울챌린지·참여형 안부확인 적립금 연계,행정정보 기반 위기가구 선제 발굴 우선지역 지정 / 우리동네돌봄단 안부확인 / 1인가구 건강·이사·마음 동행서비스 / 중장년 취업사관학교(50+캠퍼스) 원스톱 취업지원 / 자치구 마음상담소·심리상담바우처 / 서울동행맵·저상버스·교통약자 이동지원 안내 / 손목닥터9988 우울·불안 자가검진 안내 / 365 서울챌린지·참여형 안부확인 적립금 연계,동 중심 원스톱 통합돌봄 우선 적용 / 돌봄SOS 긴급돌봄·중장기 돌봄연계 / 9988 서울 프로젝트(리액트 센터·라운지·시니어 동행상점·어르신 일자리) / 서울건강장수센터·방문건강관리 / 서울동행맵·저상버스·장애인콜택시 이동지원 / 어르신 돌봄시설 확충 우선 검토 / 손목닥터9988 우울·불안 자가검진 연계 / 365 서울챌린지·참여형 안부확인 적립금 연계 / 시니어 취업사관학교 5개소 연계,현행·지속 + 2026년 신규 시행 중 + 2026년 시행 예정 연계,2026.3 신규 시행·현재 시행 중 / 2026.3Q~4Q 예정,"동 중심 원스톱 통합돌봄(2026.3 신규 시행), 돌봄SOS(현행), 외로움 없는 서울(현행·확대), 우리동네돌봄단(현행), 고립가구 위기정보 기반 발굴 시스템(2026년 도입), 1인가구 건강·이사·마음 동행서비스(2026년 통합지원), 서울건강장수센터(2026년 33개소 확대), 방문건강관리(현행), 자치구 마음상담소(현행·확대), 심리상담바우처(현행·확대), 손목닥터9988(2026년 확대), 365 서울챌린지(2026년 추진), 참여형 안부확인 적립금(2026년 추진), 저상버스 확대(2026년 추진), 장애인콜택시 증차(2026년 추진), 바우처택시(현행)","서울동행맵 AI 음성 안내(2026년 3분기 예정), 서울동행맵 보행경로 내비게이션(2026년 4분기 예정), 9988 서울 프로젝트 리액트 센터(~2035년 중장기 조성)"
11210820,삼성동,64.09273068983529,67.77228682801407,59.665247541330544,16.53349311898536,75.177304964539,76.78777520055655,29.54623876854305,77.86982248520711,39.16771538399234,53.609467455621306,73.48531301125472,2,활동적 도심형,0.7099557642946862,1.7743080198722496,1.6383594560646606,1,1,0,1,1,0,2,2형: 복합 결핍형,의료·복지,"동 중심 원스톱 통합돌봄, 돌봄SOS, 자치구 마음상담소·심리상담바우처, 1인가구 건강·마음 동행서비스, 고립가구 위기정보 기반 발굴","의료밀도 하위30%, 복지밀도 하위30%",서울청년기지개센터·기지개LAB 기반 사회진입 지원 / 서울마음편의점·자치구 마음상담소·심리상담바우처 연계 / 외로움 없는 서울 관계형성 프로그램 / 고립·은둔청년 온라인 진입 서비스 우선 안내,행정정보 기반 위기가구 선제 발굴(실직·폐업·이혼 등) 우선지역 지정 / 1인가구 건강·이사·마음 동행서비스 / 중장년 취업사관학교(50+캠퍼스) 원스톱 취업지원 연계 / 자치구 마음상담소·심리상담바우처 / 손목닥터9988 우울·불안 자가검진 안내,동 중심 원스톱 통합돌봄 우선 적용 / 돌봄SOS 긴급돌봄·중장기 돌봄서비스 연계 / 서울건강장수센터·방문건강관리 / 노인맞춤돌봄서비스 중점돌봄군 우선 지정 / 어르신 돌봄시설 확충 우선 검토 / 손목닥터9988 우울·불안 자가검진 연계,현행·지속 + 2026년 신규 시행 중,2026.3 신규 시행·현재 시행 중 / 2026년 확대 추진 중,"동 중심 원스톱 통합돌봄(2026.3 신규 시행), 돌봄SOS(현행), 우리동네돌봄단(현행), 서울건강장수센터(2026년 33개소 확대), 방문건강관리(현행), 자치구 마음상담소(현행·확대), 심리상담바우처(현행·확대), 손목닥터9988(2026년 확대), 1인가구 건강·이사·마음 동행서비스(2026년 통합지원), 고립가구 위기정보 기반 발굴 시스템(2026년 도입)","9988 서울 프로젝트 리액트 센터(~2035년 중장기 조성), 1인가구 지원 5개년 종합계획(2027~2031 수립 추진)"
11210830,미성동,58.75043357543743,59.06107928577103,46.566067367545664,35.26782144003883,52.12765957446808,77.11451364410607,25.57341056076135,57.75147928994084,30.90323376163465,50.059171597633146,50.81046790232697,3,생활안정형,1.1783040024326277,3.3482142857142856,1.3683530350830513,1,0,0,0,0,0,1,1형: 단일 결핍형,의료,"서울건강장수센터·방문건강관리, 자치구 마음상담소·심리상담바우처, 공공의료 접근성 안내",의료밀도 중앙값 미만,자치구 마음상담소·심리상담바우처 / 고립·은둔청년 온라인 진입 서비스 안내,행정정보 기반 위기가구 선제 발굴 / 자치구 마음상담소·심리상담바우처 / 손목닥터9988 우울·불안 자가검진 안내,서울건강장수센터·방문건강관리 연계 / 돌봄SOS 안내 / 손목닥터9988 우울·불안 자가검진 연계,현행·지속 + 2026년 확대 추진 중,2026년 확대 추진 중,"서울건강장수센터(2026년 33개소 확대), 방문건강관리(현행), 자치구 마음상담소(현행·확대), 심리상담바우처(현행·확대), 손목닥터9988(2026년 확대)","서울동행맵 AI 음성 안내(2026년 3분기 예정), 서울동행맵 보행경로 내비게이션(2026년 4분기 예정)"
11220510,서초1동,32.1824461645362,28.222605560930493,33.86761300059037,37.73176056694647,18.55791962174941,43.032315506117854,30.906384958097217,12.071005917159766,22.73961471084117,15.857988165680482,52.820876000964375,3,생활안정형,3.763970119867972,2.1598272138228944,2.1425676066940764,0,1,0,0,0,0,1,1형: 단일 결핍형,복지,"동 중심 원스톱 통합돌봄, 돌봄SOS, 1인가구 건강·이사·마음 동행서비스, 고립가구 위기정보 기반 발굴",복지밀도 중앙값 미만,서울청년기지개센터·기지개LAB 집중 발굴 / 외로움 없는 서울 관계형성 프로그램,행정정보 기반 위기가구 선제 발굴 / 우리동네돌봄단 안부확인 / 중장년 취업사관학교·50+캠퍼스 연계,동 중심 원스톱 통합돌봄 우선 적용 / 돌봄SOS / 9988 서울 프로젝트 리액트 라운지 연계 / 시니어 취업사관학교 5개소 연계,현행·지속 + 2026년 신규 시행 중,2026.3 신규 시행·현재 시행 중 / 2026년 확대 추진 중,"동 중심 원스톱 통합돌봄(2026.3 신규 시행), 돌봄SOS(현행), 우리동네돌봄단(현행), 고립가구 위기정보 기반 발굴 시스템(2026년 도입), 1인가구 건강·이사·마음 동행서비스(2026년 통합지원)",9988 서울 프로젝트 리액트 센터(~2035년 중장기 조성)
11220520,서초2동,20.261501536379093,16.07952146731828,28.09232602085404,44.21881950013438,4.609929078014204,23.934415012866346,21.87788973689421,5.325443786982248,9.139091571827862,18.579881656804744,43.914553614681786,3,생활안정형,6.035261131967875,2.112888620585572,2.138478353846885,0,1,0,0,0,0,1,1형: 단일 결핍형,복지,"동 중심 원스톱 통합돌봄, 돌봄SOS, 1인가구 건강·이사·마음 동행서비스, 고립가구 위기정보 기반 발굴",복지밀도 중앙값 미만,서울청년기지개센터·기지개LAB 집중 발굴 / 외로움 없는 서울 관계형성 프로그램,행정정보 기반 위기가구 선제 발굴 / 우리동네돌봄단 안부확인 / 중장년 취업사관학교·50+캠퍼스 연계,동 중심 원스톱 통합돌봄 우선 적용 / 돌봄SOS / 9988 서울 프로젝트 리액트 라운지 연계 / 시니어 취업사관학교 5개소 연계,현행·지속 + 2026년 신규 시행 중,2026.3 신규 시행·현재 시행 중 / 2026년 확대 추진 중,"동 중심 원스톱 통합돌봄(2026.3 신규 시행), 돌봄SOS(현행), 우리동네돌봄단(현행), 고립가구 위기정보 기반 발굴 시스템(2026년 도입), 1인가구 건강·이사·마음 동행서비스(2026년 통합지원)",9988 서울 프로젝트 리액트 센터(~2035년 중장기 조성)
11220530,서초3동,25.14539813406085,20.941058810502668,32.067344917939444,46.51435602112259,1.6548463356973997,37.95147098889345,27.618920122063667,0.5917159763313862,16.802138304084966,0.5917159763313862,63.33292592312547,3,생활안정형,3.2445293629907352,1.3608087091757388,2.7398247954143984,0,1,0,0,1,0,1,1형: 단일 결핍형,복지,"동 중심 원스톱 통합돌봄, 돌봄SOS, 1인가구 건강·이사·마음 동행서비스, 고립가구 위기정보 기반 발굴",복지밀도 하위30%,서울청년기지개센터·기지개LAB 집중 발굴 / 외로움 없는 서울 관계형성 프로그램,행정정보 기반 위기가구 선제 발굴 / 우리동네돌봄단 안부확인 / 중장년 취업사관학교·50+캠퍼스 연계,동 중심 원스톱 통합돌봄 우선 적용 / 돌봄SOS / 9988 서울 프로젝트 리액트 라운지 연계 / 시니어 취업사관학교 5개소 연계,현행·지속 + 2026년 신규 시행 중,2026.3 신규 시행·현재 시행 중 / 2026년 확대 추진 중,"동 중심 원스톱 통합돌봄(2026.3 신규 시행), 돌봄SOS(현행), 우리동네돌봄단(현행), 고립가구 위기정보 기반 발굴 시스템(2026년 도입), 1인가구 건강·이사·마음 동행서비스(2026년 통합지원)",9988 서울 프로젝트 리액트 센터(~2035년 중장기 조성)
11220540,서초4동,,,,,6.146572104018915,26.093743563321286,,10.532544378698232,,24.615384615384627,45.92653484500458,-1,미분류,12.159594680177326,2.011173184357542,1.984378298501161,0,1,0,0,0,0,1,1형: 단일 결핍형,복지,"동 중심 원스톱 통합돌봄, 돌봄SOS, 1인가구 건강·이사·마음 동행서비스, 고립가구 위기정보 기반 발굴",복지밀도 중앙값 미만,서울청년기지개센터·기지개LAB 집중 발굴 / 외로움 없는 서울 관계형성 프로그램,행정정보 기반 위기가구 선제 발굴 / 우리동네돌봄단 안부확인 / 중장년 취업사관학교·50+캠퍼스 연계,동 중심 원스톱 통합돌봄 우선 적용 / 돌봄SOS / 9988 서울 프로젝트 리액트 라운지 연계 / 시니어 취업사관학교 5개소 연계,현행·지속 + 2026년 신규 시행 중,2026.3 신규 시행·현재 시행 중 / 2026년 확대 추진 중,"동 중심 원스톱 통합돌봄(2026.3 신규 시행), 돌봄SOS(현행), 우리동네돌봄단(현행), 고립가구 위기정보 기반 발굴 시스템(2026년 도입), 1인가구 건강·이사·마음 동행서비스(2026년 통합지원)",9988 서울 프로젝트 리액트 센터(~2035년 중장기 조성)
11220550,잠원동,30.74268525107231,26.75753719885317,29.63915544080767,23.35289267815132,24.46808510638297,40.71218168222214,18.04379600260262,17.159763313609474,24.6231107181168,39.6449704142012,24.086208116030875,3,생활안정형,6.878404579447881,3.888888888888889,1.0617671498476595,0,0,1,0,0,1,1,1형: 단일 결핍형,교통,"서울동행맵, 저상버스·교통약자 이동지원, 마을버스 서비스 개선",교통밀도 하위30%,서울동행맵 이동지원 안내 / 외로움 없는 서울 프로그램 연계,서울동행맵·저상버스 이동지원 안내 / 중장년 취업사관학교·50+캠퍼스 연계,서울동행맵(AI 음성안내·보행경로) 우선 안내 / 저상버스·장애인콜택시·바우처택시 이동지원,현행·지속 + 2026년 확대 추진 중 + 2026년 시행 예정 연계,2026년 확대 추진 중 / 2026.3Q~4Q 예정,"서울동행맵(현행·고도화 추진), 저상버스 확대(2026년 추진), 장애인콜택시 증차(2026년 추진), 바우처택시(현행), 마을버스 서비스 개선(2026년 추진)","서울동행맵 AI 음성 안내(2026년 3분기 예정), 서울동행맵 보행경로 내비게이션(2026년 4분기 예정)"
11220560,반포본동,47.7417530167852,49.06318410031801,,27.02564697295085,100.0,5.841559055487579,34.106175171679936,99.76331360946746,42.613916686153615,100.0,,-1,미분류,5.376344086021506,,37.634408602150536,0,0,0,0,0,0,0,0형: 인프라 양호형,없음,"외로움 없는 서울, 1인가구 맞춤형 지원, 마음건강서비스 안내 및 정기 모니터링",인프라 상대 양호,서울마음편의점·외로움 없는 서울 관계형성 프로그램 안내 / 정기 모니터링 / 365 서울챌린지·참여형 안부확인 적립금 연계,1인가구 건강·이사·마음 동행서비스 안내 / 정기 모니터링 / 365 서울챌린지·참여형 안부확인 적립금 연계,노인맞춤돌봄서비스 안내 / 9988 서울 프로젝트 정보 제공 / 정기 모니터링 / 365 서울챌린지·참여형 안부확인 적립금 연계 / 시니어 취업사관학교 5개소 연계,현행·지속 운영 + 정기 모니터링,2026년 지속,"외로움 없는 서울(현행·확대), 우리동네돌봄단(현행), 1인가구 건강·이사·마음 동행서비스(2026년 통합지원)",1인가구 지원 5개년 종합계획(2027~2031 수립 추진)
11220570,반포1동,35.60798788450347,32.84944533332273,43.91634275636272,37.535925633787045,19.621749408983447,50.630257485381705,23.69677086744782,19.6449704142012,17.48251107200452,42.24852071005917,56.96190731875801,3,생활안정형,5.209883894016076,1.851851851851852,0.8931229532598988,0,1,1,0,0,1,2,2형: 복합 결핍형,복지·교통,"돌봄SOS, 우리동네돌봄단 안부확인, 서울동행맵, 저상버스·교통약자 이동지원","복지밀도 중앙값 미만, 교통밀도 하위30%",외로움 없는 서울 관계형성 프로그램 / 서울청년기지개센터 집중 발굴 / 서울동행맵·저상버스 등 이동지원 안내,1인가구 건강·이사·마음 동행서비스 / 우리동네돌봄단 안부확인 / 중장년 취업사관학교·50+캠퍼스 연계 / 서울동행맵·마을버스 서비스 개선 활용,돌봄SOS 긴급돌봄·중장기 돌봄서비스 연계 / 9988 서울 프로젝트(리액트 라운지·시니어 동행상점) / 서울동행맵·저상버스·교통약자 이동지원 / 안심돌봄가정 확충 / 시니어 취업사관학교 5개소 연계,현행·지속 + 2026년 신규 시행 중 + 2026년 시행 예정 연계,2026.3 신규 시행·현재 시행 중 / 2026.3Q~4Q 예정,"동 중심 원스톱 통합돌봄(2026.3 신규 시행), 돌봄SOS(현행), 우리동네돌봄단(현행), 서울동행맵(현행·고도화 추진), 저상버스 확대(2026년 추진), 장애인콜택시 증차(2026년 추진), 바우처택시(현행), 1인가구 건강·이사·마음 동행서비스(2026년 통합지원)","서울동행맵 AI 음성 안내(2026년 3분기 예정), 서울동행맵 보행경로 내비게이션(2026년 4분기 예정), 9988 서울 프로젝트 리액트 센터(~2035년 중장기 조성)"
11220580,반포2동,47.48832409219013,38.83338905084998,42.65653035068993,3.277760108172682,51.06382978723404,66.01810038915494,5.089324357596803,28.52071005917161,5.6770690811831805,35.62130177514794,64.56369091811447,3,생활안정형,2.549557014468736,1.959503592423253,1.3385174325960862,0,1,1,0,0,0,2,2형: 복합 결핍형,복지·교통,"돌봄SOS, 우리동네돌봄단 안부확인, 서울동행맵, 저상버스·교통약자 이동지원","복지밀도 중앙값 미만, 교통밀도 중앙값 미만",외로움 없는 서울 관계형성 프로그램 / 서울청년기지개센터 집중 발굴 / 서울동행맵·저상버스 등 이동지원 안내,1인가구 건강·이사·마음 동행서비스 / 우리동네돌봄단 안부확인 / 중장년 취업사관학교·50+캠퍼스 연계 / 서울동행맵·마을버스 서비스 개선 활용,돌봄SOS 긴급돌봄·중장기 돌봄서비스 연계 / 9988 서울 프로젝트(리액트 라운지·시니어 동행상점) / 서울동행맵·저상버스·교통약자 이동지원 / 안심돌봄가정 확충 / 시니어 취업사관학교 5개소 연계,현행·지속 + 2026년 신규 시행 중 + 2026년 시행 예정 연계,2026.3 신규 시행·현재 시행 중 / 2026.3Q~4Q 예정,"동 중심 원스톱 통합돌봄(2026.3 신규 시행), 돌봄SOS(현행), 우리동네돌봄단(현행), 서울동행맵(현행·고도화 추진), 저상버스 확대(2026년 추진), 장애인콜택시 증차(2026년 추진), 바우처택시(현행), 1인가구 건강·이사·마음 동행서비스(2026년 통합지원)","서울동행맵 AI 음성 안내(2026년 3분기 예정), 서울동행맵 보행경로 내비게이션(2026년 4분기 예정), 9988 서울 프로젝트 리액트 센터(~2035년 중장기 조성)"
11220590,반포3동,,,,,54.49172576832152,69.52178489355946,,31.12426035502959,,38.93491124260356,64.41601848130198,-1,미분류,2.631155023358213,2.035475428903751,1.073940825860495,0,1,1,0,0,1,2,2형: 복합 결핍형,복지·교통,"돌봄SOS, 우리동네돌봄단 안부확인, 서울동행맵, 저상버스·교통약자 이동지원","복지밀도 중앙값 미만, 교통밀도 하위30%",외로움 없는 서울 관계형성 프로그램 / 서울청년기지개센터 집중 발굴 / 서울동행맵·저상버스 등 이동지원 안내,1인가구 건강·이사·마음 동행서비스 / 우리동네돌봄단 안부확인 / 중장년 취업사관학교·50+캠퍼스 연계 / 서울동행맵·마을버스 서비스 개선 활용,돌봄SOS 긴급돌봄·중장기 돌봄서비스 연계 / 9988 서울 프로젝트(리액트 라운지·시니어 동행상점) / 서울동행맵·저상버스·교통약자 이동지원 / 안심돌봄가정 확충 / 시니어 취업사관학교 5개소 연계,현행·지속 + 2026년 신규 시행 중 + 2026년 시행 예정 연계,2026.3 신규 시행·현재 시행 중 / 2026.3Q~4Q 예정,"동 중심 원스톱 통합돌봄(2026.3 신규 시행), 돌봄SOS(현행), 우리동네돌봄단(현행), 서울동행맵(현행·고도화 추진), 저상버스 확대(2026년 추진), 장애인콜택시 증차(2026년 추진), 바우처택시(현행), 1인가구 건강·이사·마음 동행서비스(2026년 통합지원)","서울동행맵 AI 음성 안내(2026년 3분기 예정), 서울동행맵 보행경로 내비게이션(2026년 4분기 예정), 9988 서울 프로젝트 리액트 센터(~2035년 중장기 조성)"
11220600,반포4동,21.78216369055888,20.51675828575541,26.97884134918964,4.485618823742218,8.037825059101635,44.17477475542445,8.553768545147019,2.8402366863905684,12.86877195437828,1.6568047337278244,52.94490067002053,3,생활안정형,3.00782033286545,2.2668393782383416,2.4730967181338146,0,1,0,0,0,0,1,1형: 단일 결핍형,복지,"동 중심 원스톱 통합돌봄, 돌봄SOS, 1인가구 건강·이사·마음 동행서비스, 고립가구 위기정보 기반 발굴",복지밀도 중앙값 미만,서울청년기지개센터·기지개LAB 집중 발굴 / 외로움 없는 서울 관계형성 프로그램,행정정보 기반 위기가구 선제 발굴 / 우리동네돌봄단 안부확인 / 중장년 취업사관학교·50+캠퍼스 연계,동 중심 원스톱 통합돌봄 우선 적용 / 돌봄SOS / 9988 서울 프로젝트 리액트 라운지 연계 / 시니어 취업사관학교 5개소 연계,현행·지속 + 2026년 신규 시행 중,2026.3 신규 시행·현재 시행 중 / 2026년 확대 추진 중,"동 중심 원스톱 통합돌봄(2026.3 신규 시행), 돌봄SOS(현행), 우리동네돌봄단(현행), 고립가구 위기정보 기반 발굴 시스템(2026년 도입), 1인가구 건강·이사·마음 동행서비스(2026년 통합지원)",9988 서울 프로젝트 리액트 센터(~2035년 중장기 조성)
11220610,방배본동,60.36160232149611,53.55758286727455,62.44498498794407,19.929801123380614,69.14893617021276,71.7901690718372,13.911718204532631,55.14792899408285,16.922627265584637,62.60355029585799,82.55381540283743,2,활동적 도심형,1.6405395552314983,0.9052504526252264,1.4582573824279983,0,1,0,0,1,0,1,1형: 단일 결핍형,복지,"동 중심 원스톱 통합돌봄, 돌봄SOS, 1인가구 건강·이사·마음 동행서비스, 고립가구 위기정보 기반 발굴",복지밀도 하위30%,서울청년기지개센터·기지개LAB 집중 발굴 / 외로움 없는 서울 관계형성 프로그램,행정정보 기반 위기가구 선제 발굴 / 우리동네돌봄단 안부확인 / 중장년 취업사관학교·50+캠퍼스 연계,동 중심 원스톱 통합돌봄 우선 적용 / 돌봄SOS / 9988 서울 프로젝트 리액트 라운지 연계 / 시니어 취업사관학교 5개소 연계,현행·지속 + 2026년 신규 시행 중,2026.3 신규 시행·현재 시행 중 / 2026년 확대 추진 중,"동 중심 원스톱 통합돌봄(2026.3 신규 시행), 돌봄SOS(현행), 우리동네돌봄단(현행), 고립가구 위기정보 기반 발굴 시스템(2026년 도입), 1인가구 건강·이사·마음 동행서비스(2026년 통합지원)",9988 서울 프로젝트 리액트 센터(~2035년 중장기 조성)
11220620,방배1동,43.98527165490405,43.81331600950071,48.783103805515616,29.727098093366845,44.91725768321513,50.18237240736159,23.79059262923008,47.45562130177515,21.479110779993853,52.66272189349112,57.900731081766565,3,생활안정형,3.782837127845884,1.9474196689386565,1.681260945709282,0,1,0,0,0,0,1,1형: 단일 결핍형,복지,"동 중심 원스톱 통합돌봄, 돌봄SOS, 1인가구 건강·이사·마음 동행서비스, 고립가구 위기정보 기반 발굴",복지밀도 중앙값 미만,서울청년기지개센터·기지개LAB 집중 발굴 / 외로움 없는 서울 관계형성 프로그램,행정정보 기반 위기가구 선제 발굴 / 우리동네돌봄단 안부확인 / 중장년 취업사관학교·50+캠퍼스 연계,동 중심 원스톱 통합돌봄 우선 적용 / 돌봄SOS / 9988 서울 프로젝트 리액트 라운지 연계 / 시니어 취업사관학교 5개소 연계,현행·지속 + 2026년 신규 시행 중,2026.3 신규 시행·현재 시행 중 / 2026년 확대 추진 중,"동 중심 원스톱 통합돌봄(2026.3 신규 시행), 돌봄SOS(현행), 우리동네돌봄단(현행), 고립가구 위기정보 기반 발굴 시스템(2026년 도입), 1인가구 건강·이사·마음 동행서비스(2026년 통합지원)",9988 서울 프로젝트 리액트 센터(~2035년 중장기 조성)
11220630,방배2동,45.16923643941608,48.394518630091,48.776836049705565,23.723450778752262,45.981087470449175,55.0802782387149,18.439255607936435,56.68639053254439,24.03465457890944,44.61538461538462,63.01004559675347,3,생활안정형,1.7921146953405018,1.9273127753303965,2.43215565796211,0,1,0,0,0,0,1,1형: 단일 결핍형,복지,"동 중심 원스톱 통합돌봄, 돌봄SOS, 1인가구 건강·이사·마음 동행서비스, 고립가구 위기정보 기반 발굴",복지밀도 중앙값 미만,서울청년기지개센터·기지개LAB 집중 발굴 / 외로움 없는 서울 관계형성 프로그램,행정정보 기반 위기가구 선제 발굴 / 우리동네돌봄단 안부확인 / 중장년 취업사관학교·50+캠퍼스 연계,동 중심 원스톱 통합돌봄 우선 적용 / 돌봄SOS / 9988 서울 프로젝트 리액트 라운지 연계 / 시니어 취업사관학교 5개소 연계,현행·지속 + 2026년 신규 시행 중,2026.3 신규 시행·현재 시행 중 / 2026년 확대 추진 중,"동 중심 원스톱 통합돌봄(2026.3 신규 시행), 돌봄SOS(현행), 우리동네돌봄단(현행), 고립가구 위기정보 기반 발굴 시스템(2026년 도입), 1인가구 건강·이사·마음 동행서비스(2026년 통합지원)",9988 서울 프로젝트 리액트 센터(~2035년 중장기 조성)
11220640,방배3동,,,,,72.81323877068559,46.67386868700719,,68.04733727810651,,65.32544378698225,46.18226681611653,-1,미분류,1.43348623853211,2.994908655286014,3.1536697247706424,1,0,0,0,0,0,1,1형: 단일 결핍형,의료,"서울건강장수센터·방문건강관리, 자치구 마음상담소·심리상담바우처, 공공의료 접근성 안내",의료밀도 중앙값 미만,자치구 마음상담소·심리상담바우처 / 고립·은둔청년 온라인 진입 서비스 안내,행정정보 기반 위기가구 선제 발굴 / 자치구 마음상담소·심리상담바우처 / 손목닥터9988 우울·불안 자가검진 안내,서울건강장수센터·방문건강관리 연계 / 돌봄SOS 안내 / 손목닥터9988 우울·불안 자가검진 연계,현행·지속 + 2026년 확대 추진 중,2026년 확대 추진 중,"서울건강장수센터(2026년 33개소 확대), 방문건강관리(현행), 자치구 마음상담소(현행·확대), 심리상담바우처(현행·확대), 손목닥터9988(2026년 확대)","서울동행맵 AI 음성 안내(2026년 3분기 예정), 서울동행맵 보행경로 내비게이션(2026년 4분기 예정)"
11220650,방배4동,38.464410293019846,33.58033021084951,40.51336713958081,5.84778226246535,43.3806146572104,49.85651994410654,4.519972112780021,31.834319526627223,2.0897544149728544,34.20118343195267,62.500004567561774,3,생활안정형,3.803888419273034,1.6085790884718498,1.69061707523246,0,1,0,0,1,0,1,1형: 단일 결핍형,복지,"동 중심 원스톱 통합돌봄, 돌봄SOS, 1인가구 건강·이사·마음 동행서비스, 고립가구 위기정보 기반 발굴",복지밀도 하위30%,서울청년기지개센터·기지개LAB 집중 발굴 / 외로움 없는 서울 관계형성 프로그램,행정정보 기반 위기가구 선제 발굴 / 우리동네돌봄단 안부확인 / 중장년 취업사관학교·50+캠퍼스 연계,동 중심 원스톱 통합돌봄 우선 적용 / 돌봄SOS / 9988 서울 프로젝트 리액트 라운지 연계 / 시니어 취업사관학교 5개소 연계,현행·지속 + 2026년 신규 시행 중,2026.3 신규 시행·현재 시행 중 / 2026년 확대 추진 중,"동 중심 원스톱 통합돌봄(2026.3 신규 시행), 돌봄SOS(현행), 우리동네돌봄단(현행), 고립가구 위기정보 기반 발굴 시스템(2026년 도입), 1인가구 건강·이사·마음 동행서비스(2026년 통합지원)",9988 서울 프로젝트 리액트 센터(~2035년 중장기 조성)
11220660,양재1동,30.4720011043431,28.50005456890081,24.0398939417273,22.363488015861684,6.619385342789599,58.37887341013731,18.168561527188,3.786982248520715,26.82401196049742,3.195266272189357,39.01499634302565,3,생활안정형,2.036484625975218,3.686635944700461,2.093850390087196,0,0,0,0,0,0,0,0형: 인프라 양호형,없음,"외로움 없는 서울, 1인가구 맞춤형 지원, 마음건강서비스 안내 및 정기 모니터링",인프라 상대 양호,서울마음편의점·외로움 없는 서울 관계형성 프로그램 안내 / 정기 모니터링 / 365 서울챌린지·참여형 안부확인 적립금 연계,1인가구 건강·이사·마음 동행서비스 안내 / 정기 모니터링 / 365 서울챌린지·참여형 안부확인 적립금 연계,노인맞춤돌봄서비스 안내 / 9988 서울 프로젝트 정보 제공 / 정기 모니터링 / 365 서울챌린지·참여형 안부확인 적립금 연계 / 시니어 취업사관학교 5개소 연계,현행·지속 운영 + 정기 모니터링,2026년 지속,"외로움 없는 서울(현행·확대), 우리동네돌봄단(현행), 1인가구 건강·이사·마음 동행서비스(2026년 통합지원)",1인가구 지원 5개년 종합계획(2027~2031 수립 추진)
11220670,양재2동,,,,,9.219858156028366,50.94836991140026,,3.786982248520715,,2.8402366863905684,67.58598000705372,-1,미분류,1.3774104683195594,1.5610365282547611,2.913752913752914,1,1,0,0,1,0,2,2형: 복합 결핍형,의료·복지,"동 중심 원스톱 통합돌봄, 돌봄SOS, 자치구 마음상담소·심리상담바우처, 1인가구 건강·마음 동행서비스, 고립가구 위기정보 기반 발굴","의료밀도 중앙값 미만, 복지밀도 하위30%",서울청년기지개센터·기지개LAB 기반 사회진입 지원 / 서울마음편의점·자치구 마음상담소·심리상담바우처 연계 / 외로움 없는 서울 관계형성 프로그램 / 고립·은둔청년 온라인 진입 서비스 우선 안내,행정정보 기반 위기가구 선제 발굴(실직·폐업·이혼 등) 우선지역 지정 / 1인가구 건강·이사·마음 동행서비스 / 중장년 취업사관학교(50+캠퍼스) 원스톱 취업지원 연계 / 자치구 마음상담소·심리상담바우처 / 손목닥터9988 우울·불안 자가검진 안내,동 중심 원스톱 통합돌봄 우선 적용 / 돌봄SOS 긴급돌봄·중장기 돌봄서비스 연계 / 서울건강장수센터·방문건강관리 / 노인맞춤돌봄서비스 중점돌봄군 우선 지정 / 어르신 돌봄시설 확충 우선 검토 / 손목닥터9988 우울·불안 자가검진 연계,현행·지속 + 2026년 신규 시행 중,2026.3 신규 시행·현재 시행 중 / 2026년 확대 추진 중,"동 중심 원스톱 통합돌봄(2026.3 신규 시행), 돌봄SOS(현행), 우리동네돌봄단(현행), 서울건강장수센터(2026년 33개소 확대), 방문건강관리(현행), 자치구 마음상담소(현행·확대), 심리상담바우처(현행·확대), 손목닥터9988(2026년 확대), 1인가구 건강·이사·마음 동행서비스(2026년 통합지원), 고립가구 위기정보 기반 발굴 시스템(2026년 도입)","9988 서울 프로젝트 리액트 센터(~2035년 중장기 조성), 1인가구 지원 5개년 종합계획(2027~2031 수립 추진)"
11220680,내곡동,45.33350052675195,38.80996215318921,35.55372419798903,17.669690958397396,62.765957446808514,41.73294839087266,16.6194169427806,46.98224852071007,18.98473452358617,63.905325443786985,20.86647419543633,3,생활안정형,1.122255734025391,5.399261153736857,4.418881952724977,1,0,0,0,0,0,1,1형: 단일 결핍형,의료,"서울건강장수센터·방문건강관리, 자치구 마음상담소·심리상담바우처, 공공의료 접근성 안내",의료밀도 중앙값 미만,자치구 마음상담소·심리상담바우처 / 고립·은둔청년 온라인 진입 서비스 안내,행정정보 기반 위기가구 선제 발굴 / 자치구 마음상담소·심리상담바우처 / 손목닥터9988 우울·불안 자가검진 안내,서울건강장수센터·방문건강관리 연계 / 돌봄SOS 안내 / 손목닥터9988 우울·불안 자가검진 연계,현행·지속 + 2026년 확대 추진 중,2026년 확대 추진 중,"서울건강장수센터(2026년 33개소 확대), 방문건강관리(현행), 자치구 마음상담소(현행·확대), 심리상담바우처(현행·확대), 손목닥터9988(2026년 확대)","서울동행맵 AI 음성 안내(2026년 3분기 예정), 서울동행맵 보행경로 내비게이션(2026년 4분기 예정)"
11230510,신사동,,,,,7.210401891252957,,,11.715976331360949,,18.816568047337284,,-1,미분류,,,,0,0,0,0,0,0,0,0형: 인프라 양호형,없음,"외로움 없는 서울, 1인가구 맞춤형 지원, 마음건강서비스 안내 및 정기 모니터링",인프라 상대 양호,서울마음편의점·외로움 없는 서울 관계형성 프로그램 안내 / 정기 모니터링 / 365 서울챌린지·참여형 안부확인 적립금 연계,1인가구 건강·이사·마음 동행서비스 안내 / 정기 모니터링 / 365 서울챌린지·참여형 안부확인 적립금 연계,노인맞춤돌봄서비스 안내 / 9988 서울 프로젝트 정보 제공 / 정기 모니터링 / 365 서울챌린지·참여형 안부확인 적립금 연계 / 시니어 취업사관학교 5개소 연계,현행·지속 운영 + 정기 모니터링,2026년 지속,"외로움 없는 서울(현행·확대), 우리동네돌봄단(현행), 1인가구 건강·이사·마음 동행서비스(2026년 통합지원)",1인가구 지원 5개년 종합계획(2027~2031 수립 추진)
11230511,개포3동,,,,,,,,,,,,-1,미분류,,,,0,0,0,0,0,0,0,0형: 인프라 양호형,없음,"외로움 없는 서울, 1인가구 맞춤형 지원, 마음건강서비스 안내 및 정기 모니터링",인프라 상대 양호,서울마음편의점·외로움 없는 서울 관계형성 프로그램 안내 / 정기 모니터링 / 365 서울챌린지·참여형 안부확인 적립금 연계,1인가구 건강·이사·마음 동행서비스 안내 / 정기 모니터링 / 365 서울챌린지·참여형 안부확인 적립금 연계,노인맞춤돌봄서비스 안내 / 9988 서울 프로젝트 정보 제공 / 정기 모니터링 / 365 서울챌린지·참여형 안부확인 적립금 연계 / 시니어 취업사관학교 5개소 연계,현행·지속 운영 + 정기 모니터링,2026년 지속,"외로움 없는 서울(현행·확대), 우리동네돌봄단(현행), 1인가구 건강·이사·마음 동행서비스(2026년 통합지원)",1인가구 지원 5개년 종합계획(2027~2031 수립 추진)
11230520,논현1동,30.061846643211105,32.911502482425334,39.22618941126007,66.18911197405701,2.9550827423168045,39.104977878682455,67.88601819322325,9.23076923076924,32.61056307283252,28.875739644970423,50.21681760211981,1,도심상업형,15.829666717240682,1.983471074380165,1.1632023466342991,0,1,1,0,0,0,2,2형: 복합 결핍형,복지·교통,"돌봄SOS, 우리동네돌봄단 안부확인, 서울동행맵, 저상버스·교통약자 이동지원","복지밀도 중앙값 미만, 교통밀도 중앙값 미만",외로움 없는 서울 관계형성 프로그램 / 서울청년기지개센터 집중 발굴 / 서울동행맵·저상버스 등 이동지원 안내,1인가구 건강·이사·마음 동행서비스 / 우리동네돌봄단 안부확인 / 중장년 취업사관학교·50+캠퍼스 연계 / 서울동행맵·마을버스 서비스 개선 활용,돌봄SOS 긴급돌봄·중장기 돌봄서비스 연계 / 9988 서울 프로젝트(리액트 라운지·시니어 동행상점) / 서울동행맵·저상버스·교통약자 이동지원 / 안심돌봄가정 확충 / 시니어 취업사관학교 5개소 연계,현행·지속 + 2026년 신규 시행 중 + 2026년 시행 예정 연계,2026.3 신규 시행·현재 시행 중 / 2026.3Q~4Q 예정,"동 중심 원스톱 통합돌봄(2026.3 신규 시행), 돌봄SOS(현행), 우리동네돌봄단(현행), 서울동행맵(현행·고도화 추진), 저상버스 확대(2026년 추진), 장애인콜택시 증차(2026년 추진), 바우처택시(현행), 1인가구 건강·이사·마음 동행서비스(2026년 통합지원)","서울동행맵 AI 음성 안내(2026년 3분기 예정), 서울동행맵 보행경로 내비게이션(2026년 4분기 예정), 9988 서울 프로젝트 리액트 센터(~2035년 중장기 조성)"
11230530,논현2동,23.68798580497569,23.18808875287611,29.111565840474363,51.56881715382479,3.5460992907801625,29.88945664474667,47.40413402518303,4.378698224852087,21.842456561486163,12.89940828402368,44.95173695281965,1,도심상업형,9.760087241003273,2.162496138399753,1.7448200654307524,0,1,0,0,0,0,1,1형: 단일 결핍형,복지,"동 중심 원스톱 통합돌봄, 돌봄SOS, 1인가구 건강·이사·마음 동행서비스, 고립가구 위기정보 기반 발굴",복지밀도 중앙값 미만,서울청년기지개센터·기지개LAB 집중 발굴 / 외로움 없는 서울 관계형성 프로그램,행정정보 기반 위기가구 선제 발굴 / 우리동네돌봄단 안부확인 / 중장년 취업사관학교·50+캠퍼스 연계,동 중심 원스톱 통합돌봄 우선 적용 / 돌봄SOS / 9988 서울 프로젝트 리액트 라운지 연계 / 시니어 취업사관학교 5개소 연계,현행·지속 + 2026년 신규 시행 중,2026.3 신규 시행·현재 시행 중 / 2026년 확대 추진 중,"동 중심 원스톱 통합돌봄(2026.3 신규 시행), 돌봄SOS(현행), 우리동네돌봄단(현행), 고립가구 위기정보 기반 발굴 시스템(2026년 도입), 1인가구 건강·이사·마음 동행서비스(2026년 통합지원)",9988 서울 프로젝트 리액트 센터(~2035년 중장기 조성)
11230580,삼성1동,9.466725935678529,8.241746005379943,22.08901556498637,26.997402390118285,2.4822695035460782,7.685844140591094,22.286745887729293,1.775147928994116,17.675570320799306,12.307692307692308,31.65824265140934,1,도심상업형,7.913051768519401,2.6373626373626373,3.1461531127848223,0,0,0,0,0,0,0,0형: 인프라 양호형,없음,"외로움 없는 서울, 1인가구 맞춤형 지원, 마음건강서비스 안내 및 정기 모니터링",인프라 상대 양호,서울마음편의점·외로움 없는 서울 관계형성 프로그램 안내 / 정기 모니터링 / 365 서울챌린지·참여형 안부확인 적립금 연계,1인가구 건강·이사·마음 동행서비스 안내 / 정기 모니터링 / 365 서울챌린지·참여형 안부확인 적립금 연계,노인맞춤돌봄서비스 안내 / 9988 서울 프로젝트 정보 제공 / 정기 모니터링 / 365 서울챌린지·참여형 안부확인 적립금 연계 / 시니어 취업사관학교 5개소 연계,현행·지속 운영 + 정기 모니터링,2026년 지속,"외로움 없는 서울(현행·확대), 우리동네돌봄단(현행), 1인가구 건강·이사·마음 동행서비스(2026년 통합지원)",1인가구 지원 5개년 종합계획(2027~2031 수립 추진)
11230590,삼성2동,38.1916178566,35.31450388237598,29.83583043352336,38.77142776432709,10.87470449172578,65.21862626761067,26.7269828529899,9.70414201183432,17.727246162008043,16.568047337278102,45.53681029572092,3,생활안정형,2.98816685923742,3.251625812906453,1.1554245189051355,0,0,1,0,0,0,1,1형: 단일 결핍형,교통,"서울동행맵, 저상버스·교통약자 이동지원, 마을버스 서비스 개선",교통밀도 중앙값 미만,서울동행맵 이동지원 안내 / 외로움 없는 서울 프로그램 연계,서울동행맵·저상버스 이동지원 안내 / 중장년 취업사관학교·50+캠퍼스 연계,서울동행맵(AI 음성안내·보행경로) 우선 안내 / 저상버스·장애인콜택시·바우처택시 이동지원,현행·지속 + 2026년 확대 추진 중 + 2026년 시행 예정 연계,2026년 확대 추진 중 / 2026.3Q~4Q 예정,"서울동행맵(현행·고도화 추진), 저상버스 확대(2026년 추진), 장애인콜택시 증차(2026년 추진), 바우처택시(현행), 마을버스 서비스 개선(2026년 추진)","서울동행맵 AI 음성 안내(2026년 3분기 예정), 서울동행맵 보행경로 내비게이션(2026년 4분기 예정)"
11230600,대치1동,41.9613126246368,26.794806826379784,29.260335544786564,0.0,60.7565011820331,44.14678037955892,0.0,22.84023668639054,0.0,37.278106508875744,36.02888503706679,3,생활안정형,5.023071082296594,3.233920229967661,1.401787278780445,0,0,0,0,0,0,0,0형: 인프라 양호형,없음,"외로움 없는 서울, 1인가구 맞춤형 지원, 마음건강서비스 안내 및 정기 모니터링",인프라 상대 양호,서울마음편의점·외로움 없는 서울 관계형성 프로그램 안내 / 정기 모니터링 / 365 서울챌린지·참여형 안부확인 적립금 연계,1인가구 건강·이사·마음 동행서비스 안내 / 정기 모니터링 / 365 서울챌린지·참여형 안부확인 적립금 연계,노인맞춤돌봄서비스 안내 / 9988 서울 프로젝트 정보 제공 / 정기 모니터링 / 365 서울챌린지·참여형 안부확인 적립금 연계 / 시니어 취업사관학교 5개소 연계,현행·지속 운영 + 정기 모니터링,2026년 지속,"외로움 없는 서울(현행·확대), 우리동네돌봄단(현행), 1인가구 건강·이사·마음 동행서비스(2026년 통합지원)",1인가구 지원 5개년 종합계획(2027~2031 수립 추진)
11230630,대치4동,34.69901232156168,31.17298807973546,37.165404096153694,49.97139341755514,10.520094562647756,51.24173953247888,40.60039624496214,6.390532544378701,29.682609904110524,24.26035502958581,50.52835078883679,3,생활안정형,4.817317317317317,2.3730422401518747,1.0635635635635636,0,0,1,0,0,1,1,1형: 단일 결핍형,교통,"서울동행맵, 저상버스·교통약자 이동지원, 마을버스 서비스 개선",교통밀도 하위30%,서울동행맵 이동지원 안내 / 외로움 없는 서울 프로그램 연계,서울동행맵·저상버스 이동지원 안내 / 중장년 취업사관학교·50+캠퍼스 연계,서울동행맵(AI 음성안내·보행경로) 우선 안내 / 저상버스·장애인콜택시·바우처택시 이동지원,현행·지속 + 2026년 확대 추진 중 + 2026년 시행 예정 연계,2026년 확대 추진 중 / 2026.3Q~4Q 예정,"서울동행맵(현행·고도화 추진), 저상버스 확대(2026년 추진), 장애인콜택시 증차(2026년 추진), 바우처택시(현행), 마을버스 서비스 개선(2026년 추진)","서울동행맵 AI 음성 안내(2026년 3분기 예정), 서울동행맵 보행경로 내비게이션(2026년 4분기 예정)"
11230640,역삼1동,28.1121194972023,28.96386781626059,25.366565464957187,74.84984319084484,0.0,32.855377147583326,79.10858478613628,0.0,38.00897052859794,0.5917159763313862,39.01704615004803,1,도심상업형,13.831775700934578,2.651113467656416,1.557632398753894,0,0,0,0,0,0,0,0형: 인프라 양호형,없음,"외로움 없는 서울, 1인가구 맞춤형 지원, 마음건강서비스 안내 및 정기 모니터링",인프라 상대 양호,서울마음편의점·외로움 없는 서울 관계형성 프로그램 안내 / 정기 모니터링 / 365 서울챌린지·참여형 안부확인 적립금 연계,1인가구 건강·이사·마음 동행서비스 안내 / 정기 모니터링 / 365 서울챌린지·참여형 안부확인 적립금 연계,노인맞춤돌봄서비스 안내 / 9988 서울 프로젝트 정보 제공 / 정기 모니터링 / 365 서울챌린지·참여형 안부확인 적립금 연계 / 시니어 취업사관학교 5개소 연계,현행·지속 운영 + 정기 모니터링,2026년 지속,"외로움 없는 서울(현행·확대), 우리동네돌봄단(현행), 1인가구 건강·이사·마음 동행서비스(2026년 통합지원)",1인가구 지원 5개년 종합계획(2027~2031 수립 추진)
11230650,역삼2동,,,,,10.165484633569749,58.62244878848415,,6.745562130177504,,14.911242603550306,26.273501945999847,-1,미분류,3.96366059840752,4.371303677037799,1.052299273913501,0,0,1,0,0,1,1,1형: 단일 결핍형,교통,"서울동행맵, 저상버스·교통약자 이동지원, 마을버스 서비스 개선",교통밀도 하위30%,서울동행맵 이동지원 안내 / 외로움 없는 서울 프로그램 연계,서울동행맵·저상버스 이동지원 안내 / 중장년 취업사관학교·50+캠퍼스 연계,서울동행맵(AI 음성안내·보행경로) 우선 안내 / 저상버스·장애인콜택시·바우처택시 이동지원,현행·지속 + 2026년 확대 추진 중 + 2026년 시행 예정 연계,2026년 확대 추진 중 / 2026.3Q~4Q 예정,"서울동행맵(현행·고도화 추진), 저상버스 확대(2026년 추진), 장애인콜택시 증차(2026년 추진), 바우처택시(현행), 마을버스 서비스 개선(2026년 추진)","서울동행맵 AI 음성 안내(2026년 3분기 예정), 서울동행맵 보행경로 내비게이션(2026년 4분기 예정)"
11230660,도곡1동,,,,,16.784869976359346,46.35376565619715,,8.165680473372788,,6.035502958579897,38.42794720581132,-1,미분류,4.707985697258641,3.1476235442241105,1.430274135876043,0,0,0,0,0,0,0,0형: 인프라 양호형,없음,"외로움 없는 서울, 1인가구 맞춤형 지원, 마음건강서비스 안내 및 정기 모니터링",인프라 상대 양호,서울마음편의점·외로움 없는 서울 관계형성 프로그램 안내 / 정기 모니터링 / 365 서울챌린지·참여형 안부확인 적립금 연계,1인가구 건강·이사·마음 동행서비스 안내 / 정기 모니터링 / 365 서울챌린지·참여형 안부확인 적립금 연계,노인맞춤돌봄서비스 안내 / 9988 서울 프로젝트 정보 제공 / 정기 모니터링 / 365 서울챌린지·참여형 안부확인 적립금 연계 / 시니어 취업사관학교 5개소 연계,현행·지속 운영 + 정기 모니터링,2026년 지속,"외로움 없는 서울(현행·확대), 우리동네돌봄단(현행), 1인가구 건강·이사·마음 동행서비스(2026년 통합지원)",1인가구 지원 5개년 종합계획(2027~2031 수립 추진)
11230670,도곡2동,61.64410411922127,44.3708084445455,45.0931922702644,59.11758427884992,45.981087470449175,78.57038068817903,24.23990806530433,20.236686390532554,8.755591716912347,29.70414201183433,73.21249827275535,3,생활안정형,1.8059754230301128,1.69971671388102,0.9422480467983196,0,1,1,0,1,1,2,2형: 복합 결핍형,복지·교통,"돌봄SOS, 우리동네돌봄단 안부확인, 서울동행맵, 저상버스·교통약자 이동지원","복지밀도 하위30%, 교통밀도 하위30%",외로움 없는 서울 관계형성 프로그램 / 서울청년기지개센터 집중 발굴 / 서울동행맵·저상버스 등 이동지원 안내,1인가구 건강·이사·마음 동행서비스 / 우리동네돌봄단 안부확인 / 중장년 취업사관학교·50+캠퍼스 연계 / 서울동행맵·마을버스 서비스 개선 활용,돌봄SOS 긴급돌봄·중장기 돌봄서비스 연계 / 9988 서울 프로젝트(리액트 라운지·시니어 동행상점) / 서울동행맵·저상버스·교통약자 이동지원 / 안심돌봄가정 확충 / 시니어 취업사관학교 5개소 연계,현행·지속 + 2026년 신규 시행 중 + 2026년 시행 예정 연계,2026.3 신규 시행·현재 시행 중 / 2026.3Q~4Q 예정,"동 중심 원스톱 통합돌봄(2026.3 신규 시행), 돌봄SOS(현행), 우리동네돌봄단(현행), 서울동행맵(현행·고도화 추진), 저상버스 확대(2026년 추진), 장애인콜택시 증차(2026년 추진), 바우처택시(현행), 1인가구 건강·이사·마음 동행서비스(2026년 통합지원)","서울동행맵 AI 음성 안내(2026년 3분기 예정), 서울동행맵 보행경로 내비게이션(2026년 4분기 예정), 9988 서울 프로젝트 리액트 센터(~2035년 중장기 조성)"
11230680,개포1동,54.9665812494128,45.08107899685731,47.34301136410823,16.952914650598714,67.61229314420804,61.32770265402459,28.19377665848585,37.278106508875744,43.08588094267077,42.84023668639054,52.73722741186086,3,생활안정형,0.6986899563318777,2.9291154071470418,2.6200873362445414,1,0,0,1,0,0,1,1형: 단일 결핍형,의료,"서울건강장수센터·방문건강관리, 자치구 마음상담소·심리상담바우처, 공공의료 접근성 안내",의료밀도 하위30%,자치구 마음상담소·심리상담바우처 / 고립·은둔청년 온라인 진입 서비스 안내,행정정보 기반 위기가구 선제 발굴 / 자치구 마음상담소·심리상담바우처 / 손목닥터9988 우울·불안 자가검진 안내,서울건강장수센터·방문건강관리 연계 / 돌봄SOS 안내 / 손목닥터9988 우울·불안 자가검진 연계,현행·지속 + 2026년 확대 추진 중,2026년 확대 추진 중,"서울건강장수센터(2026년 33개소 확대), 방문건강관리(현행), 자치구 마음상담소(현행·확대), 심리상담바우처(현행·확대), 손목닥터9988(2026년 확대)","서울동행맵 AI 음성 안내(2026년 3분기 예정), 서울동행맵 보행경로 내비게이션(2026년 4분기 예정)"
11230710,개포4동,60.825419214779714,57.33113199731561,59.9602827802558,22.6072091816656,67.96690307328605,72.79304037283043,22.4896975841124,59.28994082840237,23.843719835651083,69.11242603550295,68.89375489044343,2,활동적 도심형,1.6795602605863194,1.900108577633008,1.3741856677524429,0,1,0,0,0,0,1,1형: 단일 결핍형,복지,"동 중심 원스톱 통합돌봄, 돌봄SOS, 1인가구 건강·이사·마음 동행서비스, 고립가구 위기정보 기반 발굴",복지밀도 중앙값 미만,서울청년기지개센터·기지개LAB 집중 발굴 / 외로움 없는 서울 관계형성 프로그램,행정정보 기반 위기가구 선제 발굴 / 우리동네돌봄단 안부확인 / 중장년 취업사관학교·50+캠퍼스 연계,동 중심 원스톱 통합돌봄 우선 적용 / 돌봄SOS / 9988 서울 프로젝트 리액트 라운지 연계 / 시니어 취업사관학교 5개소 연계,현행·지속 + 2026년 신규 시행 중,2026.3 신규 시행·현재 시행 중 / 2026년 확대 추진 중,"동 중심 원스톱 통합돌봄(2026.3 신규 시행), 돌봄SOS(현행), 우리동네돌봄단(현행), 고립가구 위기정보 기반 발굴 시스템(2026년 도입), 1인가구 건강·이사·마음 동행서비스(2026년 통합지원)",9988 서울 프로젝트 리액트 센터(~2035년 중장기 조성)
11230720,일원본동,52.98536617314386,42.96144788087226,36.37841177986799,7.641152203707426,58.51063829787234,70.13220103313358,5.90378408365627,34.319526627218934,11.228241363826363,31.59763313609469,51.274648687710176,3,생활안정형,1.6264722378014582,3.110859728506787,1.5703869882220978,0,0,0,0,0,0,0,0형: 인프라 양호형,없음,"외로움 없는 서울, 1인가구 맞춤형 지원, 마음건강서비스 안내 및 정기 모니터링",인프라 상대 양호,서울마음편의점·외로움 없는 서울 관계형성 프로그램 안내 / 정기 모니터링 / 365 서울챌린지·참여형 안부확인 적립금 연계,1인가구 건강·이사·마음 동행서비스 안내 / 정기 모니터링 / 365 서울챌린지·참여형 안부확인 적립금 연계,노인맞춤돌봄서비스 안내 / 9988 서울 프로젝트 정보 제공 / 정기 모니터링 / 365 서울챌린지·참여형 안부확인 적립금 연계 / 시니어 취업사관학교 5개소 연계,현행·지속 운영 + 정기 모니터링,2026년 지속,"외로움 없는 서울(현행·확대), 우리동네돌봄단(현행), 1인가구 건강·이사·마음 동행서비스(2026년 통합지원)",1인가구 지원 5개년 종합계획(2027~2031 수립 추진)
11230730,일원1동,68.13503298211353,67.0654421167615,70.1560020042513,35.47963155625423,82.03309692671395,70.56466975044273,32.30437995866166,80.94674556213019,44.23537564699997,85.32544378698225,69.87782566535006,2,활동적 도심형,2.2220519500421423,1.7162471395881005,1.225959696574975,0,1,1,0,1,0,2,2형: 복합 결핍형,복지·교통,"돌봄SOS, 우리동네돌봄단 안부확인, 서울동행맵, 저상버스·교통약자 이동지원","복지밀도 하위30%, 교통밀도 중앙값 미만",외로움 없는 서울 관계형성 프로그램 / 서울청년기지개센터 집중 발굴 / 서울동행맵·저상버스 등 이동지원 안내,1인가구 건강·이사·마음 동행서비스 / 우리동네돌봄단 안부확인 / 중장년 취업사관학교·50+캠퍼스 연계 / 서울동행맵·마을버스 서비스 개선 활용,돌봄SOS 긴급돌봄·중장기 돌봄서비스 연계 / 9988 서울 프로젝트(리액트 라운지·시니어 동행상점) / 서울동행맵·저상버스·교통약자 이동지원 / 안심돌봄가정 확충 / 시니어 취업사관학교 5개소 연계,현행·지속 + 2026년 신규 시행 중 + 2026년 시행 예정 연계,2026.3 신규 시행·현재 시행 중 / 2026.3Q~4Q 예정,"동 중심 원스톱 통합돌봄(2026.3 신규 시행), 돌봄SOS(현행), 우리동네돌봄단(현행), 서울동행맵(현행·고도화 추진), 저상버스 확대(2026년 추진), 장애인콜택시 증차(2026년 추진), 바우처택시(현행), 1인가구 건강·이사·마음 동행서비스(2026년 통합지원)","서울동행맵 AI 음성 안내(2026년 3분기 예정), 서울동행맵 보행경로 내비게이션(2026년 4분기 예정), 9988 서울 프로젝트 리액트 센터(~2035년 중장기 조성)"
11230750,수서동,40.50242360130381,41.640710266343845,48.88412462342227,13.69123319738184,36.17021276595743,58.24022963861117,33.02486720242583,29.34911242603552,67.59530065174808,14.556213017751489,67.2675331930214,3,생활안정형,2.8276652655712646,1.565251418509098,1.6813144822315629,0,1,0,0,1,0,1,1형: 단일 결핍형,복지,"동 중심 원스톱 통합돌봄, 돌봄SOS, 1인가구 건강·이사·마음 동행서비스, 고립가구 위기정보 기반 발굴",복지밀도 하위30%,서울청년기지개센터·기지개LAB 집중 발굴 / 외로움 없는 서울 관계형성 프로그램,행정정보 기반 위기가구 선제 발굴 / 우리동네돌봄단 안부확인 / 중장년 취업사관학교·50+캠퍼스 연계,동 중심 원스톱 통합돌봄 우선 적용 / 돌봄SOS / 9988 서울 프로젝트 리액트 라운지 연계 / 시니어 취업사관학교 5개소 연계,현행·지속 + 2026년 신규 시행 중,2026.3 신규 시행·현재 시행 중 / 2026년 확대 추진 중,"동 중심 원스톱 통합돌봄(2026.3 신규 시행), 돌봄SOS(현행), 우리동네돌봄단(현행), 고립가구 위기정보 기반 발굴 시스템(2026년 도입), 1인가구 건강·이사·마음 동행서비스(2026년 통합지원)",9988 서울 프로젝트 리액트 센터(~2035년 중장기 조성)
11230760,세곡동,47.94828310210674,40.30801514630084,31.97588894790676,33.11990708305004,30.73286052009456,72.57789369364728,18.987838640067565,18.69822485207102,27.150672270135107,18.343195266272204,44.72363589040991,3,생활안정형,0.9225592880013024,3.717472118959108,1.7908503825907636,1,0,0,1,0,0,1,1형: 단일 결핍형,의료,"서울건강장수센터·방문건강관리, 자치구 마음상담소·심리상담바우처, 공공의료 접근성 안내",의료밀도 하위30%,자치구 마음상담소·심리상담바우처 / 고립·은둔청년 온라인 진입 서비스 안내,행정정보 기반 위기가구 선제 발굴 / 자치구 마음상담소·심리상담바우처 / 손목닥터9988 우울·불안 자가검진 안내,서울건강장수센터·방문건강관리 연계 / 돌봄SOS 안내 / 손목닥터9988 우울·불안 자가검진 연계,현행·지속 + 2026년 확대 추진 중,2026년 확대 추진 중,"서울건강장수센터(2026년 33개소 확대), 방문건강관리(현행), 자치구 마음상담소(현행·확대), 심리상담바우처(현행·확대), 손목닥터9988(2026년 확대)","서울동행맵 AI 음성 안내(2026년 3분기 예정), 서울동행맵 보행경로 내비게이션(2026년 4분기 예정)"
11230770,압구정동,20.876239941085714,21.486485322228905,31.084444511600523,13.148531392656864,4.609929078014204,41.00640507837164,13.348610537241438,6.035502958579897,12.105705894358248,4.378698224852087,60.29057545340143,3,생활안정형,13.846080895253449,1.3030528667163068,1.0431978756697804,0,1,1,0,1,1,2,2형: 복합 결핍형,복지·교통,"돌봄SOS, 우리동네돌봄단 안부확인, 서울동행맵, 저상버스·교통약자 이동지원","복지밀도 하위30%, 교통밀도 하위30%",외로움 없는 서울 관계형성 프로그램 / 서울청년기지개센터 집중 발굴 / 서울동행맵·저상버스 등 이동지원 안내,1인가구 건강·이사·마음 동행서비스 / 우리동네돌봄단 안부확인 / 중장년 취업사관학교·50+캠퍼스 연계 / 서울동행맵·마을버스 서비스 개선 활용,돌봄SOS 긴급돌봄·중장기 돌봄서비스 연계 / 9988 서울 프로젝트(리액트 라운지·시니어 동행상점) / 서울동행맵·저상버스·교통약자 이동지원 / 안심돌봄가정 확충 / 시니어 취업사관학교 5개소 연계,현행·지속 + 2026년 신규 시행 중 + 2026년 시행 예정 연계,2026.3 신규 시행·현재 시행 중 / 2026.3Q~4Q 예정,"동 중심 원스톱 통합돌봄(2026.3 신규 시행), 돌봄SOS(현행), 우리동네돌봄단(현행), 서울동행맵(현행·고도화 추진), 저상버스 확대(2026년 추진), 장애인콜택시 증차(2026년 추진), 바우처택시(현행), 1인가구 건강·이사·마음 동행서비스(2026년 통합지원)","서울동행맵 AI 음성 안내(2026년 3분기 예정), 서울동행맵 보행경로 내비게이션(2026년 4분기 예정), 9988 서울 프로젝트 리액트 센터(~2035년 중장기 조성)"
11230780,청담동,23.47538191390325,22.872609581654785,27.95530215967344,28.95112579320528,7.210401891252957,37.002489996902526,26.39357087304872,6.982248520710073,16.218825177468783,17.159763313609474,41.5680443653697,3,생활안정형,12.718982481401488,2.557544757033248,1.2958963282937366,0,0,1,0,0,0,1,1형: 단일 결핍형,교통,"서울동행맵, 저상버스·교통약자 이동지원, 마을버스 서비스 개선",교통밀도 중앙값 미만,서울동행맵 이동지원 안내 / 외로움 없는 서울 프로그램 연계,서울동행맵·저상버스 이동지원 안내 / 중장년 취업사관학교·50+캠퍼스 연계,서울동행맵(AI 음성안내·보행경로) 우선 안내 / 저상버스·장애인콜택시·바우처택시 이동지원,현행·지속 + 2026년 확대 추진 중 + 2026년 시행 예정 연계,2026년 확대 추진 중 / 2026.3Q~4Q 예정,"서울동행맵(현행·고도화 추진), 저상버스 확대(2026년 추진), 장애인콜택시 증차(2026년 추진), 바우처택시(현행), 마을버스 서비스 개선(2026년 추진)","서울동행맵 AI 음성 안내(2026년 3분기 예정), 서울동행맵 보행경로 내비게이션(2026년 4분기 예정)"
11230790,대치2동,35.2030242505718,31.965323336852943,37.53903659269916,12.873860109921017,8.983451536643045,72.58717903482595,4.948116602778469,4.852071005917168,5.507750746792872,11.834319526627226,71.76772135338011,3,생활안정형,2.17679670759498,1.6298442593263311,1.1224108023536614,0,1,1,0,1,1,2,2형: 복합 결핍형,복지·교통,"돌봄SOS, 우리동네돌봄단 안부확인, 서울동행맵, 저상버스·교통약자 이동지원","복지밀도 하위30%, 교통밀도 하위30%",외로움 없는 서울 관계형성 프로그램 / 서울청년기지개센터 집중 발굴 / 서울동행맵·저상버스 등 이동지원 안내,1인가구 건강·이사·마음 동행서비스 / 우리동네돌봄단 안부확인 / 중장년 취업사관학교·50+캠퍼스 연계 / 서울동행맵·마을버스 서비스 개선 활용,돌봄SOS 긴급돌봄·중장기 돌봄서비스 연계 / 9988 서울 프로젝트(리액트 라운지·시니어 동행상점) / 서울동행맵·저상버스·교통약자 이동지원 / 안심돌봄가정 확충 / 시니어 취업사관학교 5개소 연계,현행·지속 + 2026년 신규 시행 중 + 2026년 시행 예정 연계,2026.3 신규 시행·현재 시행 중 / 2026.3Q~4Q 예정,"동 중심 원스톱 통합돌봄(2026.3 신규 시행), 돌봄SOS(현행), 우리동네돌봄단(현행), 서울동행맵(현행·고도화 추진), 저상버스 확대(2026년 추진), 장애인콜택시 증차(2026년 추진), 바우처택시(현행), 1인가구 건강·이사·마음 동행서비스(2026년 통합지원)","서울동행맵 AI 음성 안내(2026년 3분기 예정), 서울동행맵 보행경로 내비게이션(2026년 4분기 예정), 9988 서울 프로젝트 리액트 센터(~2035년 중장기 조성)"
11230800,개포2동,,,,,54.1371158392435,78.0205692842776,,30.650887573964496,,34.437869822485226,71.12421905315468,-1,미분류,1.5056076202181596,1.873711823121604,1.1368873866953448,1,1,1,0,0,0,3,3형: 삼중 결핍형,의료·복지·교통,"동 중심 원스톱 통합돌봄, 돌봄SOS, 외로움 없는 서울(서울마음편의점·서울잇다플레이스), 고립가구 위기정보 기반 발굴·우리동네돌봄단, 1인가구 건강·이사·마음 동행서비스, 서울동행맵·저상버스·교통약자 이동지원, 자치구 마음상담소·심리상담바우처","의료밀도 중앙값 미만, 복지밀도 중앙값 미만, 교통밀도 중앙값 미만",서울청년기지개센터·기지개LAB 사회진입 지원 / 고립·은둔청년 온라인 서비스·지역거점 우선 안내 / 서울마음편의점·자치구 마음상담소·심리상담바우처 / 외로움 없는 서울 관계형성 프로그램 / 서울동행맵 이동 안내 / 365 서울챌린지·참여형 안부확인 적립금 연계,행정정보 기반 위기가구 선제 발굴 우선지역 지정 / 우리동네돌봄단 안부확인 / 1인가구 건강·이사·마음 동행서비스 / 중장년 취업사관학교(50+캠퍼스) 원스톱 취업지원 / 자치구 마음상담소·심리상담바우처 / 서울동행맵·저상버스·교통약자 이동지원 안내 / 손목닥터9988 우울·불안 자가검진 안내 / 365 서울챌린지·참여형 안부확인 적립금 연계,동 중심 원스톱 통합돌봄 우선 적용 / 돌봄SOS 긴급돌봄·중장기 돌봄연계 / 9988 서울 프로젝트(리액트 센터·라운지·시니어 동행상점·어르신 일자리) / 서울건강장수센터·방문건강관리 / 서울동행맵·저상버스·장애인콜택시 이동지원 / 어르신 돌봄시설 확충 우선 검토 / 손목닥터9988 우울·불안 자가검진 연계 / 365 서울챌린지·참여형 안부확인 적립금 연계 / 시니어 취업사관학교 5개소 연계,현행·지속 + 2026년 신규 시행 중 + 2026년 시행 예정 연계,2026.3 신규 시행·현재 시행 중 / 2026.3Q~4Q 예정,"동 중심 원스톱 통합돌봄(2026.3 신규 시행), 돌봄SOS(현행), 외로움 없는 서울(현행·확대), 우리동네돌봄단(현행), 고립가구 위기정보 기반 발굴 시스템(2026년 도입), 1인가구 건강·이사·마음 동행서비스(2026년 통합지원), 서울건강장수센터(2026년 33개소 확대), 방문건강관리(현행), 자치구 마음상담소(현행·확대), 심리상담바우처(현행·확대), 손목닥터9988(2026년 확대), 365 서울챌린지(2026년 추진), 참여형 안부확인 적립금(2026년 추진), 저상버스 확대(2026년 추진), 장애인콜택시 증차(2026년 추진), 바우처택시(현행)","서울동행맵 AI 음성 안내(2026년 3분기 예정), 서울동행맵 보행경로 내비게이션(2026년 4분기 예정), 9988 서울 프로젝트 리액트 센터(~2035년 중장기 조성)"
11240510,풍납1동,72.17343836380891,73.3229876245658,66.71289215126026,16.40865340126495,88.77068557919623,83.45858362969355,24.313155478826456,87.6923076923077,34.83774998831273,80.82840236686391,69.90089183376742,2,활동적 도심형,1.2256057320637317,2.1119324181626187,0.9427736400490242,1,1,1,0,0,1,3,3형: 삼중 결핍형,의료·복지·교통,"동 중심 원스톱 통합돌봄, 돌봄SOS, 외로움 없는 서울(서울마음편의점·서울잇다플레이스), 고립가구 위기정보 기반 발굴·우리동네돌봄단, 1인가구 건강·이사·마음 동행서비스, 서울동행맵·저상버스·교통약자 이동지원, 자치구 마음상담소·심리상담바우처","의료밀도 중앙값 미만, 복지밀도 중앙값 미만, 교통밀도 하위30%",서울청년기지개센터·기지개LAB 사회진입 지원 / 고립·은둔청년 온라인 서비스·지역거점 우선 안내 / 서울마음편의점·자치구 마음상담소·심리상담바우처 / 외로움 없는 서울 관계형성 프로그램 / 서울동행맵 이동 안내 / 365 서울챌린지·참여형 안부확인 적립금 연계,행정정보 기반 위기가구 선제 발굴 우선지역 지정 / 우리동네돌봄단 안부확인 / 1인가구 건강·이사·마음 동행서비스 / 중장년 취업사관학교(50+캠퍼스) 원스톱 취업지원 / 자치구 마음상담소·심리상담바우처 / 서울동행맵·저상버스·교통약자 이동지원 안내 / 손목닥터9988 우울·불안 자가검진 안내 / 365 서울챌린지·참여형 안부확인 적립금 연계,동 중심 원스톱 통합돌봄 우선 적용 / 돌봄SOS 긴급돌봄·중장기 돌봄연계 / 9988 서울 프로젝트(리액트 센터·라운지·시니어 동행상점·어르신 일자리) / 서울건강장수센터·방문건강관리 / 서울동행맵·저상버스·장애인콜택시 이동지원 / 어르신 돌봄시설 확충 우선 검토 / 손목닥터9988 우울·불안 자가검진 연계 / 365 서울챌린지·참여형 안부확인 적립금 연계 / 시니어 취업사관학교 5개소 연계,현행·지속 + 2026년 신규 시행 중 + 2026년 시행 예정 연계,2026.3 신규 시행·현재 시행 중 / 2026.3Q~4Q 예정,"동 중심 원스톱 통합돌봄(2026.3 신규 시행), 돌봄SOS(현행), 외로움 없는 서울(현행·확대), 우리동네돌봄단(현행), 고립가구 위기정보 기반 발굴 시스템(2026년 도입), 1인가구 건강·이사·마음 동행서비스(2026년 통합지원), 서울건강장수센터(2026년 33개소 확대), 방문건강관리(현행), 자치구 마음상담소(현행·확대), 심리상담바우처(현행·확대), 손목닥터9988(2026년 확대), 365 서울챌린지(2026년 추진), 참여형 안부확인 적립금(2026년 추진), 저상버스 확대(2026년 추진), 장애인콜택시 증차(2026년 추진), 바우처택시(현행)","서울동행맵 AI 음성 안내(2026년 3분기 예정), 서울동행맵 보행경로 내비게이션(2026년 4분기 예정), 9988 서울 프로젝트 리액트 센터(~2035년 중장기 조성)"
11240520,풍납2동,49.427441902685786,41.18760143097066,35.23089100103366,33.24817241480324,33.451536643026,73.49298190628684,19.66210251387721,19.6449704142012,21.50594782292692,12.89940828402368,58.69979674897776,3,생활안정형,1.868607395751377,2.622169249106079,1.2293469708890636,0,0,1,0,0,0,1,1형: 단일 결핍형,교통,"서울동행맵, 저상버스·교통약자 이동지원, 마을버스 서비스 개선",교통밀도 중앙값 미만,서울동행맵 이동지원 안내 / 외로움 없는 서울 프로그램 연계,서울동행맵·저상버스 이동지원 안내 / 중장년 취업사관학교·50+캠퍼스 연계,서울동행맵(AI 음성안내·보행경로) 우선 안내 / 저상버스·장애인콜택시·바우처택시 이동지원,현행·지속 + 2026년 확대 추진 중 + 2026년 시행 예정 연계,2026년 확대 추진 중 / 2026.3Q~4Q 예정,"서울동행맵(현행·고도화 추진), 저상버스 확대(2026년 추진), 장애인콜택시 증차(2026년 추진), 바우처택시(현행), 마을버스 서비스 개선(2026년 추진)","서울동행맵 AI 음성 안내(2026년 3분기 예정), 서울동행맵 보행경로 내비게이션(2026년 4분기 예정)"
11240530,거여1동,,,,,86.4066193853428,85.39510151615349,,82.24852071005917,,78.93491124260356,62.721035832792815,-1,미분류,0.8395522388059702,2.714230321830167,1.0261194029850746,1,0,1,1,0,1,2,2형: 복합 결핍형,의료·교통,"서울건강장수센터·방문건강관리, 서울동행맵, 저상버스·교통약자 이동지원, 마을버스 서비스 개선","의료밀도 하위30%, 교통밀도 하위30%",고립·은둔청년 온라인 진입 서비스 및 지역거점 15개소 우선 안내 / 자치구 마음상담소·심리상담바우처 / 서울동행맵 기반 이동지원 안내,행정정보 기반 위기가구 선제 발굴 우선지역 지정 / 중장년 취업사관학교·50+캠퍼스 상담·훈련·취업·사후관리 / 서울동행맵·저상버스 이동지원 안내 / 자치구 마음상담소 연계 / 손목닥터9988 우울·불안 자가검진 안내,서울건강장수센터·방문건강관리 연계 / 서울동행맵(AI 음성안내·보행경로) 우선 안내 / 저상버스·장애인콜택시·바우처택시 이동지원 / 9988 서울 프로젝트 우리동네 리액트 라운지 연계 / 손목닥터9988 우울·불안 자가검진 연계,현행·지속 + 2026년 확대 추진 중 + 2026년 시행 예정 연계,2026년 확대 추진 중 / 2026.3Q~4Q 예정,"서울건강장수센터(2026년 33개소 확대), 방문건강관리(현행), 서울동행맵(현행·고도화 추진), 저상버스 확대(2026년 추진), 장애인콜택시 증차(2026년 추진), 바우처택시(현행), 마을버스 서비스 개선(2026년 추진), 손목닥터9988(2026년 확대), 자치구 마음상담소(현행·확대)","서울동행맵 AI 음성 안내(2026년 3분기 예정), 서울동행맵 보행경로 내비게이션(2026년 4분기 예정)"
11240540,거여2동,61.51480565588824,57.33147484437118,49.4556902410494,11.062723548847504,70.92198581560284,77.33366654969402,12.46341390353295,59.76331360946745,14.84295755992034,54.20118343195266,61.14818783973754,2,활동적 도심형,2.692192641340114,2.4298652529268834,0.548409612124838,0,0,1,0,0,1,1,1형: 단일 결핍형,교통,"서울동행맵, 저상버스·교통약자 이동지원, 마을버스 서비스 개선",교통밀도 하위30%,서울동행맵 이동지원 안내 / 외로움 없는 서울 프로그램 연계,서울동행맵·저상버스 이동지원 안내 / 중장년 취업사관학교·50+캠퍼스 연계,서울동행맵(AI 음성안내·보행경로) 우선 안내 / 저상버스·장애인콜택시·바우처택시 이동지원,현행·지속 + 2026년 확대 추진 중 + 2026년 시행 예정 연계,2026년 확대 추진 중 / 2026.3Q~4Q 예정,"서울동행맵(현행·고도화 추진), 저상버스 확대(2026년 추진), 장애인콜택시 증차(2026년 추진), 바우처택시(현행), 마을버스 서비스 개선(2026년 추진)","서울동행맵 AI 음성 안내(2026년 3분기 예정), 서울동행맵 보행경로 내비게이션(2026년 4분기 예정)"
11240550,마천1동,75.58258941195479,74.62203151040882,68.83377923086209,13.86913806642934,95.50827423167848,86.51363026499382,23.041476903713253,88.5207100591716,34.30777750079009,84.02366863905326,72.36431046007876,2,활동적 도심형,0.996512207274539,2.0288548241659154,0.8719481813652218,1,1,1,1,0,1,3,3형: 삼중 결핍형,의료·복지·교통,"동 중심 원스톱 통합돌봄, 돌봄SOS, 외로움 없는 서울(서울마음편의점·서울잇다플레이스), 고립가구 위기정보 기반 발굴·우리동네돌봄단, 1인가구 건강·이사·마음 동행서비스, 서울동행맵·저상버스·교통약자 이동지원, 자치구 마음상담소·심리상담바우처","의료밀도 하위30%, 복지밀도 중앙값 미만, 교통밀도 하위30%",서울청년기지개센터·기지개LAB 사회진입 지원 / 고립·은둔청년 온라인 서비스·지역거점 우선 안내 / 서울마음편의점·자치구 마음상담소·심리상담바우처 / 외로움 없는 서울 관계형성 프로그램 / 서울동행맵 이동 안내 / 365 서울챌린지·참여형 안부확인 적립금 연계,행정정보 기반 위기가구 선제 발굴 우선지역 지정 / 우리동네돌봄단 안부확인 / 1인가구 건강·이사·마음 동행서비스 / 중장년 취업사관학교(50+캠퍼스) 원스톱 취업지원 / 자치구 마음상담소·심리상담바우처 / 서울동행맵·저상버스·교통약자 이동지원 안내 / 손목닥터9988 우울·불안 자가검진 안내 / 365 서울챌린지·참여형 안부확인 적립금 연계,동 중심 원스톱 통합돌봄 우선 적용 / 돌봄SOS 긴급돌봄·중장기 돌봄연계 / 9988 서울 프로젝트(리액트 센터·라운지·시니어 동행상점·어르신 일자리) / 서울건강장수센터·방문건강관리 / 서울동행맵·저상버스·장애인콜택시 이동지원 / 어르신 돌봄시설 확충 우선 검토 / 손목닥터9988 우울·불안 자가검진 연계 / 365 서울챌린지·참여형 안부확인 적립금 연계 / 시니어 취업사관학교 5개소 연계,현행·지속 + 2026년 신규 시행 중 + 2026년 시행 예정 연계,2026.3 신규 시행·현재 시행 중 / 2026.3Q~4Q 예정,"동 중심 원스톱 통합돌봄(2026.3 신규 시행), 돌봄SOS(현행), 외로움 없는 서울(현행·확대), 우리동네돌봄단(현행), 고립가구 위기정보 기반 발굴 시스템(2026년 도입), 1인가구 건강·이사·마음 동행서비스(2026년 통합지원), 서울건강장수센터(2026년 33개소 확대), 방문건강관리(현행), 자치구 마음상담소(현행·확대), 심리상담바우처(현행·확대), 손목닥터9988(2026년 확대), 365 서울챌린지(2026년 추진), 참여형 안부확인 적립금(2026년 추진), 저상버스 확대(2026년 추진), 장애인콜택시 증차(2026년 추진), 바우처택시(현행)","서울동행맵 AI 음성 안내(2026년 3분기 예정), 서울동행맵 보행경로 내비게이션(2026년 4분기 예정), 9988 서울 프로젝트 리액트 센터(~2035년 중장기 조성)"
11240560,마천2동,69.56207474215589,65.51717672343412,46.97305731842778,14.4168094599707,89.59810874704492,77.09867337835941,30.1932705882624,71.59763313609467,45.55400771927526,58.57988165680474,38.57621598820238,2,활동적 도심형,1.8734777992880784,4.139834406623735,0.9991881596203084,0,0,1,0,0,1,1,1형: 단일 결핍형,교통,"서울동행맵, 저상버스·교통약자 이동지원, 마을버스 서비스 개선",교통밀도 하위30%,서울동행맵 이동지원 안내 / 외로움 없는 서울 프로그램 연계,서울동행맵·저상버스 이동지원 안내 / 중장년 취업사관학교·50+캠퍼스 연계,서울동행맵(AI 음성안내·보행경로) 우선 안내 / 저상버스·장애인콜택시·바우처택시 이동지원,현행·지속 + 2026년 확대 추진 중 + 2026년 시행 예정 연계,2026년 확대 추진 중 / 2026.3Q~4Q 예정,"서울동행맵(현행·고도화 추진), 저상버스 확대(2026년 추진), 장애인콜택시 증차(2026년 추진), 바우처택시(현행), 마을버스 서비스 개선(2026년 추진)","서울동행맵 AI 음성 안내(2026년 3분기 예정), 서울동행맵 보행경로 내비게이션(2026년 4분기 예정)"
11240570,방이1동,,,,,64.0661938534279,69.32089500031702,,54.79289940828404,,62.366863905325445,64.9403395303051,-1,미분류,2.0310913209905475,2.066115702479339,1.4061401453011484,0,1,0,0,0,0,1,1형: 단일 결핍형,복지,"동 중심 원스톱 통합돌봄, 돌봄SOS, 1인가구 건강·이사·마음 동행서비스, 고립가구 위기정보 기반 발굴",복지밀도 중앙값 미만,서울청년기지개센터·기지개LAB 집중 발굴 / 외로움 없는 서울 관계형성 프로그램,행정정보 기반 위기가구 선제 발굴 / 우리동네돌봄단 안부확인 / 중장년 취업사관학교·50+캠퍼스 연계,동 중심 원스톱 통합돌봄 우선 적용 / 돌봄SOS / 9988 서울 프로젝트 리액트 라운지 연계 / 시니어 취업사관학교 5개소 연계,현행·지속 + 2026년 신규 시행 중,2026.3 신규 시행·현재 시행 중 / 2026년 확대 추진 중,"동 중심 원스톱 통합돌봄(2026.3 신규 시행), 돌봄SOS(현행), 우리동네돌봄단(현행), 고립가구 위기정보 기반 발굴 시스템(2026년 도입), 1인가구 건강·이사·마음 동행서비스(2026년 통합지원)",9988 서울 프로젝트 리액트 센터(~2035년 중장기 조성)
11240580,방이2동,,,,,7.801418439716315,77.31546962655302,,14.201183431952671,,23.07692307692308,88.18399291441301,-1,미분류,2.4020541704630167,0.5288207297726071,0.7040503603081256,0,1,1,0,1,1,2,2형: 복합 결핍형,복지·교통,"돌봄SOS, 우리동네돌봄단 안부확인, 서울동행맵, 저상버스·교통약자 이동지원","복지밀도 하위30%, 교통밀도 하위30%",외로움 없는 서울 관계형성 프로그램 / 서울청년기지개센터 집중 발굴 / 서울동행맵·저상버스 등 이동지원 안내,1인가구 건강·이사·마음 동행서비스 / 우리동네돌봄단 안부확인 / 중장년 취업사관학교·50+캠퍼스 연계 / 서울동행맵·마을버스 서비스 개선 활용,돌봄SOS 긴급돌봄·중장기 돌봄서비스 연계 / 9988 서울 프로젝트(리액트 라운지·시니어 동행상점) / 서울동행맵·저상버스·교통약자 이동지원 / 안심돌봄가정 확충 / 시니어 취업사관학교 5개소 연계,현행·지속 + 2026년 신규 시행 중 + 2026년 시행 예정 연계,2026.3 신규 시행·현재 시행 중 / 2026.3Q~4Q 예정,"동 중심 원스톱 통합돌봄(2026.3 신규 시행), 돌봄SOS(현행), 우리동네돌봄단(현행), 서울동행맵(현행·고도화 추진), 저상버스 확대(2026년 추진), 장애인콜택시 증차(2026년 추진), 바우처택시(현행), 1인가구 건강·이사·마음 동행서비스(2026년 통합지원)","서울동행맵 AI 음성 안내(2026년 3분기 예정), 서울동행맵 보행경로 내비게이션(2026년 4분기 예정), 9988 서울 프로젝트 리액트 센터(~2035년 중장기 조성)"
11240590,오륜동,54.68067480129255,51.388631344002,55.64530147776123,27.34772594371267,53.78250591016548,69.24531812120954,11.943644737945949,53.25443786982249,9.930900544513364,47.218934911242606,82.51665366649698,3,생활안정형,0.984182776801406,0.9325458501709668,1.968365553602812,1,1,0,1,1,0,2,2형: 복합 결핍형,의료·복지,"동 중심 원스톱 통합돌봄, 돌봄SOS, 자치구 마음상담소·심리상담바우처, 1인가구 건강·마음 동행서비스, 고립가구 위기정보 기반 발굴","의료밀도 하위30%, 복지밀도 하위30%",서울청년기지개센터·기지개LAB 기반 사회진입 지원 / 서울마음편의점·자치구 마음상담소·심리상담바우처 연계 / 외로움 없는 서울 관계형성 프로그램 / 고립·은둔청년 온라인 진입 서비스 우선 안내,행정정보 기반 위기가구 선제 발굴(실직·폐업·이혼 등) 우선지역 지정 / 1인가구 건강·이사·마음 동행서비스 / 중장년 취업사관학교(50+캠퍼스) 원스톱 취업지원 연계 / 자치구 마음상담소·심리상담바우처 / 손목닥터9988 우울·불안 자가검진 안내,동 중심 원스톱 통합돌봄 우선 적용 / 돌봄SOS 긴급돌봄·중장기 돌봄서비스 연계 / 서울건강장수센터·방문건강관리 / 노인맞춤돌봄서비스 중점돌봄군 우선 지정 / 어르신 돌봄시설 확충 우선 검토 / 손목닥터9988 우울·불안 자가검진 연계,현행·지속 + 2026년 신규 시행 중,2026.3 신규 시행·현재 시행 중 / 2026년 확대 추진 중,"동 중심 원스톱 통합돌봄(2026.3 신규 시행), 돌봄SOS(현행), 우리동네돌봄단(현행), 서울건강장수센터(2026년 33개소 확대), 방문건강관리(현행), 자치구 마음상담소(현행·확대), 심리상담바우처(현행·확대), 손목닥터9988(2026년 확대), 1인가구 건강·이사·마음 동행서비스(2026년 통합지원), 고립가구 위기정보 기반 발굴 시스템(2026년 도입)","9988 서울 프로젝트 리액트 센터(~2035년 중장기 조성), 1인가구 지원 5개년 종합계획(2027~2031 수립 추진)"
11240600,오금동,51.30282278959338,42.164571241660894,38.15893226186816,14.290152818314589,40.0709219858156,81.04105857901054,17.971508281052625,15.384615384615389,24.47072127352497,9.822485207100613,66.28204041039544,3,생활안정형,0.8371314296344526,2.366040361864997,1.302204446098037,1,0,1,1,0,0,2,2형: 복합 결핍형,의료·교통,"서울건강장수센터·방문건강관리, 서울동행맵, 저상버스·교통약자 이동지원, 마을버스 서비스 개선","의료밀도 하위30%, 교통밀도 중앙값 미만",고립·은둔청년 온라인 진입 서비스 및 지역거점 15개소 우선 안내 / 자치구 마음상담소·심리상담바우처 / 서울동행맵 기반 이동지원 안내,행정정보 기반 위기가구 선제 발굴 우선지역 지정 / 중장년 취업사관학교·50+캠퍼스 상담·훈련·취업·사후관리 / 서울동행맵·저상버스 이동지원 안내 / 자치구 마음상담소 연계 / 손목닥터9988 우울·불안 자가검진 안내,서울건강장수센터·방문건강관리 연계 / 서울동행맵(AI 음성안내·보행경로) 우선 안내 / 저상버스·장애인콜택시·바우처택시 이동지원 / 9988 서울 프로젝트 우리동네 리액트 라운지 연계 / 손목닥터9988 우울·불안 자가검진 연계,현행·지속 + 2026년 확대 추진 중 + 2026년 시행 예정 연계,2026년 확대 추진 중 / 2026.3Q~4Q 예정,"서울건강장수센터(2026년 33개소 확대), 방문건강관리(현행), 서울동행맵(현행·고도화 추진), 저상버스 확대(2026년 추진), 장애인콜택시 증차(2026년 추진), 바우처택시(현행), 마을버스 서비스 개선(2026년 추진), 손목닥터9988(2026년 확대), 자치구 마음상담소(현행·확대)","서울동행맵 AI 음성 안내(2026년 3분기 예정), 서울동행맵 보행경로 내비게이션(2026년 4분기 예정)"
11240610,송파1동,48.89158673223432,51.61768919907631,49.642129266342685,49.64932736375386,18.2033096926714,79.20099345603745,33.65095612472675,33.01775147928994,24.23422879547445,37.278106508875744,70.55099162031397,3,생활안정형,1.828153564899452,1.9011406844106464,0.8906389162330661,0,1,1,0,0,1,2,2형: 복합 결핍형,복지·교통,"돌봄SOS, 우리동네돌봄단 안부확인, 서울동행맵, 저상버스·교통약자 이동지원","복지밀도 중앙값 미만, 교통밀도 하위30%",외로움 없는 서울 관계형성 프로그램 / 서울청년기지개센터 집중 발굴 / 서울동행맵·저상버스 등 이동지원 안내,1인가구 건강·이사·마음 동행서비스 / 우리동네돌봄단 안부확인 / 중장년 취업사관학교·50+캠퍼스 연계 / 서울동행맵·마을버스 서비스 개선 활용,돌봄SOS 긴급돌봄·중장기 돌봄서비스 연계 / 9988 서울 프로젝트(리액트 라운지·시니어 동행상점) / 서울동행맵·저상버스·교통약자 이동지원 / 안심돌봄가정 확충 / 시니어 취업사관학교 5개소 연계,현행·지속 + 2026년 신규 시행 중 + 2026년 시행 예정 연계,2026.3 신규 시행·현재 시행 중 / 2026.3Q~4Q 예정,"동 중심 원스톱 통합돌봄(2026.3 신규 시행), 돌봄SOS(현행), 우리동네돌봄단(현행), 서울동행맵(현행·고도화 추진), 저상버스 확대(2026년 추진), 장애인콜택시 증차(2026년 추진), 바우처택시(현행), 1인가구 건강·이사·마음 동행서비스(2026년 통합지원)","서울동행맵 AI 음성 안내(2026년 3분기 예정), 서울동행맵 보행경로 내비게이션(2026년 4분기 예정), 9988 서울 프로젝트 리액트 센터(~2035년 중장기 조성)"
11240620,송파2동,64.60454577347792,61.68124793583228,58.80281420010628,16.9002104116265,76.8321513002364,76.22910792764515,10.859266427421366,72.54437869822485,10.719013934688942,77.98816568047337,65.25145205556181,2,활동적 도심형,1.8002957628753296,2.2201078338090707,1.0930367131743073,0,1,1,0,0,1,2,2형: 복합 결핍형,복지·교통,"돌봄SOS, 우리동네돌봄단 안부확인, 서울동행맵, 저상버스·교통약자 이동지원","복지밀도 중앙값 미만, 교통밀도 하위30%",외로움 없는 서울 관계형성 프로그램 / 서울청년기지개센터 집중 발굴 / 서울동행맵·저상버스 등 이동지원 안내,1인가구 건강·이사·마음 동행서비스 / 우리동네돌봄단 안부확인 / 중장년 취업사관학교·50+캠퍼스 연계 / 서울동행맵·마을버스 서비스 개선 활용,돌봄SOS 긴급돌봄·중장기 돌봄서비스 연계 / 9988 서울 프로젝트(리액트 라운지·시니어 동행상점) / 서울동행맵·저상버스·교통약자 이동지원 / 안심돌봄가정 확충 / 시니어 취업사관학교 5개소 연계,현행·지속 + 2026년 신규 시행 중 + 2026년 시행 예정 연계,2026.3 신규 시행·현재 시행 중 / 2026.3Q~4Q 예정,"동 중심 원스톱 통합돌봄(2026.3 신규 시행), 돌봄SOS(현행), 우리동네돌봄단(현행), 서울동행맵(현행·고도화 추진), 저상버스 확대(2026년 추진), 장애인콜택시 증차(2026년 추진), 바우처택시(현행), 1인가구 건강·이사·마음 동행서비스(2026년 통합지원)","서울동행맵 AI 음성 안내(2026년 3분기 예정), 서울동행맵 보행경로 내비게이션(2026년 4분기 예정), 9988 서울 프로젝트 리액트 센터(~2035년 중장기 조성)"
11240630,석촌동,46.95328788540502,45.75172640067579,48.77522518341859,50.42986238665394,20.212765957446805,71.95552256273875,42.00735019151091,21.420118343195284,34.99630051230184,21.538461538461547,76.08334120554818,0,1인가구 집중형,2.818509400977559,1.2297601967616314,0.8205786863605552,0,1,1,0,1,1,2,2형: 복합 결핍형,복지·교통,"돌봄SOS, 우리동네돌봄단 안부확인, 서울동행맵, 저상버스·교통약자 이동지원","복지밀도 하위30%, 교통밀도 하위30%",외로움 없는 서울 관계형성 프로그램 / 서울청년기지개센터 집중 발굴 / 서울동행맵·저상버스 등 이동지원 안내,1인가구 건강·이사·마음 동행서비스 / 우리동네돌봄단 안부확인 / 중장년 취업사관학교·50+캠퍼스 연계 / 서울동행맵·마을버스 서비스 개선 활용,돌봄SOS 긴급돌봄·중장기 돌봄서비스 연계 / 9988 서울 프로젝트(리액트 라운지·시니어 동행상점) / 서울동행맵·저상버스·교통약자 이동지원 / 안심돌봄가정 확충 / 시니어 취업사관학교 5개소 연계,현행·지속 + 2026년 신규 시행 중 + 2026년 시행 예정 연계,2026.3 신규 시행·현재 시행 중 / 2026.3Q~4Q 예정,"동 중심 원스톱 통합돌봄(2026.3 신규 시행), 돌봄SOS(현행), 우리동네돌봄단(현행), 서울동행맵(현행·고도화 추진), 저상버스 확대(2026년 추진), 장애인콜택시 증차(2026년 추진), 바우처택시(현행), 1인가구 건강·이사·마음 동행서비스(2026년 통합지원)","서울동행맵 AI 음성 안내(2026년 3분기 예정), 서울동행맵 보행경로 내비게이션(2026년 4분기 예정), 9988 서울 프로젝트 리액트 센터(~2035년 중장기 조성)"
11240640,삼전동,57.904813322920376,60.4228640998708,62.7371420196732,50.83165910621585,34.39716312056737,84.94904063362563,41.56535165813822,45.325443786982255,37.54554226311873,51.1242603550296,82.96564987286466,0,1인가구 집중형,1.6753607737120666,1.154201292705448,0.6092220995316605,0,1,1,0,1,1,2,2형: 복합 결핍형,복지·교통,"돌봄SOS, 우리동네돌봄단 안부확인, 서울동행맵, 저상버스·교통약자 이동지원","복지밀도 하위30%, 교통밀도 하위30%",외로움 없는 서울 관계형성 프로그램 / 서울청년기지개센터 집중 발굴 / 서울동행맵·저상버스 등 이동지원 안내,1인가구 건강·이사·마음 동행서비스 / 우리동네돌봄단 안부확인 / 중장년 취업사관학교·50+캠퍼스 연계 / 서울동행맵·마을버스 서비스 개선 활용,돌봄SOS 긴급돌봄·중장기 돌봄서비스 연계 / 9988 서울 프로젝트(리액트 라운지·시니어 동행상점) / 서울동행맵·저상버스·교통약자 이동지원 / 안심돌봄가정 확충 / 시니어 취업사관학교 5개소 연계,현행·지속 + 2026년 신규 시행 중 + 2026년 시행 예정 연계,2026.3 신규 시행·현재 시행 중 / 2026.3Q~4Q 예정,"동 중심 원스톱 통합돌봄(2026.3 신규 시행), 돌봄SOS(현행), 우리동네돌봄단(현행), 서울동행맵(현행·고도화 추진), 저상버스 확대(2026년 추진), 장애인콜택시 증차(2026년 추진), 바우처택시(현행), 1인가구 건강·이사·마음 동행서비스(2026년 통합지원)","서울동행맵 AI 음성 안내(2026년 3분기 예정), 서울동행맵 보행경로 내비게이션(2026년 4분기 예정), 9988 서울 프로젝트 리액트 센터(~2035년 중장기 조성)"
11240650,가락본동,37.47908661989453,34.007112166499304,29.893228934529503,27.28705960129476,16.784869976359346,63.26931677272961,28.82237107401952,7.33727810650889,27.44399788808552,8.165680473372788,47.88098042495982,3,생활안정형,2.692393986986762,3.077651515151515,1.4359434597262732,0,0,0,0,0,0,0,0형: 인프라 양호형,없음,"외로움 없는 서울, 1인가구 맞춤형 지원, 마음건강서비스 안내 및 정기 모니터링",인프라 상대 양호,서울마음편의점·외로움 없는 서울 관계형성 프로그램 안내 / 정기 모니터링 / 365 서울챌린지·참여형 안부확인 적립금 연계,1인가구 건강·이사·마음 동행서비스 안내 / 정기 모니터링 / 365 서울챌린지·참여형 안부확인 적립금 연계,노인맞춤돌봄서비스 안내 / 9988 서울 프로젝트 정보 제공 / 정기 모니터링 / 365 서울챌린지·참여형 안부확인 적립금 연계 / 시니어 취업사관학교 5개소 연계,현행·지속 운영 + 정기 모니터링,2026년 지속,"외로움 없는 서울(현행·확대), 우리동네돌봄단(현행), 1인가구 건강·이사·마음 동행서비스(2026년 통합지원)",1인가구 지원 5개년 종합계획(2027~2031 수립 추진)
11240660,가락1동,,,,,29.66903073286052,84.3700502324339,,11.242603550295884,,8.875739644970452,74.51184229765823,-1,미분류,1.4228015421332845,1.7775520568816658,0.7802460069763173,1,1,1,0,1,1,3,3형: 삼중 결핍형,의료·복지·교통,"동 중심 원스톱 통합돌봄, 돌봄SOS, 외로움 없는 서울(서울마음편의점·서울잇다플레이스), 고립가구 위기정보 기반 발굴·우리동네돌봄단, 1인가구 건강·이사·마음 동행서비스, 서울동행맵·저상버스·교통약자 이동지원, 자치구 마음상담소·심리상담바우처","의료밀도 중앙값 미만, 복지밀도 하위30%, 교통밀도 하위30%",서울청년기지개센터·기지개LAB 사회진입 지원 / 고립·은둔청년 온라인 서비스·지역거점 우선 안내 / 서울마음편의점·자치구 마음상담소·심리상담바우처 / 외로움 없는 서울 관계형성 프로그램 / 서울동행맵 이동 안내 / 365 서울챌린지·참여형 안부확인 적립금 연계,행정정보 기반 위기가구 선제 발굴 우선지역 지정 / 우리동네돌봄단 안부확인 / 1인가구 건강·이사·마음 동행서비스 / 중장년 취업사관학교(50+캠퍼스) 원스톱 취업지원 / 자치구 마음상담소·심리상담바우처 / 서울동행맵·저상버스·교통약자 이동지원 안내 / 손목닥터9988 우울·불안 자가검진 안내 / 365 서울챌린지·참여형 안부확인 적립금 연계,동 중심 원스톱 통합돌봄 우선 적용 / 돌봄SOS 긴급돌봄·중장기 돌봄연계 / 9988 서울 프로젝트(리액트 센터·라운지·시니어 동행상점·어르신 일자리) / 서울건강장수센터·방문건강관리 / 서울동행맵·저상버스·장애인콜택시 이동지원 / 어르신 돌봄시설 확충 우선 검토 / 손목닥터9988 우울·불안 자가검진 연계 / 365 서울챌린지·참여형 안부확인 적립금 연계 / 시니어 취업사관학교 5개소 연계,현행·지속 + 2026년 신규 시행 중 + 2026년 시행 예정 연계,2026.3 신규 시행·현재 시행 중 / 2026.3Q~4Q 예정,"동 중심 원스톱 통합돌봄(2026.3 신규 시행), 돌봄SOS(현행), 외로움 없는 서울(현행·확대), 우리동네돌봄단(현행), 고립가구 위기정보 기반 발굴 시스템(2026년 도입), 1인가구 건강·이사·마음 동행서비스(2026년 통합지원), 서울건강장수센터(2026년 33개소 확대), 방문건강관리(현행), 자치구 마음상담소(현행·확대), 심리상담바우처(현행·확대), 손목닥터9988(2026년 확대), 365 서울챌린지(2026년 추진), 참여형 안부확인 적립금(2026년 추진), 저상버스 확대(2026년 추진), 장애인콜택시 증차(2026년 추진), 바우처택시(현행)","서울동행맵 AI 음성 안내(2026년 3분기 예정), 서울동행맵 보행경로 내비게이션(2026년 4분기 예정), 9988 서울 프로젝트 리액트 센터(~2035년 중장기 조성)"
11240670,가락2동,53.77153337223764,46.724298976819085,46.02502040841597,5.0269119233750965,57.21040189125296,74.70497557765358,4.211543728788263,40.0,4.68650258093799,44.26035502958581,65.77021251527408,3,생활안정형,2.0802835349410587,2.1164021164021167,1.040141767470529,0,1,1,0,0,1,2,2형: 복합 결핍형,복지·교통,"돌봄SOS, 우리동네돌봄단 안부확인, 서울동행맵, 저상버스·교통약자 이동지원","복지밀도 중앙값 미만, 교통밀도 하위30%",외로움 없는 서울 관계형성 프로그램 / 서울청년기지개센터 집중 발굴 / 서울동행맵·저상버스 등 이동지원 안내,1인가구 건강·이사·마음 동행서비스 / 우리동네돌봄단 안부확인 / 중장년 취업사관학교·50+캠퍼스 연계 / 서울동행맵·마을버스 서비스 개선 활용,돌봄SOS 긴급돌봄·중장기 돌봄서비스 연계 / 9988 서울 프로젝트(리액트 라운지·시니어 동행상점) / 서울동행맵·저상버스·교통약자 이동지원 / 안심돌봄가정 확충 / 시니어 취업사관학교 5개소 연계,현행·지속 + 2026년 신규 시행 중 + 2026년 시행 예정 연계,2026.3 신규 시행·현재 시행 중 / 2026.3Q~4Q 예정,"동 중심 원스톱 통합돌봄(2026.3 신규 시행), 돌봄SOS(현행), 우리동네돌봄단(현행), 서울동행맵(현행·고도화 추진), 저상버스 확대(2026년 추진), 장애인콜택시 증차(2026년 추진), 바우처택시(현행), 1인가구 건강·이사·마음 동행서비스(2026년 통합지원)","서울동행맵 AI 음성 안내(2026년 3분기 예정), 서울동행맵 보행경로 내비게이션(2026년 4분기 예정), 9988 서울 프로젝트 리액트 센터(~2035년 중장기 조성)"
11240680,문정1동,,,,,42.19858156028368,80.42567789671989,,38.81656804733728,,51.1242603550296,69.46597461542383,-1,미분류,1.0515861424315007,2.098950524737631,1.2268504995034175,1,1,1,1,0,0,3,3형: 삼중 결핍형,의료·복지·교통,"동 중심 원스톱 통합돌봄, 돌봄SOS, 외로움 없는 서울(서울마음편의점·서울잇다플레이스), 고립가구 위기정보 기반 발굴·우리동네돌봄단, 1인가구 건강·이사·마음 동행서비스, 서울동행맵·저상버스·교통약자 이동지원, 자치구 마음상담소·심리상담바우처","의료밀도 하위30%, 복지밀도 중앙값 미만, 교통밀도 중앙값 미만",서울청년기지개센터·기지개LAB 사회진입 지원 / 고립·은둔청년 온라인 서비스·지역거점 우선 안내 / 서울마음편의점·자치구 마음상담소·심리상담바우처 / 외로움 없는 서울 관계형성 프로그램 / 서울동행맵 이동 안내 / 365 서울챌린지·참여형 안부확인 적립금 연계,행정정보 기반 위기가구 선제 발굴 우선지역 지정 / 우리동네돌봄단 안부확인 / 1인가구 건강·이사·마음 동행서비스 / 중장년 취업사관학교(50+캠퍼스) 원스톱 취업지원 / 자치구 마음상담소·심리상담바우처 / 서울동행맵·저상버스·교통약자 이동지원 안내 / 손목닥터9988 우울·불안 자가검진 안내 / 365 서울챌린지·참여형 안부확인 적립금 연계,동 중심 원스톱 통합돌봄 우선 적용 / 돌봄SOS 긴급돌봄·중장기 돌봄연계 / 9988 서울 프로젝트(리액트 센터·라운지·시니어 동행상점·어르신 일자리) / 서울건강장수센터·방문건강관리 / 서울동행맵·저상버스·장애인콜택시 이동지원 / 어르신 돌봄시설 확충 우선 검토 / 손목닥터9988 우울·불안 자가검진 연계 / 365 서울챌린지·참여형 안부확인 적립금 연계 / 시니어 취업사관학교 5개소 연계,현행·지속 + 2026년 신규 시행 중 + 2026년 시행 예정 연계,2026.3 신규 시행·현재 시행 중 / 2026.3Q~4Q 예정,"동 중심 원스톱 통합돌봄(2026.3 신규 시행), 돌봄SOS(현행), 외로움 없는 서울(현행·확대), 우리동네돌봄단(현행), 고립가구 위기정보 기반 발굴 시스템(2026년 도입), 1인가구 건강·이사·마음 동행서비스(2026년 통합지원), 서울건강장수센터(2026년 33개소 확대), 방문건강관리(현행), 자치구 마음상담소(현행·확대), 심리상담바우처(현행·확대), 손목닥터9988(2026년 확대), 365 서울챌린지(2026년 추진), 참여형 안부확인 적립금(2026년 추진), 저상버스 확대(2026년 추진), 장애인콜택시 증차(2026년 추진), 바우처택시(현행)","서울동행맵 AI 음성 안내(2026년 3분기 예정), 서울동행맵 보행경로 내비게이션(2026년 4분기 예정), 9988 서울 프로젝트 리액트 센터(~2035년 중장기 조성)"
11240690,문정2동,,,,,4.964539007092199,56.66245936384061,,2.130177514792905,,8.520710059171591,74.45212115270093,-1,미분류,3.632288728312532,0.9197516670498964,1.352447930754666,0,1,1,0,1,0,2,2형: 복합 결핍형,복지·교통,"돌봄SOS, 우리동네돌봄단 안부확인, 서울동행맵, 저상버스·교통약자 이동지원","복지밀도 하위30%, 교통밀도 중앙값 미만",외로움 없는 서울 관계형성 프로그램 / 서울청년기지개센터 집중 발굴 / 서울동행맵·저상버스 등 이동지원 안내,1인가구 건강·이사·마음 동행서비스 / 우리동네돌봄단 안부확인 / 중장년 취업사관학교·50+캠퍼스 연계 / 서울동행맵·마을버스 서비스 개선 활용,돌봄SOS 긴급돌봄·중장기 돌봄서비스 연계 / 9988 서울 프로젝트(리액트 라운지·시니어 동행상점) / 서울동행맵·저상버스·교통약자 이동지원 / 안심돌봄가정 확충 / 시니어 취업사관학교 5개소 연계,현행·지속 + 2026년 신규 시행 중 + 2026년 시행 예정 연계,2026.3 신규 시행·현재 시행 중 / 2026.3Q~4Q 예정,"동 중심 원스톱 통합돌봄(2026.3 신규 시행), 돌봄SOS(현행), 우리동네돌봄단(현행), 서울동행맵(현행·고도화 추진), 저상버스 확대(2026년 추진), 장애인콜택시 증차(2026년 추진), 바우처택시(현행), 1인가구 건강·이사·마음 동행서비스(2026년 통합지원)","서울동행맵 AI 음성 안내(2026년 3분기 예정), 서울동행맵 보행경로 내비게이션(2026년 4분기 예정), 9988 서울 프로젝트 리액트 센터(~2035년 중장기 조성)"
11240710,잠실본동,43.11991667333979,40.9468153626924,44.107912260017855,58.34825892003212,13.947990543735216,64.67767167959818,46.26630741876265,14.556213017751489,36.30323203956938,12.89940828402368,71.8499398948793,0,1인가구 집중형,4.033852724827968,1.2297097884899164,0.6327612117377205,0,1,1,0,1,1,2,2형: 복합 결핍형,복지·교통,"돌봄SOS, 우리동네돌봄단 안부확인, 서울동행맵, 저상버스·교통약자 이동지원","복지밀도 하위30%, 교통밀도 하위30%",외로움 없는 서울 관계형성 프로그램 / 서울청년기지개센터 집중 발굴 / 서울동행맵·저상버스 등 이동지원 안내,1인가구 건강·이사·마음 동행서비스 / 우리동네돌봄단 안부확인 / 중장년 취업사관학교·50+캠퍼스 연계 / 서울동행맵·마을버스 서비스 개선 활용,돌봄SOS 긴급돌봄·중장기 돌봄서비스 연계 / 9988 서울 프로젝트(리액트 라운지·시니어 동행상점) / 서울동행맵·저상버스·교통약자 이동지원 / 안심돌봄가정 확충 / 시니어 취업사관학교 5개소 연계,현행·지속 + 2026년 신규 시행 중 + 2026년 시행 예정 연계,2026.3 신규 시행·현재 시행 중 / 2026.3Q~4Q 예정,"동 중심 원스톱 통합돌봄(2026.3 신규 시행), 돌봄SOS(현행), 우리동네돌봄단(현행), 서울동행맵(현행·고도화 추진), 저상버스 확대(2026년 추진), 장애인콜택시 증차(2026년 추진), 바우처택시(현행), 1인가구 건강·이사·마음 동행서비스(2026년 통합지원)","서울동행맵 AI 음성 안내(2026년 3분기 예정), 서울동행맵 보행경로 내비게이션(2026년 4분기 예정), 9988 서울 프로젝트 리액트 센터(~2035년 중장기 조성)"
11240750,잠실4동,60.21769238357054,52.32836388073064,56.52013248219265,6.319099679953251,74.46808510638297,72.91659601256674,8.11631968621199,53.846153846153854,14.563211691465936,55.029585798816576,76.32696692069703,2,활동적 도심형,2.516572550945249,1.2694382735639478,0.9206972747360668,0,1,1,0,1,1,2,2형: 복합 결핍형,복지·교통,"돌봄SOS, 우리동네돌봄단 안부확인, 서울동행맵, 저상버스·교통약자 이동지원","복지밀도 하위30%, 교통밀도 하위30%",외로움 없는 서울 관계형성 프로그램 / 서울청년기지개센터 집중 발굴 / 서울동행맵·저상버스 등 이동지원 안내,1인가구 건강·이사·마음 동행서비스 / 우리동네돌봄단 안부확인 / 중장년 취업사관학교·50+캠퍼스 연계 / 서울동행맵·마을버스 서비스 개선 활용,돌봄SOS 긴급돌봄·중장기 돌봄서비스 연계 / 9988 서울 프로젝트(리액트 라운지·시니어 동행상점) / 서울동행맵·저상버스·교통약자 이동지원 / 안심돌봄가정 확충 / 시니어 취업사관학교 5개소 연계,현행·지속 + 2026년 신규 시행 중 + 2026년 시행 예정 연계,2026.3 신규 시행·현재 시행 중 / 2026.3Q~4Q 예정,"동 중심 원스톱 통합돌봄(2026.3 신규 시행), 돌봄SOS(현행), 우리동네돌봄단(현행), 서울동행맵(현행·고도화 추진), 저상버스 확대(2026년 추진), 장애인콜택시 증차(2026년 추진), 바우처택시(현행), 1인가구 건강·이사·마음 동행서비스(2026년 통합지원)","서울동행맵 AI 음성 안내(2026년 3분기 예정), 서울동행맵 보행경로 내비게이션(2026년 4분기 예정), 9988 서울 프로젝트 리액트 센터(~2035년 중장기 조성)"
11240770,잠실6동,16.11334561221867,16.646333307419,29.32304011543645,4.181984133918817,2.9550827423168045,35.23728922127046,6.129869159642811,3.3136094674556347,5.722280071132784,4.615384615384613,59.02933219072284,3,생활안정형,6.369898526035108,1.2694382735639478,1.4073031627286867,0,1,0,0,1,0,1,1형: 단일 결핍형,복지,"동 중심 원스톱 통합돌봄, 돌봄SOS, 1인가구 건강·이사·마음 동행서비스, 고립가구 위기정보 기반 발굴",복지밀도 하위30%,서울청년기지개센터·기지개LAB 집중 발굴 / 외로움 없는 서울 관계형성 프로그램,행정정보 기반 위기가구 선제 발굴 / 우리동네돌봄단 안부확인 / 중장년 취업사관학교·50+캠퍼스 연계,동 중심 원스톱 통합돌봄 우선 적용 / 돌봄SOS / 9988 서울 프로젝트 리액트 라운지 연계 / 시니어 취업사관학교 5개소 연계,현행·지속 + 2026년 신규 시행 중,2026.3 신규 시행·현재 시행 중 / 2026년 확대 추진 중,"동 중심 원스톱 통합돌봄(2026.3 신규 시행), 돌봄SOS(현행), 우리동네돌봄단(현행), 고립가구 위기정보 기반 발굴 시스템(2026년 도입), 1인가구 건강·이사·마음 동행서비스(2026년 통합지원)",9988 서울 프로젝트 리액트 센터(~2035년 중장기 조성)
11240780,잠실7동,71.27951336887855,72.98777427717002,71.79178655408683,1.8014056186077776,88.77068557919623,88.52739503369625,4.452128655735736,91.71597633136096,5.433458296684616,86.74556213017752,89.65366255375062,2,활동적 도심형,0.7506568247216314,0.8639308855291576,0.87576629550857,1,1,1,1,1,1,3,3형: 삼중 결핍형,의료·복지·교통,"동 중심 원스톱 통합돌봄, 돌봄SOS, 외로움 없는 서울(서울마음편의점·서울잇다플레이스), 고립가구 위기정보 기반 발굴·우리동네돌봄단, 1인가구 건강·이사·마음 동행서비스, 서울동행맵·저상버스·교통약자 이동지원, 자치구 마음상담소·심리상담바우처","의료밀도 하위30%, 복지밀도 하위30%, 교통밀도 하위30%",서울청년기지개센터·기지개LAB 사회진입 지원 / 고립·은둔청년 온라인 서비스·지역거점 우선 안내 / 서울마음편의점·자치구 마음상담소·심리상담바우처 / 외로움 없는 서울 관계형성 프로그램 / 서울동행맵 이동 안내 / 365 서울챌린지·참여형 안부확인 적립금 연계,행정정보 기반 위기가구 선제 발굴 우선지역 지정 / 우리동네돌봄단 안부확인 / 1인가구 건강·이사·마음 동행서비스 / 중장년 취업사관학교(50+캠퍼스) 원스톱 취업지원 / 자치구 마음상담소·심리상담바우처 / 서울동행맵·저상버스·교통약자 이동지원 안내 / 손목닥터9988 우울·불안 자가검진 안내 / 365 서울챌린지·참여형 안부확인 적립금 연계,동 중심 원스톱 통합돌봄 우선 적용 / 돌봄SOS 긴급돌봄·중장기 돌봄연계 / 9988 서울 프로젝트(리액트 센터·라운지·시니어 동행상점·어르신 일자리) / 서울건강장수센터·방문건강관리 / 서울동행맵·저상버스·장애인콜택시 이동지원 / 어르신 돌봄시설 확충 우선 검토 / 손목닥터9988 우울·불안 자가검진 연계 / 365 서울챌린지·참여형 안부확인 적립금 연계 / 시니어 취업사관학교 5개소 연계,현행·지속 + 2026년 신규 시행 중 + 2026년 시행 예정 연계,2026.3 신규 시행·현재 시행 중 / 2026.3Q~4Q 예정,"동 중심 원스톱 통합돌봄(2026.3 신규 시행), 돌봄SOS(현행), 외로움 없는 서울(현행·확대), 우리동네돌봄단(현행), 고립가구 위기정보 기반 발굴 시스템(2026년 도입), 1인가구 건강·이사·마음 동행서비스(2026년 통합지원), 서울건강장수센터(2026년 33개소 확대), 방문건강관리(현행), 자치구 마음상담소(현행·확대), 심리상담바우처(현행·확대), 손목닥터9988(2026년 확대), 365 서울챌린지(2026년 추진), 참여형 안부확인 적립금(2026년 추진), 저상버스 확대(2026년 추진), 장애인콜택시 증차(2026년 추진), 바우처택시(현행)","서울동행맵 AI 음성 안내(2026년 3분기 예정), 서울동행맵 보행경로 내비게이션(2026년 4분기 예정), 9988 서울 프로젝트 리액트 센터(~2035년 중장기 조성)"
11240790,잠실2동,51.26693110918577,44.69382974123505,56.95329808890662,4.53271564659068,40.54373522458627,85.3572347250828,3.9972828063054666,24.37869822485208,9.152788162356618,43.78698224852072,88.43843704322899,3,생활안정형,1.8237553839587133,0.7532011046949536,0.5044429785417717,0,1,1,0,1,1,2,2형: 복합 결핍형,복지·교통,"돌봄SOS, 우리동네돌봄단 안부확인, 서울동행맵, 저상버스·교통약자 이동지원","복지밀도 하위30%, 교통밀도 하위30%",외로움 없는 서울 관계형성 프로그램 / 서울청년기지개센터 집중 발굴 / 서울동행맵·저상버스 등 이동지원 안내,1인가구 건강·이사·마음 동행서비스 / 우리동네돌봄단 안부확인 / 중장년 취업사관학교·50+캠퍼스 연계 / 서울동행맵·마을버스 서비스 개선 활용,돌봄SOS 긴급돌봄·중장기 돌봄서비스 연계 / 9988 서울 프로젝트(리액트 라운지·시니어 동행상점) / 서울동행맵·저상버스·교통약자 이동지원 / 안심돌봄가정 확충 / 시니어 취업사관학교 5개소 연계,현행·지속 + 2026년 신규 시행 중 + 2026년 시행 예정 연계,2026.3 신규 시행·현재 시행 중 / 2026.3Q~4Q 예정,"동 중심 원스톱 통합돌봄(2026.3 신규 시행), 돌봄SOS(현행), 우리동네돌봄단(현행), 서울동행맵(현행·고도화 추진), 저상버스 확대(2026년 추진), 장애인콜택시 증차(2026년 추진), 바우처택시(현행), 1인가구 건강·이사·마음 동행서비스(2026년 통합지원)","서울동행맵 AI 음성 안내(2026년 3분기 예정), 서울동행맵 보행경로 내비게이션(2026년 4분기 예정), 9988 서울 프로젝트 리액트 센터(~2035년 중장기 조성)"
11240800,잠실3동,37.7561859707189,35.69801060343234,42.96434787806661,2.916576940202959,15.24822695035462,77.68394950634115,5.370674714538458,8.875739644970452,5.374022783344374,3.5502958579881607,90.32653282467082,3,생활안정형,1.6139681608099186,0.4785452225235285,1.1004328369158536,0,1,1,0,1,1,2,2형: 복합 결핍형,복지·교통,"돌봄SOS, 우리동네돌봄단 안부확인, 서울동행맵, 저상버스·교통약자 이동지원","복지밀도 하위30%, 교통밀도 하위30%",외로움 없는 서울 관계형성 프로그램 / 서울청년기지개센터 집중 발굴 / 서울동행맵·저상버스 등 이동지원 안내,1인가구 건강·이사·마음 동행서비스 / 우리동네돌봄단 안부확인 / 중장년 취업사관학교·50+캠퍼스 연계 / 서울동행맵·마을버스 서비스 개선 활용,돌봄SOS 긴급돌봄·중장기 돌봄서비스 연계 / 9988 서울 프로젝트(리액트 라운지·시니어 동행상점) / 서울동행맵·저상버스·교통약자 이동지원 / 안심돌봄가정 확충 / 시니어 취업사관학교 5개소 연계,현행·지속 + 2026년 신규 시행 중 + 2026년 시행 예정 연계,2026.3 신규 시행·현재 시행 중 / 2026.3Q~4Q 예정,"동 중심 원스톱 통합돌봄(2026.3 신규 시행), 돌봄SOS(현행), 우리동네돌봄단(현행), 서울동행맵(현행·고도화 추진), 저상버스 확대(2026년 추진), 장애인콜택시 증차(2026년 추진), 바우처택시(현행), 1인가구 건강·이사·마음 동행서비스(2026년 통합지원)","서울동행맵 AI 음성 안내(2026년 3분기 예정), 서울동행맵 보행경로 내비게이션(2026년 4분기 예정), 9988 서울 프로젝트 리액트 센터(~2035년 중장기 조성)"
11240810,장지동,49.99120814889856,43.69974469998469,30.70965257464566,27.248631456100288,42.19858156028368,69.15512308391257,12.259483249258045,33.96449704142013,5.834164847736172,39.40828402366864,34.999822659587565,3,생활안정형,1.1985947509816075,4.306808859721083,1.8598884066955983,1,0,0,0,0,0,1,1형: 단일 결핍형,의료,"서울건강장수센터·방문건강관리, 자치구 마음상담소·심리상담바우처, 공공의료 접근성 안내",의료밀도 중앙값 미만,자치구 마음상담소·심리상담바우처 / 고립·은둔청년 온라인 진입 서비스 안내,행정정보 기반 위기가구 선제 발굴 / 자치구 마음상담소·심리상담바우처 / 손목닥터9988 우울·불안 자가검진 안내,서울건강장수센터·방문건강관리 연계 / 돌봄SOS 안내 / 손목닥터9988 우울·불안 자가검진 연계,현행·지속 + 2026년 확대 추진 중,2026년 확대 추진 중,"서울건강장수센터(2026년 33개소 확대), 방문건강관리(현행), 자치구 마음상담소(현행·확대), 심리상담바우처(현행·확대), 손목닥터9988(2026년 확대)","서울동행맵 AI 음성 안내(2026년 3분기 예정), 서울동행맵 보행경로 내비게이션(2026년 4분기 예정)"
11240820,위례동,,,,,32.38770685579196,75.19277735243543,,15.73964497041422,,37.98816568047339,42.99915907279856,-1,미분류,0.6520524125939265,3.929787791459261,1.7698565484692297,1,0,0,1,0,0,1,1형: 단일 결핍형,의료,"서울건강장수센터·방문건강관리, 자치구 마음상담소·심리상담바우처, 공공의료 접근성 안내",의료밀도 하위30%,자치구 마음상담소·심리상담바우처 / 고립·은둔청년 온라인 진입 서비스 안내,행정정보 기반 위기가구 선제 발굴 / 자치구 마음상담소·심리상담바우처 / 손목닥터9988 우울·불안 자가검진 안내,서울건강장수센터·방문건강관리 연계 / 돌봄SOS 안내 / 손목닥터9988 우울·불안 자가검진 연계,현행·지속 + 2026년 확대 추진 중,2026년 확대 추진 중,"서울건강장수센터(2026년 33개소 확대), 방문건강관리(현행), 자치구 마음상담소(현행·확대), 심리상담바우처(현행·확대), 손목닥터9988(2026년 확대)","서울동행맵 AI 음성 안내(2026년 3분기 예정), 서울동행맵 보행경로 내비게이션(2026년 4분기 예정)"
11250530,명일1동,49.97046089757687,40.63359881391183,37.09177533000136,10.687028408241911,53.07328605200946,66.50935198781175,13.581242756657533,28.28402366863905,22.084275942704988,11.242603550295884,63.866686441904,3,생활안정형,2.5812619502868066,2.0161290322580645,1.2906309751434033,0,1,1,0,0,0,2,2형: 복합 결핍형,복지·교통,"돌봄SOS, 우리동네돌봄단 안부확인, 서울동행맵, 저상버스·교통약자 이동지원","복지밀도 중앙값 미만, 교통밀도 중앙값 미만",외로움 없는 서울 관계형성 프로그램 / 서울청년기지개센터 집중 발굴 / 서울동행맵·저상버스 등 이동지원 안내,1인가구 건강·이사·마음 동행서비스 / 우리동네돌봄단 안부확인 / 중장년 취업사관학교·50+캠퍼스 연계 / 서울동행맵·마을버스 서비스 개선 활용,돌봄SOS 긴급돌봄·중장기 돌봄서비스 연계 / 9988 서울 프로젝트(리액트 라운지·시니어 동행상점) / 서울동행맵·저상버스·교통약자 이동지원 / 안심돌봄가정 확충 / 시니어 취업사관학교 5개소 연계,현행·지속 + 2026년 신규 시행 중 + 2026년 시행 예정 연계,2026.3 신규 시행·현재 시행 중 / 2026.3Q~4Q 예정,"동 중심 원스톱 통합돌봄(2026.3 신규 시행), 돌봄SOS(현행), 우리동네돌봄단(현행), 서울동행맵(현행·고도화 추진), 저상버스 확대(2026년 추진), 장애인콜택시 증차(2026년 추진), 바우처택시(현행), 1인가구 건강·이사·마음 동행서비스(2026년 통합지원)","서울동행맵 AI 음성 안내(2026년 3분기 예정), 서울동행맵 보행경로 내비게이션(2026년 4분기 예정), 9988 서울 프로젝트 리액트 센터(~2035년 중장기 조성)"
11250540,명일2동,63.22915743122378,53.374815731598055,46.18273474263337,23.59594762899713,86.4066193853428,59.86830037821809,7.729193877885451,69.70414201183432,8.841706293746423,63.19526627218936,49.5467784191507,2,활동적 도심형,3.756953977313778,2.756719503790489,1.0837367242251283,0,0,1,0,0,1,1,1형: 단일 결핍형,교통,"서울동행맵, 저상버스·교통약자 이동지원, 마을버스 서비스 개선",교통밀도 하위30%,서울동행맵 이동지원 안내 / 외로움 없는 서울 프로그램 연계,서울동행맵·저상버스 이동지원 안내 / 중장년 취업사관학교·50+캠퍼스 연계,서울동행맵(AI 음성안내·보행경로) 우선 안내 / 저상버스·장애인콜택시·바우처택시 이동지원,현행·지속 + 2026년 확대 추진 중 + 2026년 시행 예정 연계,2026년 확대 추진 중 / 2026.3Q~4Q 예정,"서울동행맵(현행·고도화 추진), 저상버스 확대(2026년 추진), 장애인콜택시 증차(2026년 추진), 바우처택시(현행), 마을버스 서비스 개선(2026년 추진)","서울동행맵 AI 음성 안내(2026년 3분기 예정), 서울동행맵 보행경로 내비게이션(2026년 4분기 예정)"
11250550,고덕1동,64.93008800162332,53.19089788089252,54.58984431537614,5.476384943210205,81.67848699763593,77.90854053481725,5.285337328910954,52.42603550295858,14.458191445748398,71.59763313609467,59.19785428576294,2,활동적 도심형,0.5032994072251427,2.846299810246679,1.6776646907504753,1,0,0,1,0,0,1,1형: 단일 결핍형,의료,"서울건강장수센터·방문건강관리, 자치구 마음상담소·심리상담바우처, 공공의료 접근성 안내",의료밀도 하위30%,자치구 마음상담소·심리상담바우처 / 고립·은둔청년 온라인 진입 서비스 안내,행정정보 기반 위기가구 선제 발굴 / 자치구 마음상담소·심리상담바우처 / 손목닥터9988 우울·불안 자가검진 안내,서울건강장수센터·방문건강관리 연계 / 돌봄SOS 안내 / 손목닥터9988 우울·불안 자가검진 연계,현행·지속 + 2026년 확대 추진 중,2026년 확대 추진 중,"서울건강장수센터(2026년 33개소 확대), 방문건강관리(현행), 자치구 마음상담소(현행·확대), 심리상담바우처(현행·확대), 손목닥터9988(2026년 확대)","서울동행맵 AI 음성 안내(2026년 3분기 예정), 서울동행맵 보행경로 내비게이션(2026년 4분기 예정)"
11250560,고덕2동,51.685918568000105,42.44249688782469,61.52513171224757,18.156130965957363,65.2482269503546,54.888503986666976,15.334884749813144,43.550295857988175,28.870322283571248,66.3905325443787,72.25417970000173,2,활동적 도심형,2.217663691301214,1.209921355111918,2.217663691301214,0,1,0,0,1,0,1,1형: 단일 결핍형,복지,"동 중심 원스톱 통합돌봄, 돌봄SOS, 1인가구 건강·이사·마음 동행서비스, 고립가구 위기정보 기반 발굴",복지밀도 하위30%,서울청년기지개센터·기지개LAB 집중 발굴 / 외로움 없는 서울 관계형성 프로그램,행정정보 기반 위기가구 선제 발굴 / 우리동네돌봄단 안부확인 / 중장년 취업사관학교·50+캠퍼스 연계,동 중심 원스톱 통합돌봄 우선 적용 / 돌봄SOS / 9988 서울 프로젝트 리액트 라운지 연계 / 시니어 취업사관학교 5개소 연계,현행·지속 + 2026년 신규 시행 중,2026.3 신규 시행·현재 시행 중 / 2026년 확대 추진 중,"동 중심 원스톱 통합돌봄(2026.3 신규 시행), 돌봄SOS(현행), 우리동네돌봄단(현행), 고립가구 위기정보 기반 발굴 시스템(2026년 도입), 1인가구 건강·이사·마음 동행서비스(2026년 통합지원)",9988 서울 프로젝트 리액트 센터(~2035년 중장기 조성)
11250580,암사2동,66.3827750241058,65.19527020520133,62.47060878748147,20.551015875606915,74.23167848699764,81.4497511354634,18.46146413969516,72.3076923076923,19.561340601937623,69.70414201183432,75.91531325100429,2,활동적 도심형,2.200911806319761,1.5203344735841886,0.5502279515799403,0,1,1,0,1,1,2,2형: 복합 결핍형,복지·교통,"돌봄SOS, 우리동네돌봄단 안부확인, 서울동행맵, 저상버스·교통약자 이동지원","복지밀도 하위30%, 교통밀도 하위30%",외로움 없는 서울 관계형성 프로그램 / 서울청년기지개센터 집중 발굴 / 서울동행맵·저상버스 등 이동지원 안내,1인가구 건강·이사·마음 동행서비스 / 우리동네돌봄단 안부확인 / 중장년 취업사관학교·50+캠퍼스 연계 / 서울동행맵·마을버스 서비스 개선 활용,돌봄SOS 긴급돌봄·중장기 돌봄서비스 연계 / 9988 서울 프로젝트(리액트 라운지·시니어 동행상점) / 서울동행맵·저상버스·교통약자 이동지원 / 안심돌봄가정 확충 / 시니어 취업사관학교 5개소 연계,현행·지속 + 2026년 신규 시행 중 + 2026년 시행 예정 연계,2026.3 신규 시행·현재 시행 중 / 2026.3Q~4Q 예정,"동 중심 원스톱 통합돌봄(2026.3 신규 시행), 돌봄SOS(현행), 우리동네돌봄단(현행), 서울동행맵(현행·고도화 추진), 저상버스 확대(2026년 추진), 장애인콜택시 증차(2026년 추진), 바우처택시(현행), 1인가구 건강·이사·마음 동행서비스(2026년 통합지원)","서울동행맵 AI 음성 안내(2026년 3분기 예정), 서울동행맵 보행경로 내비게이션(2026년 4분기 예정), 9988 서울 프로젝트 리액트 센터(~2035년 중장기 조성)"
11250590,암사3동,67.70769852881939,63.2192844314958,58.855824434263006,4.686476412407951,85.57919621749409,81.34681189835041,5.710490668470466,73.84615384615385,11.462108286674908,76.80473372781066,65.9594354937651,2,활동적 도심형,0.7970436924860518,2.4005486968449934,1.3042533149771756,1,0,1,1,0,0,2,2형: 복합 결핍형,의료·교통,"서울건강장수센터·방문건강관리, 서울동행맵, 저상버스·교통약자 이동지원, 마을버스 서비스 개선","의료밀도 하위30%, 교통밀도 중앙값 미만",고립·은둔청년 온라인 진입 서비스 및 지역거점 15개소 우선 안내 / 자치구 마음상담소·심리상담바우처 / 서울동행맵 기반 이동지원 안내,행정정보 기반 위기가구 선제 발굴 우선지역 지정 / 중장년 취업사관학교·50+캠퍼스 상담·훈련·취업·사후관리 / 서울동행맵·저상버스 이동지원 안내 / 자치구 마음상담소 연계 / 손목닥터9988 우울·불안 자가검진 안내,서울건강장수센터·방문건강관리 연계 / 서울동행맵(AI 음성안내·보행경로) 우선 안내 / 저상버스·장애인콜택시·바우처택시 이동지원 / 9988 서울 프로젝트 우리동네 리액트 라운지 연계 / 손목닥터9988 우울·불안 자가검진 연계,현행·지속 + 2026년 확대 추진 중 + 2026년 시행 예정 연계,2026년 확대 추진 중 / 2026.3Q~4Q 예정,"서울건강장수센터(2026년 33개소 확대), 방문건강관리(현행), 서울동행맵(현행·고도화 추진), 저상버스 확대(2026년 추진), 장애인콜택시 증차(2026년 추진), 바우처택시(현행), 마을버스 서비스 개선(2026년 추진), 손목닥터9988(2026년 확대), 자치구 마음상담소(현행·확대)","서울동행맵 AI 음성 안내(2026년 3분기 예정), 서울동행맵 보행경로 내비게이션(2026년 4분기 예정)"
11250610,천호1동,57.07120500143503,52.55028367857098,50.03068747765423,28.138454390003304,46.335697399527184,82.27308790905875,33.58985795935274,32.30769230769232,42.51360385064634,23.07692307692308,74.33565251244862,3,생활안정형,1.3690425258834602,1.7516202487300754,0.9412167365448788,1,1,1,0,1,1,3,3형: 삼중 결핍형,의료·복지·교통,"동 중심 원스톱 통합돌봄, 돌봄SOS, 외로움 없는 서울(서울마음편의점·서울잇다플레이스), 고립가구 위기정보 기반 발굴·우리동네돌봄단, 1인가구 건강·이사·마음 동행서비스, 서울동행맵·저상버스·교통약자 이동지원, 자치구 마음상담소·심리상담바우처","의료밀도 중앙값 미만, 복지밀도 하위30%, 교통밀도 하위30%",서울청년기지개센터·기지개LAB 사회진입 지원 / 고립·은둔청년 온라인 서비스·지역거점 우선 안내 / 서울마음편의점·자치구 마음상담소·심리상담바우처 / 외로움 없는 서울 관계형성 프로그램 / 서울동행맵 이동 안내 / 365 서울챌린지·참여형 안부확인 적립금 연계,행정정보 기반 위기가구 선제 발굴 우선지역 지정 / 우리동네돌봄단 안부확인 / 1인가구 건강·이사·마음 동행서비스 / 중장년 취업사관학교(50+캠퍼스) 원스톱 취업지원 / 자치구 마음상담소·심리상담바우처 / 서울동행맵·저상버스·교통약자 이동지원 안내 / 손목닥터9988 우울·불안 자가검진 안내 / 365 서울챌린지·참여형 안부확인 적립금 연계,동 중심 원스톱 통합돌봄 우선 적용 / 돌봄SOS 긴급돌봄·중장기 돌봄연계 / 9988 서울 프로젝트(리액트 센터·라운지·시니어 동행상점·어르신 일자리) / 서울건강장수센터·방문건강관리 / 서울동행맵·저상버스·장애인콜택시 이동지원 / 어르신 돌봄시설 확충 우선 검토 / 손목닥터9988 우울·불안 자가검진 연계 / 365 서울챌린지·참여형 안부확인 적립금 연계 / 시니어 취업사관학교 5개소 연계,현행·지속 + 2026년 신규 시행 중 + 2026년 시행 예정 연계,2026.3 신규 시행·현재 시행 중 / 2026.3Q~4Q 예정,"동 중심 원스톱 통합돌봄(2026.3 신규 시행), 돌봄SOS(현행), 외로움 없는 서울(현행·확대), 우리동네돌봄단(현행), 고립가구 위기정보 기반 발굴 시스템(2026년 도입), 1인가구 건강·이사·마음 동행서비스(2026년 통합지원), 서울건강장수센터(2026년 33개소 확대), 방문건강관리(현행), 자치구 마음상담소(현행·확대), 심리상담바우처(현행·확대), 손목닥터9988(2026년 확대), 365 서울챌린지(2026년 추진), 참여형 안부확인 적립금(2026년 추진), 저상버스 확대(2026년 추진), 장애인콜택시 증차(2026년 추진), 바우처택시(현행)","서울동행맵 AI 음성 안내(2026년 3분기 예정), 서울동행맵 보행경로 내비게이션(2026년 4분기 예정), 9988 서울 프로젝트 리액트 센터(~2035년 중장기 조성)"
11250630,천호3동,55.326605264920886,55.36892282525496,49.12485000854235,55.60988886421222,28.959810874704488,81.55175785549162,42.498494864995685,35.62130177514794,45.852672683646176,28.28402366863905,66.7886826395321,0,1인가구 집중형,1.9655403144864505,2.2044088176352705,0.6691201070592171,0,1,1,0,0,1,2,2형: 복합 결핍형,복지·교통,"돌봄SOS, 우리동네돌봄단 안부확인, 서울동행맵, 저상버스·교통약자 이동지원","복지밀도 중앙값 미만, 교통밀도 하위30%",외로움 없는 서울 관계형성 프로그램 / 서울청년기지개센터 집중 발굴 / 서울동행맵·저상버스 등 이동지원 안내,1인가구 건강·이사·마음 동행서비스 / 우리동네돌봄단 안부확인 / 중장년 취업사관학교·50+캠퍼스 연계 / 서울동행맵·마을버스 서비스 개선 활용,돌봄SOS 긴급돌봄·중장기 돌봄서비스 연계 / 9988 서울 프로젝트(리액트 라운지·시니어 동행상점) / 서울동행맵·저상버스·교통약자 이동지원 / 안심돌봄가정 확충 / 시니어 취업사관학교 5개소 연계,현행·지속 + 2026년 신규 시행 중 + 2026년 시행 예정 연계,2026.3 신규 시행·현재 시행 중 / 2026.3Q~4Q 예정,"동 중심 원스톱 통합돌봄(2026.3 신규 시행), 돌봄SOS(현행), 우리동네돌봄단(현행), 서울동행맵(현행·고도화 추진), 저상버스 확대(2026년 추진), 장애인콜택시 증차(2026년 추진), 바우처택시(현행), 1인가구 건강·이사·마음 동행서비스(2026년 통합지원)","서울동행맵 AI 음성 안내(2026년 3분기 예정), 서울동행맵 보행경로 내비게이션(2026년 4분기 예정), 9988 서울 프로젝트 리액트 센터(~2035년 중장기 조성)"
11250650,성내1동,52.62631263821432,47.31186981331756,47.55388855630139,22.03341052051764,45.62647754137116,74.92259879390582,18.07509822433825,34.319526627218934,18.910365706404395,33.37278106508876,71.31409342719877,3,생활안정형,1.3925890046015983,1.8072289156626504,1.3925890046015983,1,1,0,0,1,0,2,2형: 복합 결핍형,의료·복지,"동 중심 원스톱 통합돌봄, 돌봄SOS, 자치구 마음상담소·심리상담바우처, 1인가구 건강·마음 동행서비스, 고립가구 위기정보 기반 발굴","의료밀도 중앙값 미만, 복지밀도 하위30%",서울청년기지개센터·기지개LAB 기반 사회진입 지원 / 서울마음편의점·자치구 마음상담소·심리상담바우처 연계 / 외로움 없는 서울 관계형성 프로그램 / 고립·은둔청년 온라인 진입 서비스 우선 안내,행정정보 기반 위기가구 선제 발굴(실직·폐업·이혼 등) 우선지역 지정 / 1인가구 건강·이사·마음 동행서비스 / 중장년 취업사관학교(50+캠퍼스) 원스톱 취업지원 연계 / 자치구 마음상담소·심리상담바우처 / 손목닥터9988 우울·불안 자가검진 안내,동 중심 원스톱 통합돌봄 우선 적용 / 돌봄SOS 긴급돌봄·중장기 돌봄서비스 연계 / 서울건강장수센터·방문건강관리 / 노인맞춤돌봄서비스 중점돌봄군 우선 지정 / 어르신 돌봄시설 확충 우선 검토 / 손목닥터9988 우울·불안 자가검진 연계,현행·지속 + 2026년 신규 시행 중,2026.3 신규 시행·현재 시행 중 / 2026년 확대 추진 중,"동 중심 원스톱 통합돌봄(2026.3 신규 시행), 돌봄SOS(현행), 우리동네돌봄단(현행), 서울건강장수센터(2026년 33개소 확대), 방문건강관리(현행), 자치구 마음상담소(현행·확대), 심리상담바우처(현행·확대), 손목닥터9988(2026년 확대), 1인가구 건강·이사·마음 동행서비스(2026년 통합지원), 고립가구 위기정보 기반 발굴 시스템(2026년 도입)","9988 서울 프로젝트 리액트 센터(~2035년 중장기 조성), 1인가구 지원 5개년 종합계획(2027~2031 수립 추진)"
11250660,성내2동,51.45140238884187,50.19154019152886,53.91488415196911,56.13045290849764,32.15130023640663,68.4119792814492,43.6011980160476,35.266272189349124,47.44854515915372,23.78698224852073,80.22162518479135,0,1인가구 집중형,2.8495351987667585,0.8536064874093043,1.0277012192273554,0,1,1,0,1,1,2,2형: 복합 결핍형,복지·교통,"돌봄SOS, 우리동네돌봄단 안부확인, 서울동행맵, 저상버스·교통약자 이동지원","복지밀도 하위30%, 교통밀도 하위30%",외로움 없는 서울 관계형성 프로그램 / 서울청년기지개센터 집중 발굴 / 서울동행맵·저상버스 등 이동지원 안내,1인가구 건강·이사·마음 동행서비스 / 우리동네돌봄단 안부확인 / 중장년 취업사관학교·50+캠퍼스 연계 / 서울동행맵·마을버스 서비스 개선 활용,돌봄SOS 긴급돌봄·중장기 돌봄서비스 연계 / 9988 서울 프로젝트(리액트 라운지·시니어 동행상점) / 서울동행맵·저상버스·교통약자 이동지원 / 안심돌봄가정 확충 / 시니어 취업사관학교 5개소 연계,현행·지속 + 2026년 신규 시행 중 + 2026년 시행 예정 연계,2026.3 신규 시행·현재 시행 중 / 2026.3Q~4Q 예정,"동 중심 원스톱 통합돌봄(2026.3 신규 시행), 돌봄SOS(현행), 우리동네돌봄단(현행), 서울동행맵(현행·고도화 추진), 저상버스 확대(2026년 추진), 장애인콜택시 증차(2026년 추진), 바우처택시(현행), 1인가구 건강·이사·마음 동행서비스(2026년 통합지원)","서울동행맵 AI 음성 안내(2026년 3분기 예정), 서울동행맵 보행경로 내비게이션(2026년 4분기 예정), 9988 서울 프로젝트 리액트 센터(~2035년 중장기 조성)"
11250670,성내3동,40.16547492771184,34.778366832770764,40.82022101031521,31.70819561827248,23.99527186761229,60.564317642531066,27.43775509180944,12.662721893491124,31.44650487411577,6.982248520710073,71.30474011831895,3,생활안정형,4.109657695584624,1.1712344811431248,0.8520022051821782,0,1,1,0,1,1,2,2형: 복합 결핍형,복지·교통,"돌봄SOS, 우리동네돌봄단 안부확인, 서울동행맵, 저상버스·교통약자 이동지원","복지밀도 하위30%, 교통밀도 하위30%",외로움 없는 서울 관계형성 프로그램 / 서울청년기지개센터 집중 발굴 / 서울동행맵·저상버스 등 이동지원 안내,1인가구 건강·이사·마음 동행서비스 / 우리동네돌봄단 안부확인 / 중장년 취업사관학교·50+캠퍼스 연계 / 서울동행맵·마을버스 서비스 개선 활용,돌봄SOS 긴급돌봄·중장기 돌봄서비스 연계 / 9988 서울 프로젝트(리액트 라운지·시니어 동행상점) / 서울동행맵·저상버스·교통약자 이동지원 / 안심돌봄가정 확충 / 시니어 취업사관학교 5개소 연계,현행·지속 + 2026년 신규 시행 중 + 2026년 시행 예정 연계,2026.3 신규 시행·현재 시행 중 / 2026.3Q~4Q 예정,"동 중심 원스톱 통합돌봄(2026.3 신규 시행), 돌봄SOS(현행), 우리동네돌봄단(현행), 서울동행맵(현행·고도화 추진), 저상버스 확대(2026년 추진), 장애인콜택시 증차(2026년 추진), 바우처택시(현행), 1인가구 건강·이사·마음 동행서비스(2026년 통합지원)","서울동행맵 AI 음성 안내(2026년 3분기 예정), 서울동행맵 보행경로 내비게이션(2026년 4분기 예정), 9988 서울 프로젝트 리액트 센터(~2035년 중장기 조성)"
11250700,둔촌1동,,,,,97.39952718676123,0.0,,82.60355029585799,,88.63905325443787,,-1,미분류,893.6170212765957,,340.4255319148936,0,0,0,0,0,0,0,0형: 인프라 양호형,없음,"외로움 없는 서울, 1인가구 맞춤형 지원, 마음건강서비스 안내 및 정기 모니터링",인프라 상대 양호,서울마음편의점·외로움 없는 서울 관계형성 프로그램 안내 / 정기 모니터링 / 365 서울챌린지·참여형 안부확인 적립금 연계,1인가구 건강·이사·마음 동행서비스 안내 / 정기 모니터링 / 365 서울챌린지·참여형 안부확인 적립금 연계,노인맞춤돌봄서비스 안내 / 9988 서울 프로젝트 정보 제공 / 정기 모니터링 / 365 서울챌린지·참여형 안부확인 적립금 연계 / 시니어 취업사관학교 5개소 연계,현행·지속 운영 + 정기 모니터링,2026년 지속,"외로움 없는 서울(현행·확대), 우리동네돌봄단(현행), 1인가구 건강·이사·마음 동행서비스(2026년 통합지원)",1인가구 지원 5개년 종합계획(2027~2031 수립 추진)
11250710,둔촌2동,52.83410078519723,46.09991694433224,33.53907402401309,19.679508080796424,48.69976359338062,73.54573432921424,19.266104228913115,32.07100591715978,26.179908106894,16.923076923076934,49.7333677323497,3,생활안정형,1.2930415209999522,3.334815473543797,1.5324936545184618,1,0,0,0,0,0,1,1형: 단일 결핍형,의료,"서울건강장수센터·방문건강관리, 자치구 마음상담소·심리상담바우처, 공공의료 접근성 안내",의료밀도 중앙값 미만,자치구 마음상담소·심리상담바우처 / 고립·은둔청년 온라인 진입 서비스 안내,행정정보 기반 위기가구 선제 발굴 / 자치구 마음상담소·심리상담바우처 / 손목닥터9988 우울·불안 자가검진 안내,서울건강장수센터·방문건강관리 연계 / 돌봄SOS 안내 / 손목닥터9988 우울·불안 자가검진 연계,현행·지속 + 2026년 확대 추진 중,2026년 확대 추진 중,"서울건강장수센터(2026년 33개소 확대), 방문건강관리(현행), 자치구 마음상담소(현행·확대), 심리상담바우처(현행·확대), 손목닥터9988(2026년 확대)","서울동행맵 AI 음성 안내(2026년 3분기 예정), 서울동행맵 보행경로 내비게이션(2026년 4분기 예정)"
11250720,암사1동,58.059292787244544,54.23793796319445,49.619757450998335,23.339183272348407,41.25295508274232,92.22568524919484,28.75015363710925,28.99408284023669,40.5836169177989,22.366863905325445,74.83251489016588,3,생활안정형,1.0092854259184498,1.973284760170006,0.5046427129592249,1,1,1,1,0,1,3,3형: 삼중 결핍형,의료·복지·교통,"동 중심 원스톱 통합돌봄, 돌봄SOS, 외로움 없는 서울(서울마음편의점·서울잇다플레이스), 고립가구 위기정보 기반 발굴·우리동네돌봄단, 1인가구 건강·이사·마음 동행서비스, 서울동행맵·저상버스·교통약자 이동지원, 자치구 마음상담소·심리상담바우처","의료밀도 하위30%, 복지밀도 중앙값 미만, 교통밀도 하위30%",서울청년기지개센터·기지개LAB 사회진입 지원 / 고립·은둔청년 온라인 서비스·지역거점 우선 안내 / 서울마음편의점·자치구 마음상담소·심리상담바우처 / 외로움 없는 서울 관계형성 프로그램 / 서울동행맵 이동 안내 / 365 서울챌린지·참여형 안부확인 적립금 연계,행정정보 기반 위기가구 선제 발굴 우선지역 지정 / 우리동네돌봄단 안부확인 / 1인가구 건강·이사·마음 동행서비스 / 중장년 취업사관학교(50+캠퍼스) 원스톱 취업지원 / 자치구 마음상담소·심리상담바우처 / 서울동행맵·저상버스·교통약자 이동지원 안내 / 손목닥터9988 우울·불안 자가검진 안내 / 365 서울챌린지·참여형 안부확인 적립금 연계,동 중심 원스톱 통합돌봄 우선 적용 / 돌봄SOS 긴급돌봄·중장기 돌봄연계 / 9988 서울 프로젝트(리액트 센터·라운지·시니어 동행상점·어르신 일자리) / 서울건강장수센터·방문건강관리 / 서울동행맵·저상버스·장애인콜택시 이동지원 / 어르신 돌봄시설 확충 우선 검토 / 손목닥터9988 우울·불안 자가검진 연계 / 365 서울챌린지·참여형 안부확인 적립금 연계 / 시니어 취업사관학교 5개소 연계,현행·지속 + 2026년 신규 시행 중 + 2026년 시행 예정 연계,2026.3 신규 시행·현재 시행 중 / 2026.3Q~4Q 예정,"동 중심 원스톱 통합돌봄(2026.3 신규 시행), 돌봄SOS(현행), 외로움 없는 서울(현행·확대), 우리동네돌봄단(현행), 고립가구 위기정보 기반 발굴 시스템(2026년 도입), 1인가구 건강·이사·마음 동행서비스(2026년 통합지원), 서울건강장수센터(2026년 33개소 확대), 방문건강관리(현행), 자치구 마음상담소(현행·확대), 심리상담바우처(현행·확대), 손목닥터9988(2026년 확대), 365 서울챌린지(2026년 추진), 참여형 안부확인 적립금(2026년 추진), 저상버스 확대(2026년 추진), 장애인콜택시 증차(2026년 추진), 바우처택시(현행)","서울동행맵 AI 음성 안내(2026년 3분기 예정), 서울동행맵 보행경로 내비게이션(2026년 4분기 예정), 9988 서울 프로젝트 리액트 센터(~2035년 중장기 조성)"
11250730,천호2동,45.238262668888936,39.98992275367868,40.601980657075686,44.19459179023741,27.186761229314413,63.81159954778923,39.90037916985633,16.2130177514793,46.353334777185054,5.562130177514788,65.29904031001888,3,생활안정형,3.559196830300181,1.737482230295372,0.9401652004566516,0,1,1,0,1,1,2,2형: 복합 결핍형,복지·교통,"돌봄SOS, 우리동네돌봄단 안부확인, 서울동행맵, 저상버스·교통약자 이동지원","복지밀도 하위30%, 교통밀도 하위30%",외로움 없는 서울 관계형성 프로그램 / 서울청년기지개센터 집중 발굴 / 서울동행맵·저상버스 등 이동지원 안내,1인가구 건강·이사·마음 동행서비스 / 우리동네돌봄단 안부확인 / 중장년 취업사관학교·50+캠퍼스 연계 / 서울동행맵·마을버스 서비스 개선 활용,돌봄SOS 긴급돌봄·중장기 돌봄서비스 연계 / 9988 서울 프로젝트(리액트 라운지·시니어 동행상점) / 서울동행맵·저상버스·교통약자 이동지원 / 안심돌봄가정 확충 / 시니어 취업사관학교 5개소 연계,현행·지속 + 2026년 신규 시행 중 + 2026년 시행 예정 연계,2026.3 신규 시행·현재 시행 중 / 2026.3Q~4Q 예정,"동 중심 원스톱 통합돌봄(2026.3 신규 시행), 돌봄SOS(현행), 우리동네돌봄단(현행), 서울동행맵(현행·고도화 추진), 저상버스 확대(2026년 추진), 장애인콜택시 증차(2026년 추진), 바우처택시(현행), 1인가구 건강·이사·마음 동행서비스(2026년 통합지원)","서울동행맵 AI 음성 안내(2026년 3분기 예정), 서울동행맵 보행경로 내비게이션(2026년 4분기 예정), 9988 서울 프로젝트 리액트 센터(~2035년 중장기 조성)"
11250740,길동,39.80954772924718,35.65310426815003,38.30161633508497,43.63326277298325,6.382978723404236,71.32425921322208,32.77676622791543,1.42011834319527,34.296596900358416,0.0,69.87177101114064,3,생활안정형,2.601951463597698,1.6870993139129455,0.9757317988491369,0,1,1,0,1,1,2,2형: 복합 결핍형,복지·교통,"돌봄SOS, 우리동네돌봄단 안부확인, 서울동행맵, 저상버스·교통약자 이동지원","복지밀도 하위30%, 교통밀도 하위30%",외로움 없는 서울 관계형성 프로그램 / 서울청년기지개센터 집중 발굴 / 서울동행맵·저상버스 등 이동지원 안내,1인가구 건강·이사·마음 동행서비스 / 우리동네돌봄단 안부확인 / 중장년 취업사관학교·50+캠퍼스 연계 / 서울동행맵·마을버스 서비스 개선 활용,돌봄SOS 긴급돌봄·중장기 돌봄서비스 연계 / 9988 서울 프로젝트(리액트 라운지·시니어 동행상점) / 서울동행맵·저상버스·교통약자 이동지원 / 안심돌봄가정 확충 / 시니어 취업사관학교 5개소 연계,현행·지속 + 2026년 신규 시행 중 + 2026년 시행 예정 연계,2026.3 신규 시행·현재 시행 중 / 2026.3Q~4Q 예정,"동 중심 원스톱 통합돌봄(2026.3 신규 시행), 돌봄SOS(현행), 우리동네돌봄단(현행), 서울동행맵(현행·고도화 추진), 저상버스 확대(2026년 추진), 장애인콜택시 증차(2026년 추진), 바우처택시(현행), 1인가구 건강·이사·마음 동행서비스(2026년 통합지원)","서울동행맵 AI 음성 안내(2026년 3분기 예정), 서울동행맵 보행경로 내비게이션(2026년 4분기 예정), 9988 서울 프로젝트 리액트 센터(~2035년 중장기 조성)"
11250750,강일동,38.751823463892265,33.55813970073207,30.40104896630583,11.412432127356768,22.340425531914903,68.83291706413738,14.50356260023764,7.810650887573971,31.797487303408705,5.562130177514788,49.09956876331981,3,생활안정형,1.2953367875647668,3.278688524590164,1.8287107589149647,1,0,0,0,0,0,1,1형: 단일 결핍형,의료,"서울건강장수센터·방문건강관리, 자치구 마음상담소·심리상담바우처, 공공의료 접근성 안내",의료밀도 중앙값 미만,자치구 마음상담소·심리상담바우처 / 고립·은둔청년 온라인 진입 서비스 안내,행정정보 기반 위기가구 선제 발굴 / 자치구 마음상담소·심리상담바우처 / 손목닥터9988 우울·불안 자가검진 안내,서울건강장수센터·방문건강관리 연계 / 돌봄SOS 안내 / 손목닥터9988 우울·불안 자가검진 연계,현행·지속 + 2026년 확대 추진 중,2026년 확대 추진 중,"서울건강장수센터(2026년 33개소 확대), 방문건강관리(현행), 자치구 마음상담소(현행·확대), 심리상담바우처(현행·확대), 손목닥터9988(2026년 확대)","서울동행맵 AI 음성 안내(2026년 3분기 예정), 서울동행맵 보행경로 내비게이션(2026년 4분기 예정)"
11250760,상일1동,,,,,,,,,,,,-1,미분류,,,,0,0,0,0,0,0,0,0형: 인프라 양호형,없음,"외로움 없는 서울, 1인가구 맞춤형 지원, 마음건강서비스 안내 및 정기 모니터링",인프라 상대 양호,서울마음편의점·외로움 없는 서울 관계형성 프로그램 안내 / 정기 모니터링 / 365 서울챌린지·참여형 안부확인 적립금 연계,1인가구 건강·이사·마음 동행서비스 안내 / 정기 모니터링 / 365 서울챌린지·참여형 안부확인 적립금 연계,노인맞춤돌봄서비스 안내 / 9988 서울 프로젝트 정보 제공 / 정기 모니터링 / 365 서울챌린지·참여형 안부확인 적립금 연계 / 시니어 취업사관학교 5개소 연계,현행·지속 운영 + 정기 모니터링,2026년 지속,"외로움 없는 서울(현행·확대), 우리동네돌봄단(현행), 1인가구 건강·이사·마음 동행서비스(2026년 통합지원)",1인가구 지원 5개년 종합계획(2027~2031 수립 추진)
11250770,상일2동,,,,,,,,,,,,-1,미분류,,,,0,0,0,0,0,0,0,0형: 인프라 양호형,없음,"외로움 없는 서울, 1인가구 맞춤형 지원, 마음건강서비스 안내 및 정기 모니터링",인프라 상대 양호,서울마음편의점·외로움 없는 서울 관계형성 프로그램 안내 / 정기 모니터링 / 365 서울챌린지·참여형 안부확인 적립금 연계,1인가구 건강·이사·마음 동행서비스 안내 / 정기 모니터링 / 365 서울챌린지·참여형 안부확인 적립금 연계,노인맞춤돌봄서비스 안내 / 9988 서울 프로젝트 정보 제공 / 정기 모니터링 / 365 서울챌린지·참여형 안부확인 적립금 연계 / 시니어 취업사관학교 5개소 연계,현행·지속 운영 + 정기 모니터링,2026년 지속,"외로움 없는 서울(현행·확대), 우리동네돌봄단(현행), 1인가구 건강·이사·마음 동행서비스(2026년 통합지원)",1인가구 지원 5개년 종합계획(2027~2031 수립 추진)
